date,time,temperature,humidity,mq2_Smoke,mq5_CH4,mq5_LPG,mq7_CO,M_fire,M_gas,Warning_fire,Warning_gas,Detailed_Analysis_Fire,Detailed_Analysis_Gas,Mode,Relay1,Relay2,Relay3,Relay4,
3/11/2025,0:00:27,29.443,74.74,14.61726,24.99623,19.19953,14.14348,16.62053,0.9304,An toan,An toan,"Nhi?t ?? 29.4?C, ?? ?m 74.7%, Kh? CO th?p (14.1 ppm), M?c ch?y: An to?n","Kh? CH4 (25.0 ppm), LPG (19.2 ppm), CO (14.1 ppm), M?c kh? gas: An to?n",Auto,OFF,OFF,OFF,OFF,
3/11/2025,0:01:45,29.504,72.534,14.68235,26.97018,19.23109,14.67019,26.92478,0.59001,An toan,An toan,"Nhi?t ?? 29.5?C, ?? ?m 72.5%, Kh? CO th?p (14.7 ppm), M?c ch?y: An to?n","Kh? CH4 (27.0 ppm), LPG (19.2 ppm), CO (14.7 ppm), M?c kh? gas: An to?n",Auto,OFF,OFF,OFF,OFF,
3/11/2025,0:05:24,29.001,75.529,15.02645,25.74066,17.31235,13.29182,14.99516,0.49789,An toan,An toan,"Nhi?t ?? 29.0?C, ?? ?m 75.5%, Kh? CO th?p (13.3 ppm), M?c ch?y: An to?n","Kh? CH4 (25.7 ppm), LPG (17.3 ppm), CO (13.3 ppm), M?c kh? gas: An to?n",Auto,OFF,OFF,OFF,OFF,
3/11/2025,0:05:42,29.786,76.393,14.61721,25.83414,19.94418,14.00746,13.86805,0.71474,An toan,An toan,"Nhi?t ?? 29.8?C, ?? ?m 76.4%, Kh? CO th?p (14.0 ppm), M?c ch?y: An to?n","Kh? CH4 (25.8 ppm), LPG (19.9 ppm), CO (14.0 ppm), M?c kh? gas: An to?n",Auto,OFF,OFF,OFF,OFF,
3/11/2025,0:06:03,30.8,77.737,14.66215,25.98468,17.5176,14.86823,20.16452,0.75615,An toan,An toan,"Nhi?t ?? 30.8?C, ?? ?m 77.7%, Kh? CO th?p (14.9 ppm), M?c ch?y: An to?n","Kh? CH4 (26.0 ppm), LPG (17.5 ppm), CO (14.9 ppm), M?c kh? gas: An to?n",Auto,OFF,OFF,OFF,OFF,
3/11/2025,0:08:20,29.37,69.168,15.77709,24.52793,19.55177,13.4263,23.46014,0.20541,An toan,An toan,"Nhi?t ?? 29.4?C, ?? ?m 69.2%, Kh? CO th?p (13.4 ppm), M?c ch?y: An to?n","Kh? CH4 (24.5 ppm), LPG (19.6 ppm), CO (13.4 ppm), M?c kh? gas: An to?n",Auto,OFF,OFF,OFF,OFF,
3/11/2025,0:13:38,30.533,78.638,15.96289,26.9537,18.93188,13.28235,11.03266,0.90404,An toan,An toan,"Nhi?t ?? 30.5?C, ?? ?m 78.6%, Kh? CO th?p (13.3 ppm), M?c ch?y: An to?n","Kh? CH4 (27.0 ppm), LPG (18.9 ppm), CO (13.3 ppm), M?c kh? gas: An to?n",Auto,OFF,OFF,OFF,OFF,
3/11/2025,0:17:28,29.799,70.381,15.14071,25.08686,18.09663,14.55514,22.94463,0.7387,An toan,An toan,"Nhi?t ?? 29.8?C, ?? ?m 70.4%, Kh? CO th?p (14.6 ppm), M?c ch?y: An to?n","Kh? CH4 (25.1 ppm), LPG (18.1 ppm), CO (14.6 ppm), M?c kh? gas: An to?n",Auto,OFF,OFF,OFF,OFF,
3/11/2025,0:20:41,30.967,78.585,15.91361,26.36785,18.35607,14.10451,17.13411,0.67449,An toan,An toan,"Nhi?t ?? 31.0?C, ?? ?m 78.6%, Kh? CO th?p (14.1 ppm), M?c ch?y: An to?n","Kh? CH4 (26.4 ppm), LPG (18.4 ppm), CO (14.1 ppm), M?c kh? gas: An to?n",Auto,OFF,OFF,OFF,OFF,
3/11/2025,0:26:52,30.276,72.401,14.69747,25.64295,18.08478,13.05905,21.40718,0.36653,An toan,An toan,"Nhi?t ?? 30.3?C, ?? ?m 72.4%, Kh? CO th?p (13.1 ppm), M?c ch?y: An to?n","Kh? CH4 (25.6 ppm), LPG (18.1 ppm), CO (13.1 ppm), M?c kh? gas: An to?n",Auto,OFF,OFF,OFF,OFF,
3/11/2025,0:29:05,29.581,69.979,15.66033,26.53075,18.64908,13.31148,12.66672,0.97724,An toan,An toan,"Nhi?t ?? 29.6?C, ?? ?m 70.0%, Kh? CO th?p (13.3 ppm), M?c ch?y: An to?n","Kh? CH4 (26.5 ppm), LPG (18.6 ppm), CO (13.3 ppm), M?c kh? gas: An to?n",Auto,OFF,OFF,OFF,OFF,
3/11/2025,0:30:04,30.998,75.796,15.52825,26.94223,17.74301,13.53904,15.41586,0.25888,An toan,An toan,"Nhi?t ?? 31.0?C, ?? ?m 75.8%, Kh? CO th?p (13.5 ppm), M?c ch?y: An to?n","Kh? CH4 (26.9 ppm), LPG (17.7 ppm), CO (13.5 ppm), M?c kh? gas: An to?n",Auto,OFF,OFF,OFF,OFF,
3/11/2025,0:33:36,29.821,69.985,14.73588,25.36372,19.06884,13.3124,18.89766,0.31428,An toan,An toan,"Nhi?t ?? 29.8?C, ?? ?m 70.0%, Kh? CO th?p (13.3 ppm), M?c ch?y: An to?n","Kh? CH4 (25.4 ppm), LPG (19.1 ppm), CO (13.3 ppm), M?c kh? gas: An to?n",Auto,OFF,OFF,OFF,OFF,
3/11/2025,0:38:02,29.97,79.781,14.16512,24.62829,18.57739,14.28498,22.5517,0.68504,An toan,An toan,"Nhi?t ?? 30.0?C, ?? ?m 79.8%, Kh? CO th?p (14.3 ppm), M?c ch?y: An to?n","Kh? CH4 (24.6 ppm), LPG (18.6 ppm), CO (14.3 ppm), M?c kh? gas: An to?n",Auto,OFF,OFF,OFF,OFF,
3/11/2025,0:42:53,29.124,76.491,14.771,24.05526,17.58529,14.10186,16.85897,0.38345,An toan,An toan,"Nhi?t ?? 29.1?C, ?? ?m 76.5%, Kh? CO th?p (14.1 ppm), M?c ch?y: An to?n","Kh? CH4 (24.1 ppm), LPG (17.6 ppm), CO (14.1 ppm), M?c kh? gas: An to?n",Auto,OFF,OFF,OFF,OFF,
3/11/2025,0:43:10,29.864,76.194,14.94474,26.93018,17.2223,14.53421,24.47884,0.97551,An toan,An toan,"Nhi?t ?? 29.9?C, ?? ?m 76.2%, Kh? CO th?p (14.5 ppm), M?c ch?y: An to?n","Kh? CH4 (26.9 ppm), LPG (17.2 ppm), CO (14.5 ppm), M?c kh? gas: An to?n",Auto,OFF,OFF,OFF,OFF,
3/11/2025,0:49:23,29.59,75.564,14.73754,26.79701,19.61623,13.50015,11.44358,0.46018,An toan,An toan,"Nhi?t ?? 29.6?C, ?? ?m 75.6%, Kh? CO th?p (13.5 ppm), M?c ch?y: An to?n","Kh? CH4 (26.8 ppm), LPG (19.6 ppm), CO (13.5 ppm), M?c kh? gas: An to?n",Auto,OFF,OFF,OFF,OFF,
3/11/2025,0:49:33,30.435,72.945,15.9803,26.14025,18.72624,14.04403,20.47471,0.36363,An toan,An toan,"Nhi?t ?? 30.4?C, ?? ?m 72.9%, Kh? CO th?p (14.0 ppm), M?c ch?y: An to?n","Kh? CH4 (26.1 ppm), LPG (18.7 ppm), CO (14.0 ppm), M?c kh? gas: An to?n",Auto,OFF,OFF,OFF,OFF,
3/11/2025,0:49:48,29.662,73.974,14.89634,25.3131,18.02113,13.34333,24.39181,0.58047,An toan,An toan,"Nhi?t ?? 29.7?C, ?? ?m 74.0%, Kh? CO th?p (13.3 ppm), M?c ch?y: An to?n","Kh? CH4 (25.3 ppm), LPG (18.0 ppm), CO (13.3 ppm), M?c kh? gas: An to?n",Auto,OFF,OFF,OFF,OFF,
3/11/2025,0:54:41,30.569,74.167,14.3262,24.11886,19.5992,13.71425,25.11439,0.91068,An toan,An toan,"Nhi?t ?? 30.6?C, ?? ?m 74.2%, Kh? CO th?p (13.7 ppm), M?c ch?y: An to?n","Kh? CH4 (24.1 ppm), LPG (19.6 ppm), CO (13.7 ppm), M?c kh? gas: An to?n",Auto,OFF,OFF,OFF,OFF,
3/11/2025,1:00:28,29.55,69.187,15.72927,25.25605,17.04017,13.49859,27.87101,0.87562,An toan,An toan,"Nhi?t ?? 29.6?C, ?? ?m 69.2%, Kh? CO th?p (13.5 ppm), M?c ch?y: An to?n","Kh? CH4 (25.3 ppm), LPG (17.0 ppm), CO (13.5 ppm), M?c kh? gas: An to?n",Auto,OFF,OFF,OFF,OFF,
3/11/2025,1:05:35,30.923,76.695,14.92146,24.72075,18.10488,13.29864,19.58478,0.29765,An toan,An toan,"Nhi?t ?? 30.9?C, ?? ?m 76.7%, Kh? CO th?p (13.3 ppm), M?c ch?y: An to?n","Kh? CH4 (24.7 ppm), LPG (18.1 ppm), CO (13.3 ppm), M?c kh? gas: An to?n",Auto,OFF,OFF,OFF,OFF,
3/11/2025,1:05:44,30.912,78.226,15.52076,25.41311,17.62256,14.93252,18.31457,0.47843,An toan,An toan,"Nhi?t ?? 30.9?C, ?? ?m 78.2%, Kh? CO th?p (14.9 ppm), M?c ch?y: An to?n","Kh? CH4 (25.4 ppm), LPG (17.6 ppm), CO (14.9 ppm), M?c kh? gas: An to?n",Auto,OFF,OFF,OFF,OFF,
3/11/2025,1:05:54,29.268,73.33,15.20427,26.01486,17.48596,14.86781,28.86624,0.91918,An toan,An toan,"Nhi?t ?? 29.3?C, ?? ?m 73.3%, Kh? CO th?p (14.9 ppm), M?c ch?y: An to?n","Kh? CH4 (26.0 ppm), LPG (17.5 ppm), CO (14.9 ppm), M?c kh? gas: An to?n",Auto,OFF,OFF,OFF,OFF,
3/11/2025,1:05:57,30.078,79.358,15.59887,25.63256,18.66951,13.37693,23.28625,0.60798,An toan,An toan,"Nhi?t ?? 30.1?C, ?? ?m 79.4%, Kh? CO th?p (13.4 ppm), M?c ch?y: An to?n","Kh? CH4 (25.6 ppm), LPG (18.7 ppm), CO (13.4 ppm), M?c kh? gas: An to?n",Auto,OFF,OFF,OFF,OFF,
3/11/2025,1:09:52,30.352,71.669,14.24299,24.53321,18.57724,13.07651,29.31133,0.49565,An toan,An toan,"Nhi?t ?? 30.4?C, ?? ?m 71.7%, Kh? CO th?p (13.1 ppm), M?c ch?y: An to?n","Kh? CH4 (24.5 ppm), LPG (18.6 ppm), CO (13.1 ppm), M?c kh? gas: An to?n",Auto,OFF,OFF,OFF,OFF,
3/11/2025,1:10:14,30.731,79.589,15.79558,25.27498,17.71314,13.18593,18.72741,0.67742,An toan,An toan,"Nhi?t ?? 30.7?C, ?? ?m 79.6%, Kh? CO th?p (13.2 ppm), M?c ch?y: An to?n","Kh? CH4 (25.3 ppm), LPG (17.7 ppm), CO (13.2 ppm), M?c kh? gas: An to?n",Auto,OFF,OFF,OFF,OFF,
3/11/2025,1:18:30,30.566,71.285,15.42427,25.20128,17.01081,14.6258,13.98106,0.86394,An toan,An toan,"Nhi?t ?? 30.6?C, ?? ?m 71.3%, Kh? CO th?p (14.6 ppm), M?c ch?y: An to?n","Kh? CH4 (25.2 ppm), LPG (17.0 ppm), CO (14.6 ppm), M?c kh? gas: An to?n",Auto,OFF,OFF,OFF,OFF,
3/11/2025,1:21:28,29.308,71.411,15.14067,25.29798,18.57121,14.21912,26.31896,0.87354,An toan,An toan,"Nhi?t ?? 29.3?C, ?? ?m 71.4%, Kh? CO th?p (14.2 ppm), M?c ch?y: An to?n","Kh? CH4 (25.3 ppm), LPG (18.6 ppm), CO (14.2 ppm), M?c kh? gas: An to?n",Auto,OFF,OFF,OFF,OFF,
3/11/2025,1:23:43,30.092,75.401,14.20845,24.81215,19.94919,13.18194,21.60883,0.92179,An toan,An toan,"Nhi?t ?? 30.1?C, ?? ?m 75.4%, Kh? CO th?p (13.2 ppm), M?c ch?y: An to?n","Kh? CH4 (24.8 ppm), LPG (19.9 ppm), CO (13.2 ppm), M?c kh? gas: An to?n",Auto,OFF,OFF,OFF,OFF,
3/11/2025,1:27:49,30.665,77.177,15.85618,26.40119,18.76333,13.53318,10.50666,0.12154,An toan,An toan,"Nhi?t ?? 30.7?C, ?? ?m 77.2%, Kh? CO th?p (13.5 ppm), M?c ch?y: An to?n","Kh? CH4 (26.4 ppm), LPG (18.8 ppm), CO (13.5 ppm), M?c kh? gas: An to?n",Auto,OFF,OFF,OFF,OFF,
3/11/2025,1:28:11,30.224,75.402,15.13564,26.76604,18.60271,13.16959,27.57265,0.35572,An toan,An toan,"Nhi?t ?? 30.2?C, ?? ?m 75.4%, Kh? CO th?p (13.2 ppm), M?c ch?y: An to?n","Kh? CH4 (26.8 ppm), LPG (18.6 ppm), CO (13.2 ppm), M?c kh? gas: An to?n",Auto,OFF,OFF,OFF,OFF,
3/11/2025,1:41:06,29.319,76.58,14.54999,25.54916,19.21394,14.37831,13.71345,0.33464,An toan,An toan,"Nhi?t ?? 29.3?C, ?? ?m 76.6%, Kh? CO th?p (14.4 ppm), M?c ch?y: An to?n","Kh? CH4 (25.5 ppm), LPG (19.2 ppm), CO (14.4 ppm), M?c kh? gas: An to?n",Auto,OFF,OFF,OFF,OFF,
3/11/2025,1:42:05,30.368,78.023,14.23114,25.83834,19.08414,14.40838,11.59987,0.95638,An toan,An toan,"Nhi?t ?? 30.4?C, ?? ?m 78.0%, Kh? CO th?p (14.4 ppm), M?c ch?y: An to?n","Kh? CH4 (25.8 ppm), LPG (19.1 ppm), CO (14.4 ppm), M?c kh? gas: An to?n",Auto,OFF,OFF,OFF,OFF,
3/11/2025,1:43:58,30.901,79.198,14.80977,24.5346,18.20487,14.07079,21.7549,0.73929,An toan,An toan,"Nhi?t ?? 30.9?C, ?? ?m 79.2%, Kh? CO th?p (14.1 ppm), M?c ch?y: An to?n","Kh? CH4 (24.5 ppm), LPG (18.2 ppm), CO (14.1 ppm), M?c kh? gas: An to?n",Auto,OFF,OFF,OFF,OFF,
3/11/2025,1:44:42,30.973,73.591,15.64126,26.95524,19.81284,14.42981,22.3158,0.75991,An toan,An toan,"Nhi?t ?? 31.0?C, ?? ?m 73.6%, Kh? CO th?p (14.4 ppm), M?c ch?y: An to?n","Kh? CH4 (27.0 ppm), LPG (19.8 ppm), CO (14.4 ppm), M?c kh? gas: An to?n",Auto,OFF,OFF,OFF,OFF,
3/11/2025,1:54:39,29.345,73.557,15.88077,25.26205,19.40533,14.74694,28.2764,0.88802,An toan,An toan,"Nhi?t ?? 29.3?C, ?? ?m 73.6%, Kh? CO th?p (14.7 ppm), M?c ch?y: An to?n","Kh? CH4 (25.3 ppm), LPG (19.4 ppm), CO (14.7 ppm), M?c kh? gas: An to?n",Auto,OFF,OFF,OFF,OFF,
3/11/2025,1:56:27,29.035,76.083,15.62435,26.60979,18.23317,13.54315,26.21997,0.84841,An toan,An toan,"Nhi?t ?? 29.0?C, ?? ?m 76.1%, Kh? CO th?p (13.5 ppm), M?c ch?y: An to?n","Kh? CH4 (26.6 ppm), LPG (18.2 ppm), CO (13.5 ppm), M?c kh? gas: An to?n",Auto,OFF,OFF,OFF,OFF,
3/11/2025,1:59:47,30.884,76.022,15.34558,25.86063,18.33369,14.94132,23.23294,0.21861,An toan,An toan,"Nhi?t ?? 30.9?C, ?? ?m 76.0%, Kh? CO th?p (14.9 ppm), M?c ch?y: An to?n","Kh? CH4 (25.9 ppm), LPG (18.3 ppm), CO (14.9 ppm), M?c kh? gas: An to?n",Auto,OFF,OFF,OFF,OFF,
3/11/2025,1:59:48,29.672,78.735,14.66867,26.93759,19.84718,13.8695,16.40325,0.60357,An toan,An toan,"Nhi?t ?? 29.7?C, ?? ?m 78.7%, Kh? CO th?p (13.9 ppm), M?c ch?y: An to?n","Kh? CH4 (26.9 ppm), LPG (19.8 ppm), CO (13.9 ppm), M?c kh? gas: An to?n",Auto,OFF,OFF,OFF,OFF,
3/11/2025,2:01:41,30.077,72.645,14.55008,26.2151,18.88203,13.16015,17.3299,0.899,An toan,An toan,"Nhi?t ?? 30.1?C, ?? ?m 72.6%, Kh? CO th?p (13.2 ppm), M?c ch?y: An to?n","Kh? CH4 (26.2 ppm), LPG (18.9 ppm), CO (13.2 ppm), M?c kh? gas: An to?n",Auto,OFF,OFF,OFF,OFF,
3/11/2025,2:09:04,29.988,79.188,15.36398,24.21334,19.86278,14.32186,21.06178,0.24466,An toan,An toan,"Nhi?t ?? 30.0?C, ?? ?m 79.2%, Kh? CO th?p (14.3 ppm), M?c ch?y: An to?n","Kh? CH4 (24.2 ppm), LPG (19.9 ppm), CO (14.3 ppm), M?c kh? gas: An to?n",Auto,OFF,OFF,OFF,OFF,
3/11/2025,2:09:40,29.457,77.077,15.00849,26.73851,19.78693,13.94738,10.16813,0.52527,An toan,An toan,"Nhi?t ?? 29.5?C, ?? ?m 77.1%, Kh? CO th?p (13.9 ppm), M?c ch?y: An to?n","Kh? CH4 (26.7 ppm), LPG (19.8 ppm), CO (13.9 ppm), M?c kh? gas: An to?n",Auto,OFF,OFF,OFF,OFF,
3/11/2025,2:11:00,30.402,74.718,14.98616,24.54949,17.96175,13.34421,27.3679,0.29931,An toan,An toan,"Nhi?t ?? 30.4?C, ?? ?m 74.7%, Kh? CO th?p (13.3 ppm), M?c ch?y: An to?n","Kh? CH4 (24.5 ppm), LPG (18.0 ppm), CO (13.3 ppm), M?c kh? gas: An to?n",Auto,OFF,OFF,OFF,OFF,
3/11/2025,2:11:56,29.883,77.849,15.08843,24.44637,19.01841,14.99655,14.29533,0.30386,An toan,An toan,"Nhi?t ?? 29.9?C, ?? ?m 77.8%, Kh? CO th?p (15.0 ppm), M?c ch?y: An to?n","Kh? CH4 (24.4 ppm), LPG (19.0 ppm), CO (15.0 ppm), M?c kh? gas: An to?n",Auto,OFF,OFF,OFF,OFF,
3/11/2025,2:25:53,29.723,74.761,15.643,25.3012,18.7484,13.70306,27.62021,0.18091,An toan,An toan,"Nhi?t ?? 29.7?C, ?? ?m 74.8%, Kh? CO th?p (13.7 ppm), M?c ch?y: An to?n","Kh? CH4 (25.3 ppm), LPG (18.7 ppm), CO (13.7 ppm), M?c kh? gas: An to?n",Auto,OFF,OFF,OFF,OFF,
3/11/2025,2:31:08,30.659,75.354,15.32849,26.29679,19.46652,14.18932,11.46641,0.61269,An toan,An toan,"Nhi?t ?? 30.7?C, ?? ?m 75.4%, Kh? CO th?p (14.2 ppm), M?c ch?y: An to?n","Kh? CH4 (26.3 ppm), LPG (19.5 ppm), CO (14.2 ppm), M?c kh? gas: An to?n",Auto,OFF,OFF,OFF,OFF,
3/11/2025,2:35:10,30.37,75.737,15.08406,24.94435,19.76715,14.77951,17.69801,0.16825,An toan,An toan,"Nhi?t ?? 30.4?C, ?? ?m 75.7%, Kh? CO th?p (14.8 ppm), M?c ch?y: An to?n","Kh? CH4 (24.9 ppm), LPG (19.8 ppm), CO (14.8 ppm), M?c kh? gas: An to?n",Auto,OFF,OFF,OFF,OFF,
3/11/2025,2:37:00,30.906,69.578,15.58417,25.73956,17.28342,14.38094,23.47569,0.11942,An toan,An toan,"Nhi?t ?? 30.9?C, ?? ?m 69.6%, Kh? CO th?p (14.4 ppm), M?c ch?y: An to?n","Kh? CH4 (25.7 ppm), LPG (17.3 ppm), CO (14.4 ppm), M?c kh? gas: An to?n",Auto,OFF,OFF,OFF,OFF,
3/11/2025,2:37:04,30.941,69.169,14.69178,24.37047,18.30394,13.6625,12.20214,0.51823,An toan,An toan,"Nhi?t ?? 30.9?C, ?? ?m 69.2%, Kh? CO th?p (13.7 ppm), M?c ch?y: An to?n","Kh? CH4 (24.4 ppm), LPG (18.3 ppm), CO (13.7 ppm), M?c kh? gas: An to?n",Auto,OFF,OFF,OFF,OFF,
3/11/2025,2:41:22,30.638,69.303,14.58153,26.63692,19.64906,14.55522,23.55782,0.54211,An toan,An toan,"Nhi?t ?? 30.6?C, ?? ?m 69.3%, Kh? CO th?p (14.6 ppm), M?c ch?y: An to?n","Kh? CH4 (26.6 ppm), LPG (19.6 ppm), CO (14.6 ppm), M?c kh? gas: An to?n",Auto,OFF,OFF,OFF,OFF,
3/11/2025,2:41:35,30.631,72.575,14.86751,25.4924,19.46282,13.71003,16.67497,0.9358,An toan,An toan,"Nhi?t ?? 30.6?C, ?? ?m 72.6%, Kh? CO th?p (13.7 ppm), M?c ch?y: An to?n","Kh? CH4 (25.5 ppm), LPG (19.5 ppm), CO (13.7 ppm), M?c kh? gas: An to?n",Auto,OFF,OFF,OFF,OFF,
3/11/2025,2:46:24,29.812,69.834,15.35196,25.16825,18.53645,13.25576,19.28296,0.94456,An toan,An toan,"Nhi?t ?? 29.8?C, ?? ?m 69.8%, Kh? CO th?p (13.3 ppm), M?c ch?y: An to?n","Kh? CH4 (25.2 ppm), LPG (18.5 ppm), CO (13.3 ppm), M?c kh? gas: An to?n",Auto,OFF,OFF,OFF,OFF,
3/11/2025,2:51:37,30.698,69.81,14.43802,24.92316,19.99967,13.82814,24.9085,0.82534,An toan,An toan,"Nhi?t ?? 30.7?C, ?? ?m 69.8%, Kh? CO th?p (13.8 ppm), M?c ch?y: An to?n","Kh? CH4 (24.9 ppm), LPG (20.0 ppm), CO (13.8 ppm), M?c kh? gas: An to?n",Auto,OFF,OFF,OFF,OFF,
3/11/2025,2:52:23,29.737,69.719,14.08026,24.63491,19.73496,13.80431,18.02876,0.51326,An toan,An toan,"Nhi?t ?? 29.7?C, ?? ?m 69.7%, Kh? CO th?p (13.8 ppm), M?c ch?y: An to?n","Kh? CH4 (24.6 ppm), LPG (19.7 ppm), CO (13.8 ppm), M?c kh? gas: An to?n",Auto,OFF,OFF,OFF,OFF,
3/11/2025,2:53:53,30.507,75.02,15.60141,24.75808,17.41134,13.52631,22.30578,0.9564,An toan,An toan,"Nhi?t ?? 30.5?C, ?? ?m 75.0%, Kh? CO th?p (13.5 ppm), M?c ch?y: An to?n","Kh? CH4 (24.8 ppm), LPG (17.4 ppm), CO (13.5 ppm), M?c kh? gas: An to?n",Auto,OFF,OFF,OFF,OFF,
3/11/2025,2:54:33,29.032,76.024,15.74329,24.038,19.97366,13.70157,14.77565,0.14194,An toan,An toan,"Nhi?t ?? 29.0?C, ?? ?m 76.0%, Kh? CO th?p (13.7 ppm), M?c ch?y: An to?n","Kh? CH4 (24.0 ppm), LPG (20.0 ppm), CO (13.7 ppm), M?c kh? gas: An to?n",Auto,OFF,OFF,OFF,OFF,
3/11/2025,2:58:15,30.519,70.88,15.14315,26.05343,18.65479,13.99258,10.24438,0.92585,An toan,An toan,"Nhi?t ?? 30.5?C, ?? ?m 70.9%, Kh? CO th?p (14.0 ppm), M?c ch?y: An to?n","Kh? CH4 (26.1 ppm), LPG (18.7 ppm), CO (14.0 ppm), M?c kh? gas: An to?n",Auto,OFF,OFF,OFF,OFF,
3/11/2025,2:58:27,29.191,75.573,15.657,25.32035,19.10655,14.32682,27.63937,0.32691,An toan,An toan,"Nhi?t ?? 29.2?C, ?? ?m 75.6%, Kh? CO th?p (14.3 ppm), M?c ch?y: An to?n","Kh? CH4 (25.3 ppm), LPG (19.1 ppm), CO (14.3 ppm), M?c kh? gas: An to?n",Auto,OFF,OFF,OFF,OFF,
3/11/2025,2:59:05,29.029,72.841,14.76601,25.83722,19.39019,14.98679,16.99413,0.61452,An toan,An toan,"Nhi?t ?? 29.0?C, ?? ?m 72.8%, Kh? CO th?p (15.0 ppm), M?c ch?y: An to?n","Kh? CH4 (25.8 ppm), LPG (19.4 ppm), CO (15.0 ppm), M?c kh? gas: An to?n",Auto,OFF,OFF,OFF,OFF,
3/11/2025,3:01:34,29.939,76.227,15.93456,25.92248,17.69426,13.14834,13.58072,0.96983,An toan,An toan,"Nhi?t ?? 29.9?C, ?? ?m 76.2%, Kh? CO th?p (13.1 ppm), M?c ch?y: An to?n","Kh? CH4 (25.9 ppm), LPG (17.7 ppm), CO (13.1 ppm), M?c kh? gas: An to?n",Auto,OFF,OFF,OFF,OFF,
3/11/2025,3:01:42,29.285,76.089,14.62253,24.62373,19.44483,13.04018,16.30632,0.85282,An toan,An toan,"Nhi?t ?? 29.3?C, ?? ?m 76.1%, Kh? CO th?p (13.0 ppm), M?c ch?y: An to?n","Kh? CH4 (24.6 ppm), LPG (19.4 ppm), CO (13.0 ppm), M?c kh? gas: An to?n",Auto,OFF,OFF,OFF,OFF,
3/11/2025,3:02:37,29.812,70.056,14.37558,25.06154,18.95976,13.82641,18.42683,0.72482,An toan,An toan,"Nhi?t ?? 29.8?C, ?? ?m 70.1%, Kh? CO th?p (13.8 ppm), M?c ch?y: An to?n","Kh? CH4 (25.1 ppm), LPG (19.0 ppm), CO (13.8 ppm), M?c kh? gas: An to?n",Auto,OFF,OFF,OFF,OFF,
3/11/2025,3:03:52,30.903,71.042,14.66845,25.79731,18.31528,13.06926,15.20606,0.18661,An toan,An toan,"Nhi?t ?? 30.9?C, ?? ?m 71.0%, Kh? CO th?p (13.1 ppm), M?c ch?y: An to?n","Kh? CH4 (25.8 ppm), LPG (18.3 ppm), CO (13.1 ppm), M?c kh? gas: An to?n",Auto,OFF,OFF,OFF,OFF,
3/11/2025,3:05:45,30.122,69.681,15.74709,26.65743,19.0066,14.31805,12.43595,0.2547,An toan,An toan,"Nhi?t ?? 30.1?C, ?? ?m 69.7%, Kh? CO th?p (14.3 ppm), M?c ch?y: An to?n","Kh? CH4 (26.7 ppm), LPG (19.0 ppm), CO (14.3 ppm), M?c kh? gas: An to?n",Auto,OFF,OFF,OFF,OFF,
3/11/2025,3:08:05,30.826,75.91,14.81248,24.40607,18.39189,14.23479,28.79869,0.98342,An toan,An toan,"Nhi?t ?? 30.8?C, ?? ?m 75.9%, Kh? CO th?p (14.2 ppm), M?c ch?y: An to?n","Kh? CH4 (24.4 ppm), LPG (18.4 ppm), CO (14.2 ppm), M?c kh? gas: An to?n",Auto,OFF,OFF,OFF,OFF,
3/11/2025,3:09:02,30.118,73.394,15.74057,26.03219,18.86935,13.79117,25.07784,0.36846,An toan,An toan,"Nhi?t ?? 30.1?C, ?? ?m 73.4%, Kh? CO th?p (13.8 ppm), M?c ch?y: An to?n","Kh? CH4 (26.0 ppm), LPG (18.9 ppm), CO (13.8 ppm), M?c kh? gas: An to?n",Auto,OFF,OFF,OFF,OFF,
3/11/2025,3:12:17,30.254,75.475,14.22533,24.2459,17.33132,13.95505,24.59288,0.42183,An toan,An toan,"Nhi?t ?? 30.3?C, ?? ?m 75.5%, Kh? CO th?p (14.0 ppm), M?c ch?y: An to?n","Kh? CH4 (24.2 ppm), LPG (17.3 ppm), CO (14.0 ppm), M?c kh? gas: An to?n",Auto,OFF,OFF,OFF,OFF,
3/11/2025,3:12:19,30.089,78.946,14.45499,26.23675,18.68428,14.47137,17.58706,0.74064,An toan,An toan,"Nhi?t ?? 30.1?C, ?? ?m 78.9%, Kh? CO th?p (14.5 ppm), M?c ch?y: An to?n","Kh? CH4 (26.2 ppm), LPG (18.7 ppm), CO (14.5 ppm), M?c kh? gas: An to?n",Auto,OFF,OFF,OFF,OFF,
3/11/2025,3:21:47,30.968,73.963,14.56048,24.09953,18.39729,14.27335,28.28633,0.16213,An toan,An toan,"Nhi?t ?? 31.0?C, ?? ?m 74.0%, Kh? CO th?p (14.3 ppm), M?c ch?y: An to?n","Kh? CH4 (24.1 ppm), LPG (18.4 ppm), CO (14.3 ppm), M?c kh? gas: An to?n",Auto,OFF,OFF,OFF,OFF,
3/11/2025,3:26:16,29.045,74.351,14.60827,24.43729,17.81225,14.12477,25.27055,0.25856,An toan,An toan,"Nhi?t ?? 29.0?C, ?? ?m 74.4%, Kh? CO th?p (14.1 ppm), M?c ch?y: An to?n","Kh? CH4 (24.4 ppm), LPG (17.8 ppm), CO (14.1 ppm), M?c kh? gas: An to?n",Auto,OFF,OFF,OFF,OFF,
3/11/2025,3:27:31,29.04,73.958,15.76564,26.43306,18.62684,13.94437,12.3369,0.38631,An toan,An toan,"Nhi?t ?? 29.0?C, ?? ?m 74.0%, Kh? CO th?p (13.9 ppm), M?c ch?y: An to?n","Kh? CH4 (26.4 ppm), LPG (18.6 ppm), CO (13.9 ppm), M?c kh? gas: An to?n",Auto,OFF,OFF,OFF,OFF,
3/11/2025,3:30:01,30.754,79.379,14.09603,26.67545,18.16469,14.17345,17.40775,0.14487,An toan,An toan,"Nhi?t ?? 30.8?C, ?? ?m 79.4%, Kh? CO th?p (14.2 ppm), M?c ch?y: An to?n","Kh? CH4 (26.7 ppm), LPG (18.2 ppm), CO (14.2 ppm), M?c kh? gas: An to?n",Auto,OFF,OFF,OFF,OFF,
3/11/2025,3:33:07,29.574,74.816,14.38473,25.27297,19.74445,13.44962,29.28685,0.30362,An toan,An toan,"Nhi?t ?? 29.6?C, ?? ?m 74.8%, Kh? CO th?p (13.4 ppm), M?c ch?y: An to?n","Kh? CH4 (25.3 ppm), LPG (19.7 ppm), CO (13.4 ppm), M?c kh? gas: An to?n",Auto,OFF,OFF,OFF,OFF,
3/11/2025,3:37:32,30.497,78.79,14.63519,26.73415,19.39068,13.22131,13.85493,0.30581,An toan,An toan,"Nhi?t ?? 30.5?C, ?? ?m 78.8%, Kh? CO th?p (13.2 ppm), M?c ch?y: An to?n","Kh? CH4 (26.7 ppm), LPG (19.4 ppm), CO (13.2 ppm), M?c kh? gas: An to?n",Auto,OFF,OFF,OFF,OFF,
3/11/2025,3:40:30,29.961,71.932,14.44117,26.11339,19.91103,14.09422,22.35271,0.40949,An toan,An toan,"Nhi?t ?? 30.0?C, ?? ?m 71.9%, Kh? CO th?p (14.1 ppm), M?c ch?y: An to?n","Kh? CH4 (26.1 ppm), LPG (19.9 ppm), CO (14.1 ppm), M?c kh? gas: An to?n",Auto,OFF,OFF,OFF,OFF,
3/11/2025,3:45:23,29.785,79.253,15.32971,26.35392,18.8248,14.04695,28.08042,0.39842,An toan,An toan,"Nhi?t ?? 29.8?C, ?? ?m 79.3%, Kh? CO th?p (14.0 ppm), M?c ch?y: An to?n","Kh? CH4 (26.4 ppm), LPG (18.8 ppm), CO (14.0 ppm), M?c kh? gas: An to?n",Auto,OFF,OFF,OFF,OFF,
3/11/2025,3:45:27,29.137,69.269,15.94328,24.40408,18.15287,13.54041,18.33223,0.55127,An toan,An toan,"Nhi?t ?? 29.1?C, ?? ?m 69.3%, Kh? CO th?p (13.5 ppm), M?c ch?y: An to?n","Kh? CH4 (24.4 ppm), LPG (18.2 ppm), CO (13.5 ppm), M?c kh? gas: An to?n",Auto,OFF,OFF,OFF,OFF,
3/11/2025,3:56:02,29.555,70.904,14.69916,25.25213,19.66832,14.06838,25.5184,0.90664,An toan,An toan,"Nhi?t ?? 29.6?C, ?? ?m 70.9%, Kh? CO th?p (14.1 ppm), M?c ch?y: An to?n","Kh? CH4 (25.3 ppm), LPG (19.7 ppm), CO (14.1 ppm), M?c kh? gas: An to?n",Auto,OFF,OFF,OFF,OFF,
3/11/2025,3:58:21,29.258,77.998,14.11286,25.70479,17.07283,14.03333,28.52105,0.3034,An toan,An toan,"Nhi?t ?? 29.3?C, ?? ?m 78.0%, Kh? CO th?p (14.0 ppm), M?c ch?y: An to?n","Kh? CH4 (25.7 ppm), LPG (17.1 ppm), CO (14.0 ppm), M?c kh? gas: An to?n",Auto,OFF,OFF,OFF,OFF,
3/11/2025,4:01:41,30.11,69.213,14.43997,24.89034,18.63257,14.00221,23.51491,0.24661,An toan,An toan,"Nhi?t ?? 30.1?C, ?? ?m 69.2%, Kh? CO th?p (14.0 ppm), M?c ch?y: An to?n","Kh? CH4 (24.9 ppm), LPG (18.6 ppm), CO (14.0 ppm), M?c kh? gas: An to?n",Auto,OFF,OFF,OFF,OFF,
3/11/2025,4:03:22,29.966,70.33,15.92889,26.87569,17.17679,14.19182,26.73437,0.5866,An toan,An toan,"Nhi?t ?? 30.0?C, ?? ?m 70.3%, Kh? CO th?p (14.2 ppm), M?c ch?y: An to?n","Kh? CH4 (26.9 ppm), LPG (17.2 ppm), CO (14.2 ppm), M?c kh? gas: An to?n",Auto,OFF,OFF,OFF,OFF,
3/11/2025,4:06:19,29.961,76.403,14.11776,24.1039,18.59035,13.45777,15.95546,0.60454,An toan,An toan,"Nhi?t ?? 30.0?C, ?? ?m 76.4%, Kh? CO th?p (13.5 ppm), M?c ch?y: An to?n","Kh? CH4 (24.1 ppm), LPG (18.6 ppm), CO (13.5 ppm), M?c kh? gas: An to?n",Auto,OFF,OFF,OFF,OFF,
3/11/2025,4:07:00,29.452,79.118,14.11036,24.70978,17.95814,13.84003,13.84306,0.44827,An toan,An toan,"Nhi?t ?? 29.5?C, ?? ?m 79.1%, Kh? CO th?p (13.8 ppm), M?c ch?y: An to?n","Kh? CH4 (24.7 ppm), LPG (18.0 ppm), CO (13.8 ppm), M?c kh? gas: An to?n",Auto,OFF,OFF,OFF,OFF,
3/11/2025,4:13:55,29.698,71.225,14.18111,24.52238,18.99187,13.80078,12.0967,0.90615,An toan,An toan,"Nhi?t ?? 29.7?C, ?? ?m 71.2%, Kh? CO th?p (13.8 ppm), M?c ch?y: An to?n","Kh? CH4 (24.5 ppm), LPG (19.0 ppm), CO (13.8 ppm), M?c kh? gas: An to?n",Auto,OFF,OFF,OFF,OFF,
3/11/2025,4:15:33,30.417,70.544,15.8114,24.43068,19.267,13.37596,13.00551,0.39153,An toan,An toan,"Nhi?t ?? 30.4?C, ?? ?m 70.5%, Kh? CO th?p (13.4 ppm), M?c ch?y: An to?n","Kh? CH4 (24.4 ppm), LPG (19.3 ppm), CO (13.4 ppm), M?c kh? gas: An to?n",Auto,OFF,OFF,OFF,OFF,
3/11/2025,4:20:34,30.457,78.033,14.20704,25.27828,18.07184,14.09823,15.94726,0.13725,An toan,An toan,"Nhi?t ?? 30.5?C, ?? ?m 78.0%, Kh? CO th?p (14.1 ppm), M?c ch?y: An to?n","Kh? CH4 (25.3 ppm), LPG (18.1 ppm), CO (14.1 ppm), M?c kh? gas: An to?n",Auto,OFF,OFF,OFF,OFF,
3/11/2025,4:23:08,29.614,77.808,14.09212,25.65278,17.09398,13.21309,12.96049,0.80307,An toan,An toan,"Nhi?t ?? 29.6?C, ?? ?m 77.8%, Kh? CO th?p (13.2 ppm), M?c ch?y: An to?n","Kh? CH4 (25.7 ppm), LPG (17.1 ppm), CO (13.2 ppm), M?c kh? gas: An to?n",Auto,OFF,OFF,OFF,OFF,
3/11/2025,4:30:19,30.748,75.754,14.34225,25.44238,18.73529,13.71391,22.19862,0.3474,An toan,An toan,"Nhi?t ?? 30.7?C, ?? ?m 75.8%, Kh? CO th?p (13.7 ppm), M?c ch?y: An to?n","Kh? CH4 (25.4 ppm), LPG (18.7 ppm), CO (13.7 ppm), M?c kh? gas: An to?n",Auto,OFF,OFF,OFF,OFF,
3/11/2025,4:32:25,29.9,73.348,15.05879,24.58592,19.94222,14.19796,14.81994,0.32326,An toan,An toan,"Nhi?t ?? 29.9?C, ?? ?m 73.3%, Kh? CO th?p (14.2 ppm), M?c ch?y: An to?n","Kh? CH4 (24.6 ppm), LPG (19.9 ppm), CO (14.2 ppm), M?c kh? gas: An to?n",Auto,OFF,OFF,OFF,OFF,
3/11/2025,4:34:57,30.43,77.341,14.15165,24.55481,17.42378,14.65595,14.1284,0.4282,An toan,An toan,"Nhi?t ?? 30.4?C, ?? ?m 77.3%, Kh? CO th?p (14.7 ppm), M?c ch?y: An to?n","Kh? CH4 (24.6 ppm), LPG (17.4 ppm), CO (14.7 ppm), M?c kh? gas: An to?n",Auto,OFF,OFF,OFF,OFF,
3/11/2025,4:35:47,30.576,71.289,15.97585,24.95486,19.19954,14.90146,11.39847,0.50364,An toan,An toan,"Nhi?t ?? 30.6?C, ?? ?m 71.3%, Kh? CO th?p (14.9 ppm), M?c ch?y: An to?n","Kh? CH4 (25.0 ppm), LPG (19.2 ppm), CO (14.9 ppm), M?c kh? gas: An to?n",Auto,OFF,OFF,OFF,OFF,
3/11/2025,4:36:34,29.966,75.61,15.41884,25.31918,18.01583,14.72151,27.56588,0.99766,An toan,An toan,"Nhi?t ?? 30.0?C, ?? ?m 75.6%, Kh? CO th?p (14.7 ppm), M?c ch?y: An to?n","Kh? CH4 (25.3 ppm), LPG (18.0 ppm), CO (14.7 ppm), M?c kh? gas: An to?n",Auto,OFF,OFF,OFF,OFF,
3/11/2025,4:40:39,30.014,77.205,14.82237,26.9763,17.82393,13.69871,22.17248,0.55164,An toan,An toan,"Nhi?t ?? 30.0?C, ?? ?m 77.2%, Kh? CO th?p (13.7 ppm), M?c ch?y: An to?n","Kh? CH4 (27.0 ppm), LPG (17.8 ppm), CO (13.7 ppm), M?c kh? gas: An to?n",Auto,OFF,OFF,OFF,OFF,
3/11/2025,4:41:39,29.109,79.266,14.45887,25.22468,17.50355,13.24922,10.46169,0.50332,An toan,An toan,"Nhi?t ?? 29.1?C, ?? ?m 79.3%, Kh? CO th?p (13.2 ppm), M?c ch?y: An to?n","Kh? CH4 (25.2 ppm), LPG (17.5 ppm), CO (13.2 ppm), M?c kh? gas: An to?n",Auto,OFF,OFF,OFF,OFF,
3/11/2025,4:45:26,30.657,75.838,15.47937,24.30135,19.10669,14.0868,21.45341,0.43195,An toan,An toan,"Nhi?t ?? 30.7?C, ?? ?m 75.8%, Kh? CO th?p (14.1 ppm), M?c ch?y: An to?n","Kh? CH4 (24.3 ppm), LPG (19.1 ppm), CO (14.1 ppm), M?c kh? gas: An to?n",Auto,OFF,OFF,OFF,OFF,
3/11/2025,4:48:15,29.292,72.184,15.52308,24.21638,17.91331,14.98368,27.54023,0.99018,An toan,An toan,"Nhi?t ?? 29.3?C, ?? ?m 72.2%, Kh? CO th?p (15.0 ppm), M?c ch?y: An to?n","Kh? CH4 (24.2 ppm), LPG (17.9 ppm), CO (15.0 ppm), M?c kh? gas: An to?n",Auto,OFF,OFF,OFF,OFF,
3/11/2025,4:49:08,30.474,74.367,15.9904,26.65378,19.39603,13.92358,13.70638,0.67008,An toan,An toan,"Nhi?t ?? 30.5?C, ?? ?m 74.4%, Kh? CO th?p (13.9 ppm), M?c ch?y: An to?n","Kh? CH4 (26.7 ppm), LPG (19.4 ppm), CO (13.9 ppm), M?c kh? gas: An to?n",Auto,OFF,OFF,OFF,OFF,
3/11/2025,4:51:17,29.624,77.317,14.46013,26.57346,18.27323,14.39837,21.60262,0.87222,An toan,An toan,"Nhi?t ?? 29.6?C, ?? ?m 77.3%, Kh? CO th?p (14.4 ppm), M?c ch?y: An to?n","Kh? CH4 (26.6 ppm), LPG (18.3 ppm), CO (14.4 ppm), M?c kh? gas: An to?n",Auto,OFF,OFF,OFF,OFF,
3/11/2025,4:58:35,30.77,74.338,14.94644,26.96524,17.04853,13.46645,24.48845,0.89055,An toan,An toan,"Nhi?t ?? 30.8?C, ?? ?m 74.3%, Kh? CO th?p (13.5 ppm), M?c ch?y: An to?n","Kh? CH4 (27.0 ppm), LPG (17.0 ppm), CO (13.5 ppm), M?c kh? gas: An to?n",Auto,OFF,OFF,OFF,OFF,
3/11/2025,5:00:30,30.621,75.205,14.96815,25.55049,17.75245,13.6751,23.35229,0.67654,An toan,An toan,"Nhi?t ?? 30.6?C, ?? ?m 75.2%, Kh? CO th?p (13.7 ppm), M?c ch?y: An to?n","Kh? CH4 (25.6 ppm), LPG (17.8 ppm), CO (13.7 ppm), M?c kh? gas: An to?n",Auto,OFF,OFF,OFF,OFF,
3/11/2025,5:03:53,30.39,69.751,15.7474,25.93676,17.06658,13.10232,10.99044,0.16113,An toan,An toan,"Nhi?t ?? 30.4?C, ?? ?m 69.8%, Kh? CO th?p (13.1 ppm), M?c ch?y: An to?n","Kh? CH4 (25.9 ppm), LPG (17.1 ppm), CO (13.1 ppm), M?c kh? gas: An to?n",Auto,OFF,OFF,OFF,OFF,
3/11/2025,5:05:03,30.862,71.448,15.91589,25.81867,19.62542,14.82765,12.37345,0.45252,An toan,An toan,"Nhi?t ?? 30.9?C, ?? ?m 71.4%, Kh? CO th?p (14.8 ppm), M?c ch?y: An to?n","Kh? CH4 (25.8 ppm), LPG (19.6 ppm), CO (14.8 ppm), M?c kh? gas: An to?n",Auto,OFF,OFF,OFF,OFF,
3/11/2025,5:05:22,30.103,77.144,14.35645,24.28985,17.23596,13.87368,15.71027,0.44565,An toan,An toan,"Nhi?t ?? 30.1?C, ?? ?m 77.1%, Kh? CO th?p (13.9 ppm), M?c ch?y: An to?n","Kh? CH4 (24.3 ppm), LPG (17.2 ppm), CO (13.9 ppm), M?c kh? gas: An to?n",Auto,OFF,OFF,OFF,OFF,
3/11/2025,5:06:47,30.5,72.998,14.04781,24.5071,17.28901,14.62696,28.72986,0.70343,An toan,An toan,"Nhi?t ?? 30.5?C, ?? ?m 73.0%, Kh? CO th?p (14.6 ppm), M?c ch?y: An to?n","Kh? CH4 (24.5 ppm), LPG (17.3 ppm), CO (14.6 ppm), M?c kh? gas: An to?n",Auto,OFF,OFF,OFF,OFF,
3/11/2025,5:09:05,29.608,79.046,14.86901,24.90047,18.93932,14.18356,15.08471,0.52444,An toan,An toan,"Nhi?t ?? 29.6?C, ?? ?m 79.0%, Kh? CO th?p (14.2 ppm), M?c ch?y: An to?n","Kh? CH4 (24.9 ppm), LPG (18.9 ppm), CO (14.2 ppm), M?c kh? gas: An to?n",Auto,OFF,OFF,OFF,OFF,
3/11/2025,5:12:43,29.272,74.812,15.45357,24.45101,18.98319,13.33606,17.46616,0.78826,An toan,An toan,"Nhi?t ?? 29.3?C, ?? ?m 74.8%, Kh? CO th?p (13.3 ppm), M?c ch?y: An to?n","Kh? CH4 (24.5 ppm), LPG (19.0 ppm), CO (13.3 ppm), M?c kh? gas: An to?n",Auto,OFF,OFF,OFF,OFF,
3/11/2025,5:13:23,30.9,78.31,14.747,25.80235,19.76491,14.80668,10.03433,0.44848,An toan,An toan,"Nhi?t ?? 30.9?C, ?? ?m 78.3%, Kh? CO th?p (14.8 ppm), M?c ch?y: An to?n","Kh? CH4 (25.8 ppm), LPG (19.8 ppm), CO (14.8 ppm), M?c kh? gas: An to?n",Auto,OFF,OFF,OFF,OFF,
3/11/2025,5:18:11,29.999,73.56,15.78918,26.97391,18.01898,13.47922,19.9272,0.66087,An toan,An toan,"Nhi?t ?? 30.0?C, ?? ?m 73.6%, Kh? CO th?p (13.5 ppm), M?c ch?y: An to?n","Kh? CH4 (27.0 ppm), LPG (18.0 ppm), CO (13.5 ppm), M?c kh? gas: An to?n",Auto,OFF,OFF,OFF,OFF,
3/11/2025,5:19:39,29.35,70.001,14.46859,24.17475,17.45378,14.34147,15.08236,0.8537,An toan,An toan,"Nhi?t ?? 29.4?C, ?? ?m 70.0%, Kh? CO th?p (14.3 ppm), M?c ch?y: An to?n","Kh? CH4 (24.2 ppm), LPG (17.5 ppm), CO (14.3 ppm), M?c kh? gas: An to?n",Auto,OFF,OFF,OFF,OFF,
3/11/2025,5:32:39,29.391,76.696,14.90254,24.89541,18.9763,13.11144,26.98836,0.37989,An toan,An toan,"Nhi?t ?? 29.4?C, ?? ?m 76.7%, Kh? CO th?p (13.1 ppm), M?c ch?y: An to?n","Kh? CH4 (24.9 ppm), LPG (19.0 ppm), CO (13.1 ppm), M?c kh? gas: An to?n",Auto,OFF,OFF,OFF,OFF,
3/11/2025,5:36:11,30.333,71.053,15.39309,26.17512,18.52147,14.21297,26.19343,0.59092,An toan,An toan,"Nhi?t ?? 30.3?C, ?? ?m 71.1%, Kh? CO th?p (14.2 ppm), M?c ch?y: An to?n","Kh? CH4 (26.2 ppm), LPG (18.5 ppm), CO (14.2 ppm), M?c kh? gas: An to?n",Auto,OFF,OFF,OFF,OFF,
3/11/2025,5:36:25,29.357,69.416,14.20862,24.13515,18.96907,14.63373,18.52268,0.97446,An toan,An toan,"Nhi?t ?? 29.4?C, ?? ?m 69.4%, Kh? CO th?p (14.6 ppm), M?c ch?y: An to?n","Kh? CH4 (24.1 ppm), LPG (19.0 ppm), CO (14.6 ppm), M?c kh? gas: An to?n",Auto,OFF,OFF,OFF,OFF,
3/11/2025,5:39:41,29.615,71.152,15.89532,24.69977,19.25697,14.30282,28.00987,0.71809,An toan,An toan,"Nhi?t ?? 29.6?C, ?? ?m 71.2%, Kh? CO th?p (14.3 ppm), M?c ch?y: An to?n","Kh? CH4 (24.7 ppm), LPG (19.3 ppm), CO (14.3 ppm), M?c kh? gas: An to?n",Auto,OFF,OFF,OFF,OFF,
3/11/2025,5:45:06,30.383,70.018,14.43227,26.04087,19.98595,13.53118,15.23408,0.76876,An toan,An toan,"Nhi?t ?? 30.4?C, ?? ?m 70.0%, Kh? CO th?p (13.5 ppm), M?c ch?y: An to?n","Kh? CH4 (26.0 ppm), LPG (20.0 ppm), CO (13.5 ppm), M?c kh? gas: An to?n",Auto,OFF,OFF,OFF,OFF,
3/11/2025,5:54:24,29.866,76.999,15.56906,26.8421,17.28145,13.43851,28.73211,0.60661,An toan,An toan,"Nhi?t ?? 29.9?C, ?? ?m 77.0%, Kh? CO th?p (13.4 ppm), M?c ch?y: An to?n","Kh? CH4 (26.8 ppm), LPG (17.3 ppm), CO (13.4 ppm), M?c kh? gas: An to?n",Auto,OFF,OFF,OFF,OFF,
3/11/2025,5:57:52,30.825,73.884,14.20833,26.41465,19.93717,13.92319,14.01169,0.72697,An toan,An toan,"Nhi?t ?? 30.8?C, ?? ?m 73.9%, Kh? CO th?p (13.9 ppm), M?c ch?y: An to?n","Kh? CH4 (26.4 ppm), LPG (19.9 ppm), CO (13.9 ppm), M?c kh? gas: An to?n",Auto,OFF,OFF,OFF,OFF,
3/11/2025,5:58:58,29.133,72.546,15.71076,26.59151,17.37265,13.65918,25.58554,0.42183,An toan,An toan,"Nhi?t ?? 29.1?C, ?? ?m 72.5%, Kh? CO th?p (13.7 ppm), M?c ch?y: An to?n","Kh? CH4 (26.6 ppm), LPG (17.4 ppm), CO (13.7 ppm), M?c kh? gas: An to?n",Auto,OFF,OFF,OFF,OFF,
3/11/2025,5:59:00,30.755,69.464,14.7273,24.49472,17.52159,13.01709,25.08067,0.71612,An toan,An toan,"Nhi?t ?? 30.8?C, ?? ?m 69.5%, Kh? CO th?p (13.0 ppm), M?c ch?y: An to?n","Kh? CH4 (24.5 ppm), LPG (17.5 ppm), CO (13.0 ppm), M?c kh? gas: An to?n",Auto,OFF,OFF,OFF,OFF,
3/11/2025,5:59:04,29.099,79.745,14.29913,24.6312,17.03739,13.86367,15.95583,0.33226,An toan,An toan,"Nhi?t ?? 29.1?C, ?? ?m 79.7%, Kh? CO th?p (13.9 ppm), M?c ch?y: An to?n","Kh? CH4 (24.6 ppm), LPG (17.0 ppm), CO (13.9 ppm), M?c kh? gas: An to?n",Auto,OFF,OFF,OFF,OFF,
3/11/2025,6:01:52,29.648,77.07,15.98875,26.03345,17.04627,13.21692,29.25242,0.15766,An toan,An toan,"Nhi?t ?? 29.6?C, ?? ?m 77.1%, Kh? CO th?p (13.2 ppm), M?c ch?y: An to?n","Kh? CH4 (26.0 ppm), LPG (17.0 ppm), CO (13.2 ppm), M?c kh? gas: An to?n",Auto,OFF,OFF,OFF,OFF,
3/11/2025,6:05:44,29.865,75.796,14.81677,25.82109,18.48925,14.7604,14.99226,0.41653,An toan,An toan,"Nhi?t ?? 29.9?C, ?? ?m 75.8%, Kh? CO th?p (14.8 ppm), M?c ch?y: An to?n","Kh? CH4 (25.8 ppm), LPG (18.5 ppm), CO (14.8 ppm), M?c kh? gas: An to?n",Auto,OFF,OFF,OFF,OFF,
3/11/2025,6:07:18,29.665,73.355,14.15051,24.32515,17.40775,13.85888,28.82043,0.89803,An toan,An toan,"Nhi?t ?? 29.7?C, ?? ?m 73.4%, Kh? CO th?p (13.9 ppm), M?c ch?y: An to?n","Kh? CH4 (24.3 ppm), LPG (17.4 ppm), CO (13.9 ppm), M?c kh? gas: An to?n",Auto,OFF,OFF,OFF,OFF,
3/11/2025,6:12:14,29.59,73.672,14.53536,25.80995,19.9115,13.32349,13.54854,0.50598,An toan,An toan,"Nhi?t ?? 29.6?C, ?? ?m 73.7%, Kh? CO th?p (13.3 ppm), M?c ch?y: An to?n","Kh? CH4 (25.8 ppm), LPG (19.9 ppm), CO (13.3 ppm), M?c kh? gas: An to?n",Auto,OFF,OFF,OFF,OFF,
3/11/2025,6:12:16,30.989,73.281,14.61448,26.32262,19.31565,14.32214,20.26744,0.35143,An toan,An toan,"Nhi?t ?? 31.0?C, ?? ?m 73.3%, Kh? CO th?p (14.3 ppm), M?c ch?y: An to?n","Kh? CH4 (26.3 ppm), LPG (19.3 ppm), CO (14.3 ppm), M?c kh? gas: An to?n",Auto,OFF,OFF,OFF,OFF,
3/11/2025,6:17:46,29.562,78.79,14.21775,26.52893,18.89761,13.39389,12.44497,0.46914,An toan,An toan,"Nhi?t ?? 29.6?C, ?? ?m 78.8%, Kh? CO th?p (13.4 ppm), M?c ch?y: An to?n","Kh? CH4 (26.5 ppm), LPG (18.9 ppm), CO (13.4 ppm), M?c kh? gas: An to?n",Auto,OFF,OFF,OFF,OFF,
3/11/2025,6:19:33,29.544,70.017,15.32369,25.38578,19.84944,13.42056,25.51867,0.69403,An toan,An toan,"Nhi?t ?? 29.5?C, ?? ?m 70.0%, Kh? CO th?p (13.4 ppm), M?c ch?y: An to?n","Kh? CH4 (25.4 ppm), LPG (19.8 ppm), CO (13.4 ppm), M?c kh? gas: An to?n",Auto,OFF,OFF,OFF,OFF,
3/11/2025,6:20:30,29.745,74.125,14.15054,24.88593,19.43022,13.87182,24.87098,0.3587,An toan,An toan,"Nhi?t ?? 29.7?C, ?? ?m 74.1%, Kh? CO th?p (13.9 ppm), M?c ch?y: An to?n","Kh? CH4 (24.9 ppm), LPG (19.4 ppm), CO (13.9 ppm), M?c kh? gas: An to?n",Auto,OFF,OFF,OFF,OFF,
3/11/2025,6:21:35,29.192,78.268,14.15956,26.90245,18.92576,13.31176,13.8796,0.99947,An toan,An toan,"Nhi?t ?? 29.2?C, ?? ?m 78.3%, Kh? CO th?p (13.3 ppm), M?c ch?y: An to?n","Kh? CH4 (26.9 ppm), LPG (18.9 ppm), CO (13.3 ppm), M?c kh? gas: An to?n",Auto,OFF,OFF,OFF,OFF,
3/11/2025,6:25:49,29.484,71.179,14.15092,26.53297,17.52012,14.86451,14.79016,0.19381,An toan,An toan,"Nhi?t ?? 29.5?C, ?? ?m 71.2%, Kh? CO th?p (14.9 ppm), M?c ch?y: An to?n","Kh? CH4 (26.5 ppm), LPG (17.5 ppm), CO (14.9 ppm), M?c kh? gas: An to?n",Auto,OFF,OFF,OFF,OFF,
3/11/2025,6:31:35,29.777,74.723,14.35375,25.92858,19.02751,13.29949,11.84571,0.24472,An toan,An toan,"Nhi?t ?? 29.8?C, ?? ?m 74.7%, Kh? CO th?p (13.3 ppm), M?c ch?y: An to?n","Kh? CH4 (25.9 ppm), LPG (19.0 ppm), CO (13.3 ppm), M?c kh? gas: An to?n",Auto,OFF,OFF,OFF,OFF,
3/11/2025,6:32:46,29.179,71.84,14.41447,26.4568,19.6506,13.36022,11.1576,0.2578,An toan,An toan,"Nhi?t ?? 29.2?C, ?? ?m 71.8%, Kh? CO th?p (13.4 ppm), M?c ch?y: An to?n","Kh? CH4 (26.5 ppm), LPG (19.7 ppm), CO (13.4 ppm), M?c kh? gas: An to?n",Auto,OFF,OFF,OFF,OFF,
3/11/2025,6:36:09,29.664,75.61,15.52616,24.76098,17.71724,14.90707,29.65012,0.71584,An toan,An toan,"Nhi?t ?? 29.7?C, ?? ?m 75.6%, Kh? CO th?p (14.9 ppm), M?c ch?y: An to?n","Kh? CH4 (24.8 ppm), LPG (17.7 ppm), CO (14.9 ppm), M?c kh? gas: An to?n",Auto,OFF,OFF,OFF,OFF,
3/11/2025,6:38:05,30.646,75.378,14.20712,24.22543,19.54075,14.15625,20.16837,0.99044,An toan,An toan,"Nhi?t ?? 30.6?C, ?? ?m 75.4%, Kh? CO th?p (14.2 ppm), M?c ch?y: An to?n","Kh? CH4 (24.2 ppm), LPG (19.5 ppm), CO (14.2 ppm), M?c kh? gas: An to?n",Auto,OFF,OFF,OFF,OFF,
3/11/2025,6:38:29,30.779,71.846,15.54479,25.30761,19.88,14.73217,29.70286,0.82077,An toan,An toan,"Nhi?t ?? 30.8?C, ?? ?m 71.8%, Kh? CO th?p (14.7 ppm), M?c ch?y: An to?n","Kh? CH4 (25.3 ppm), LPG (19.9 ppm), CO (14.7 ppm), M?c kh? gas: An to?n",Auto,OFF,OFF,OFF,OFF,
3/11/2025,6:42:54,30.864,75.599,14.22842,26.37898,17.21588,13.93594,25.7253,0.25172,An toan,An toan,"Nhi?t ?? 30.9?C, ?? ?m 75.6%, Kh? CO th?p (13.9 ppm), M?c ch?y: An to?n","Kh? CH4 (26.4 ppm), LPG (17.2 ppm), CO (13.9 ppm), M?c kh? gas: An to?n",Auto,OFF,OFF,OFF,OFF,
3/11/2025,6:45:53,29.345,72.761,14.41349,24.5807,18.89626,14.40531,19.10691,0.15299,An toan,An toan,"Nhi?t ?? 29.3?C, ?? ?m 72.8%, Kh? CO th?p (14.4 ppm), M?c ch?y: An to?n","Kh? CH4 (24.6 ppm), LPG (18.9 ppm), CO (14.4 ppm), M?c kh? gas: An to?n",Auto,OFF,OFF,OFF,OFF,
3/11/2025,6:51:37,30.453,77.728,14.20772,25.18753,19.8951,14.94176,18.95574,0.70667,An toan,An toan,"Nhi?t ?? 30.5?C, ?? ?m 77.7%, Kh? CO th?p (14.9 ppm), M?c ch?y: An to?n","Kh? CH4 (25.2 ppm), LPG (19.9 ppm), CO (14.9 ppm), M?c kh? gas: An to?n",Auto,OFF,OFF,OFF,OFF,
3/11/2025,6:52:35,30.137,70.111,14.25562,26.87633,19.10804,14.27839,29.46171,0.33486,An toan,An toan,"Nhi?t ?? 30.1?C, ?? ?m 70.1%, Kh? CO th?p (14.3 ppm), M?c ch?y: An to?n","Kh? CH4 (26.9 ppm), LPG (19.1 ppm), CO (14.3 ppm), M?c kh? gas: An to?n",Auto,OFF,OFF,OFF,OFF,
3/11/2025,6:59:35,30.074,75.731,14.55962,24.36816,19.40679,14.10124,14.64682,0.15236,An toan,An toan,"Nhi?t ?? 30.1?C, ?? ?m 75.7%, Kh? CO th?p (14.1 ppm), M?c ch?y: An to?n","Kh? CH4 (24.4 ppm), LPG (19.4 ppm), CO (14.1 ppm), M?c kh? gas: An to?n",Auto,OFF,OFF,OFF,OFF,
3/11/2025,7:02:29,29.328,78.062,15.38674,24.39939,18.4096,14.76116,23.46963,0.9356,An toan,An toan,"Nhi?t ?? 29.3?C, ?? ?m 78.1%, Kh? CO th?p (14.8 ppm), M?c ch?y: An to?n","Kh? CH4 (24.4 ppm), LPG (18.4 ppm), CO (14.8 ppm), M?c kh? gas: An to?n",Auto,OFF,OFF,OFF,OFF,
3/11/2025,7:03:54,30.057,70.253,14.89967,24.86012,19.35905,13.20124,29.05304,0.29795,An toan,An toan,"Nhi?t ?? 30.1?C, ?? ?m 70.3%, Kh? CO th?p (13.2 ppm), M?c ch?y: An to?n","Kh? CH4 (24.9 ppm), LPG (19.4 ppm), CO (13.2 ppm), M?c kh? gas: An to?n",Auto,OFF,OFF,OFF,OFF,
3/11/2025,7:04:10,29.268,77.97,14.19853,24.95312,18.00794,13.64252,25.80186,0.37297,An toan,An toan,"Nhi?t ?? 29.3?C, ?? ?m 78.0%, Kh? CO th?p (13.6 ppm), M?c ch?y: An to?n","Kh? CH4 (25.0 ppm), LPG (18.0 ppm), CO (13.6 ppm), M?c kh? gas: An to?n",Auto,OFF,OFF,OFF,OFF,
3/11/2025,7:04:40,29.792,73.234,15.27875,24.59094,19.39243,13.87592,27.73434,0.21404,An toan,An toan,"Nhi?t ?? 29.8?C, ?? ?m 73.2%, Kh? CO th?p (13.9 ppm), M?c ch?y: An to?n","Kh? CH4 (24.6 ppm), LPG (19.4 ppm), CO (13.9 ppm), M?c kh? gas: An to?n",Auto,OFF,OFF,OFF,OFF,
3/11/2025,7:04:53,30.803,73.278,15.5338,25.33207,17.15523,13.20871,29.6,0.53735,An toan,An toan,"Nhi?t ?? 30.8?C, ?? ?m 73.3%, Kh? CO th?p (13.2 ppm), M?c ch?y: An to?n","Kh? CH4 (25.3 ppm), LPG (17.2 ppm), CO (13.2 ppm), M?c kh? gas: An to?n",Auto,OFF,OFF,OFF,OFF,
3/11/2025,7:16:54,30.965,69.136,15.50771,26.9088,18.60576,13.99074,20.7301,0.57666,An toan,An toan,"Nhi?t ?? 31.0?C, ?? ?m 69.1%, Kh? CO th?p (14.0 ppm), M?c ch?y: An to?n","Kh? CH4 (26.9 ppm), LPG (18.6 ppm), CO (14.0 ppm), M?c kh? gas: An to?n",Auto,OFF,OFF,OFF,OFF,
3/11/2025,7:19:15,30.898,78.529,14.06984,24.99067,19.88874,13.10936,15.13934,0.59357,An toan,An toan,"Nhi?t ?? 30.9?C, ?? ?m 78.5%, Kh? CO th?p (13.1 ppm), M?c ch?y: An to?n","Kh? CH4 (25.0 ppm), LPG (19.9 ppm), CO (13.1 ppm), M?c kh? gas: An to?n",Auto,OFF,OFF,OFF,OFF,
3/11/2025,7:29:14,29.379,78.872,14.98014,24.97247,18.99066,13.33422,19.716,0.84676,An toan,An toan,"Nhi?t ?? 29.4?C, ?? ?m 78.9%, Kh? CO th?p (13.3 ppm), M?c ch?y: An to?n","Kh? CH4 (25.0 ppm), LPG (19.0 ppm), CO (13.3 ppm), M?c kh? gas: An to?n",Auto,OFF,OFF,OFF,OFF,
3/11/2025,7:33:08,30.909,78.173,14.86844,26.65874,17.42359,14.66218,11.42818,0.81511,An toan,An toan,"Nhi?t ?? 30.9?C, ?? ?m 78.2%, Kh? CO th?p (14.7 ppm), M?c ch?y: An to?n","Kh? CH4 (26.7 ppm), LPG (17.4 ppm), CO (14.7 ppm), M?c kh? gas: An to?n",Auto,OFF,OFF,OFF,OFF,
3/11/2025,7:34:30,30.515,74.647,15.45268,25.88741,17.60982,14.95047,17.79507,0.33942,An toan,An toan,"Nhi?t ?? 30.5?C, ?? ?m 74.6%, Kh? CO th?p (15.0 ppm), M?c ch?y: An to?n","Kh? CH4 (25.9 ppm), LPG (17.6 ppm), CO (15.0 ppm), M?c kh? gas: An to?n",Auto,OFF,OFF,OFF,OFF,
3/11/2025,7:34:34,30.816,72.614,15.51289,25.03528,19.98079,13.33632,23.50358,0.33579,An toan,An toan,"Nhi?t ?? 30.8?C, ?? ?m 72.6%, Kh? CO th?p (13.3 ppm), M?c ch?y: An to?n","Kh? CH4 (25.0 ppm), LPG (20.0 ppm), CO (13.3 ppm), M?c kh? gas: An to?n",Auto,OFF,OFF,OFF,OFF,
3/11/2025,7:37:04,30.918,75.397,15.88351,24.81363,18.92902,13.02137,13.35023,0.57058,An toan,An toan,"Nhi?t ?? 30.9?C, ?? ?m 75.4%, Kh? CO th?p (13.0 ppm), M?c ch?y: An to?n","Kh? CH4 (24.8 ppm), LPG (18.9 ppm), CO (13.0 ppm), M?c kh? gas: An to?n",Auto,OFF,OFF,OFF,OFF,
3/11/2025,7:37:37,29.003,74.436,14.05841,25.55622,19.03051,14.44118,12.6233,0.34349,An toan,An toan,"Nhi?t ?? 29.0?C, ?? ?m 74.4%, Kh? CO th?p (14.4 ppm), M?c ch?y: An to?n","Kh? CH4 (25.6 ppm), LPG (19.0 ppm), CO (14.4 ppm), M?c kh? gas: An to?n",Auto,OFF,OFF,OFF,OFF,
3/11/2025,7:39:26,29.236,77.743,15.41765,26.14952,17.60874,14.14607,27.20809,0.31802,An toan,An toan,"Nhi?t ?? 29.2?C, ?? ?m 77.7%, Kh? CO th?p (14.1 ppm), M?c ch?y: An to?n","Kh? CH4 (26.1 ppm), LPG (17.6 ppm), CO (14.1 ppm), M?c kh? gas: An to?n",Auto,OFF,OFF,OFF,OFF,
3/11/2025,7:40:00,29.567,74.318,14.1367,24.42681,19.56836,13.68017,20.19694,0.82332,An toan,An toan,"Nhi?t ?? 29.6?C, ?? ?m 74.3%, Kh? CO th?p (13.7 ppm), M?c ch?y: An to?n","Kh? CH4 (24.4 ppm), LPG (19.6 ppm), CO (13.7 ppm), M?c kh? gas: An to?n",Auto,OFF,OFF,OFF,OFF,
3/11/2025,7:40:27,29.416,77.878,15.25476,26.16154,19.15348,14.9297,22.53649,0.97045,An toan,An toan,"Nhi?t ?? 29.4?C, ?? ?m 77.9%, Kh? CO th?p (14.9 ppm), M?c ch?y: An to?n","Kh? CH4 (26.2 ppm), LPG (19.2 ppm), CO (14.9 ppm), M?c kh? gas: An to?n",Auto,OFF,OFF,OFF,OFF,
3/11/2025,7:51:11,30.42,70.139,15.88153,25.81453,17.68439,14.64562,14.10147,0.55563,An toan,An toan,"Nhi?t ?? 30.4?C, ?? ?m 70.1%, Kh? CO th?p (14.6 ppm), M?c ch?y: An to?n","Kh? CH4 (25.8 ppm), LPG (17.7 ppm), CO (14.6 ppm), M?c kh? gas: An to?n",Auto,OFF,OFF,OFF,OFF,
3/11/2025,7:52:22,30.704,71.956,15.50563,24.82437,17.35438,14.97067,28.96441,0.42741,An toan,An toan,"Nhi?t ?? 30.7?C, ?? ?m 72.0%, Kh? CO th?p (15.0 ppm), M?c ch?y: An to?n","Kh? CH4 (24.8 ppm), LPG (17.4 ppm), CO (15.0 ppm), M?c kh? gas: An to?n",Auto,OFF,OFF,OFF,OFF,
3/11/2025,7:53:41,30.242,72.23,15.85042,26.90879,18.10941,13.18329,16.50037,0.91743,An toan,An toan,"Nhi?t ?? 30.2?C, ?? ?m 72.2%, Kh? CO th?p (13.2 ppm), M?c ch?y: An to?n","Kh? CH4 (26.9 ppm), LPG (18.1 ppm), CO (13.2 ppm), M?c kh? gas: An to?n",Auto,OFF,OFF,OFF,OFF,
3/11/2025,7:54:16,30.541,70.938,15.0657,24.61536,18.53253,13.12427,21.95878,0.24712,An toan,An toan,"Nhi?t ?? 30.5?C, ?? ?m 70.9%, Kh? CO th?p (13.1 ppm), M?c ch?y: An to?n","Kh? CH4 (24.6 ppm), LPG (18.5 ppm), CO (13.1 ppm), M?c kh? gas: An to?n",Auto,OFF,OFF,OFF,OFF,
3/11/2025,8:06:10,30.36,69.78,14.69783,24.54153,17.74746,14.13145,18.37448,0.30578,An toan,An toan,"Nhi?t ?? 30.4?C, ?? ?m 69.8%, Kh? CO th?p (14.1 ppm), M?c ch?y: An to?n","Kh? CH4 (24.5 ppm), LPG (17.7 ppm), CO (14.1 ppm), M?c kh? gas: An to?n",Auto,OFF,OFF,OFF,OFF,
3/11/2025,8:07:26,29.776,72.655,15.00214,25.39715,18.57587,13.82584,20.6784,0.25054,An toan,An toan,"Nhi?t ?? 29.8?C, ?? ?m 72.7%, Kh? CO th?p (13.8 ppm), M?c ch?y: An to?n","Kh? CH4 (25.4 ppm), LPG (18.6 ppm), CO (13.8 ppm), M?c kh? gas: An to?n",Auto,OFF,OFF,OFF,OFF,
3/11/2025,8:09:56,30.774,78.372,15.9314,25.33365,18.16447,14.35879,25.50741,0.85862,An toan,An toan,"Nhi?t ?? 30.8?C, ?? ?m 78.4%, Kh? CO th?p (14.4 ppm), M?c ch?y: An to?n","Kh? CH4 (25.3 ppm), LPG (18.2 ppm), CO (14.4 ppm), M?c kh? gas: An to?n",Auto,OFF,OFF,OFF,OFF,
3/11/2025,8:16:11,30.224,79.528,15.63289,26.16608,17.9241,13.74587,20.28479,0.45057,An toan,An toan,"Nhi?t ?? 30.2?C, ?? ?m 79.5%, Kh? CO th?p (13.7 ppm), M?c ch?y: An to?n","Kh? CH4 (26.2 ppm), LPG (17.9 ppm), CO (13.7 ppm), M?c kh? gas: An to?n",Auto,OFF,OFF,OFF,OFF,
3/11/2025,8:17:52,30.499,71.795,14.93253,25.99553,19.95428,14.38989,18.21599,0.29208,An toan,An toan,"Nhi?t ?? 30.5?C, ?? ?m 71.8%, Kh? CO th?p (14.4 ppm), M?c ch?y: An to?n","Kh? CH4 (26.0 ppm), LPG (20.0 ppm), CO (14.4 ppm), M?c kh? gas: An to?n",Auto,OFF,OFF,OFF,OFF,
3/11/2025,8:20:46,30.419,71.301,14.86291,25.55136,19.02857,13.7991,18.64146,0.26553,An toan,An toan,"Nhi?t ?? 30.4?C, ?? ?m 71.3%, Kh? CO th?p (13.8 ppm), M?c ch?y: An to?n","Kh? CH4 (25.6 ppm), LPG (19.0 ppm), CO (13.8 ppm), M?c kh? gas: An to?n",Auto,OFF,OFF,OFF,OFF,
3/11/2025,8:27:56,29.36,77.341,14.77031,26.01959,18.65592,14.17638,23.73169,0.24416,An toan,An toan,"Nhi?t ?? 29.4?C, ?? ?m 77.3%, Kh? CO th?p (14.2 ppm), M?c ch?y: An to?n","Kh? CH4 (26.0 ppm), LPG (18.7 ppm), CO (14.2 ppm), M?c kh? gas: An to?n",Auto,OFF,OFF,OFF,OFF,
3/11/2025,8:30:39,30.316,74.932,15.60791,25.41614,19.06245,14.62313,19.73083,0.99816,An toan,An toan,"Nhi?t ?? 30.3?C, ?? ?m 74.9%, Kh? CO th?p (14.6 ppm), M?c ch?y: An to?n","Kh? CH4 (25.4 ppm), LPG (19.1 ppm), CO (14.6 ppm), M?c kh? gas: An to?n",Auto,OFF,OFF,OFF,OFF,
3/11/2025,8:30:50,30.117,78.583,14.4635,26.24753,18.02358,13.29991,11.38398,0.86308,An toan,An toan,"Nhi?t ?? 30.1?C, ?? ?m 78.6%, Kh? CO th?p (13.3 ppm), M?c ch?y: An to?n","Kh? CH4 (26.2 ppm), LPG (18.0 ppm), CO (13.3 ppm), M?c kh? gas: An to?n",Auto,OFF,OFF,OFF,OFF,
3/11/2025,8:32:39,29.203,79.782,14.08117,26.32543,19.72264,14.09337,18.82875,0.96749,An toan,An toan,"Nhi?t ?? 29.2?C, ?? ?m 79.8%, Kh? CO th?p (14.1 ppm), M?c ch?y: An to?n","Kh? CH4 (26.3 ppm), LPG (19.7 ppm), CO (14.1 ppm), M?c kh? gas: An to?n",Auto,OFF,OFF,OFF,OFF,
3/11/2025,8:33:12,29.162,69.429,15.72807,24.78336,17.56927,14.43181,15.10364,0.79201,An toan,An toan,"Nhi?t ?? 29.2?C, ?? ?m 69.4%, Kh? CO th?p (14.4 ppm), M?c ch?y: An to?n","Kh? CH4 (24.8 ppm), LPG (17.6 ppm), CO (14.4 ppm), M?c kh? gas: An to?n",Auto,OFF,OFF,OFF,OFF,
3/11/2025,8:34:44,30.917,72.105,14.17919,26.79397,17.22513,13.14733,14.80436,0.38111,An toan,An toan,"Nhi?t ?? 30.9?C, ?? ?m 72.1%, Kh? CO th?p (13.1 ppm), M?c ch?y: An to?n","Kh? CH4 (26.8 ppm), LPG (17.2 ppm), CO (13.1 ppm), M?c kh? gas: An to?n",Auto,OFF,OFF,OFF,OFF,
3/11/2025,8:35:09,29.554,70.352,15.51769,24.86091,18.47241,14.92471,10.34087,0.60284,An toan,An toan,"Nhi?t ?? 29.6?C, ?? ?m 70.4%, Kh? CO th?p (14.9 ppm), M?c ch?y: An to?n","Kh? CH4 (24.9 ppm), LPG (18.5 ppm), CO (14.9 ppm), M?c kh? gas: An to?n",Auto,OFF,OFF,OFF,OFF,
3/11/2025,8:36:00,29.309,77.08,14.70445,25.76983,19.95741,13.17953,15.27302,0.29263,An toan,An toan,"Nhi?t ?? 29.3?C, ?? ?m 77.1%, Kh? CO th?p (13.2 ppm), M?c ch?y: An to?n","Kh? CH4 (25.8 ppm), LPG (20.0 ppm), CO (13.2 ppm), M?c kh? gas: An to?n",Auto,OFF,OFF,OFF,OFF,
3/11/2025,8:38:02,29.857,71.92,14.7927,24.17907,19.73124,13.15987,13.75211,0.51167,An toan,An toan,"Nhi?t ?? 29.9?C, ?? ?m 71.9%, Kh? CO th?p (13.2 ppm), M?c ch?y: An to?n","Kh? CH4 (24.2 ppm), LPG (19.7 ppm), CO (13.2 ppm), M?c kh? gas: An to?n",Auto,OFF,OFF,OFF,OFF,
3/11/2025,8:45:17,30.088,73.515,14.05154,25.03112,19.79304,13.21165,24.81038,0.11702,An toan,An toan,"Nhi?t ?? 30.1?C, ?? ?m 73.5%, Kh? CO th?p (13.2 ppm), M?c ch?y: An to?n","Kh? CH4 (25.0 ppm), LPG (19.8 ppm), CO (13.2 ppm), M?c kh? gas: An to?n",Auto,OFF,OFF,OFF,OFF,
3/11/2025,8:47:46,29.112,74.427,15.86513,24.59988,17.12624,13.14256,12.67673,0.98893,An toan,An toan,"Nhi?t ?? 29.1?C, ?? ?m 74.4%, Kh? CO th?p (13.1 ppm), M?c ch?y: An to?n","Kh? CH4 (24.6 ppm), LPG (17.1 ppm), CO (13.1 ppm), M?c kh? gas: An to?n",Auto,OFF,OFF,OFF,OFF,
3/11/2025,8:52:40,29.989,71.117,14.1856,26.72718,17.3858,14.22063,20.39613,0.34166,An toan,An toan,"Nhi?t ?? 30.0?C, ?? ?m 71.1%, Kh? CO th?p (14.2 ppm), M?c ch?y: An to?n","Kh? CH4 (26.7 ppm), LPG (17.4 ppm), CO (14.2 ppm), M?c kh? gas: An to?n",Auto,OFF,OFF,OFF,OFF,
3/11/2025,8:53:53,29.295,79.159,15.14289,24.1925,19.66705,13.35762,15.72208,0.81026,An toan,An toan,"Nhi?t ?? 29.3?C, ?? ?m 79.2%, Kh? CO th?p (13.4 ppm), M?c ch?y: An to?n","Kh? CH4 (24.2 ppm), LPG (19.7 ppm), CO (13.4 ppm), M?c kh? gas: An to?n",Auto,OFF,OFF,OFF,OFF,
3/11/2025,8:55:18,30.393,78.197,14.89821,25.9927,19.20044,14.86505,13.29464,0.19459,An toan,An toan,"Nhi?t ?? 30.4?C, ?? ?m 78.2%, Kh? CO th?p (14.9 ppm), M?c ch?y: An to?n","Kh? CH4 (26.0 ppm), LPG (19.2 ppm), CO (14.9 ppm), M?c kh? gas: An to?n",Auto,OFF,OFF,OFF,OFF,
3/11/2025,9:00:10,30.389,74.819,15.19172,26.46438,19.22783,13.29504,13.69389,0.66782,An toan,An toan,"Nhi?t ?? 30.4?C, ?? ?m 74.8%, Kh? CO th?p (13.3 ppm), M?c ch?y: An to?n","Kh? CH4 (26.5 ppm), LPG (19.2 ppm), CO (13.3 ppm), M?c kh? gas: An to?n",Auto,OFF,OFF,OFF,OFF,
3/11/2025,9:06:15,30.008,78.229,15.35092,24.7336,17.27654,14.98698,26.8988,0.31641,An toan,An toan,"Nhi?t ?? 30.0?C, ?? ?m 78.2%, Kh? CO th?p (15.0 ppm), M?c ch?y: An to?n","Kh? CH4 (24.7 ppm), LPG (17.3 ppm), CO (15.0 ppm), M?c kh? gas: An to?n",Auto,OFF,OFF,OFF,OFF,
3/11/2025,9:06:49,30.644,75.078,15.3139,25.79451,19.7737,13.68251,21.57706,0.90905,An toan,An toan,"Nhi?t ?? 30.6?C, ?? ?m 75.1%, Kh? CO th?p (13.7 ppm), M?c ch?y: An to?n","Kh? CH4 (25.8 ppm), LPG (19.8 ppm), CO (13.7 ppm), M?c kh? gas: An to?n",Auto,OFF,OFF,OFF,OFF,
3/11/2025,9:08:50,29.618,74.492,15.93152,24.59676,18.43977,14.36521,10.42799,0.34587,An toan,An toan,"Nhi?t ?? 29.6?C, ?? ?m 74.5%, Kh? CO th?p (14.4 ppm), M?c ch?y: An to?n","Kh? CH4 (24.6 ppm), LPG (18.4 ppm), CO (14.4 ppm), M?c kh? gas: An to?n",Auto,OFF,OFF,OFF,OFF,
3/11/2025,9:15:02,30.249,76.922,14.90427,26.32739,17.26809,13.17252,24.95116,0.48118,An toan,An toan,"Nhi?t ?? 30.2?C, ?? ?m 76.9%, Kh? CO th?p (13.2 ppm), M?c ch?y: An to?n","Kh? CH4 (26.3 ppm), LPG (17.3 ppm), CO (13.2 ppm), M?c kh? gas: An to?n",Auto,OFF,OFF,OFF,OFF,
3/11/2025,9:15:55,30.69,72.385,15.76041,25.30946,17.00762,13.16835,20.28775,0.46691,An toan,An toan,"Nhi?t ?? 30.7?C, ?? ?m 72.4%, Kh? CO th?p (13.2 ppm), M?c ch?y: An to?n","Kh? CH4 (25.3 ppm), LPG (17.0 ppm), CO (13.2 ppm), M?c kh? gas: An to?n",Auto,OFF,OFF,OFF,OFF,
3/11/2025,9:18:30,29.401,77.004,15.95088,24.08942,17.24485,13.28616,27.38353,0.94132,An toan,An toan,"Nhi?t ?? 29.4?C, ?? ?m 77.0%, Kh? CO th?p (13.3 ppm), M?c ch?y: An to?n","Kh? CH4 (24.1 ppm), LPG (17.2 ppm), CO (13.3 ppm), M?c kh? gas: An to?n",Auto,OFF,OFF,OFF,OFF,
3/11/2025,9:21:51,29.173,72.296,15.993,25.89102,17.52283,14.72739,25.94476,0.39234,An toan,An toan,"Nhi?t ?? 29.2?C, ?? ?m 72.3%, Kh? CO th?p (14.7 ppm), M?c ch?y: An to?n","Kh? CH4 (25.9 ppm), LPG (17.5 ppm), CO (14.7 ppm), M?c kh? gas: An to?n",Auto,OFF,OFF,OFF,OFF,
3/11/2025,9:21:57,30.954,72.456,14.83041,25.62868,18.15371,14.52426,21.04734,0.33813,An toan,An toan,"Nhi?t ?? 31.0?C, ?? ?m 72.5%, Kh? CO th?p (14.5 ppm), M?c ch?y: An to?n","Kh? CH4 (25.6 ppm), LPG (18.2 ppm), CO (14.5 ppm), M?c kh? gas: An to?n",Auto,OFF,OFF,OFF,OFF,
3/11/2025,9:24:46,30.788,71.204,14.04987,24.59382,17.00011,14.89638,28.56309,0.74098,An toan,An toan,"Nhi?t ?? 30.8?C, ?? ?m 71.2%, Kh? CO th?p (14.9 ppm), M?c ch?y: An to?n","Kh? CH4 (24.6 ppm), LPG (17.0 ppm), CO (14.9 ppm), M?c kh? gas: An to?n",Auto,OFF,OFF,OFF,OFF,
3/11/2025,9:29:22,30.877,73.597,15.02965,26.13625,18.33633,13.20259,29.93001,0.81152,An toan,An toan,"Nhi?t ?? 30.9?C, ?? ?m 73.6%, Kh? CO th?p (13.2 ppm), M?c ch?y: An to?n","Kh? CH4 (26.1 ppm), LPG (18.3 ppm), CO (13.2 ppm), M?c kh? gas: An to?n",Auto,OFF,OFF,OFF,OFF,
3/11/2025,9:36:49,30.265,77.734,14.5774,25.0999,19.17015,14.83751,10.32049,0.71679,An toan,An toan,"Nhi?t ?? 30.3?C, ?? ?m 77.7%, Kh? CO th?p (14.8 ppm), M?c ch?y: An to?n","Kh? CH4 (25.1 ppm), LPG (19.2 ppm), CO (14.8 ppm), M?c kh? gas: An to?n",Auto,OFF,OFF,OFF,OFF,
3/11/2025,9:39:47,30.966,76.83,14.27517,26.17792,18.04941,14.54811,11.40323,0.10571,An toan,An toan,"Nhi?t ?? 31.0?C, ?? ?m 76.8%, Kh? CO th?p (14.5 ppm), M?c ch?y: An to?n","Kh? CH4 (26.2 ppm), LPG (18.0 ppm), CO (14.5 ppm), M?c kh? gas: An to?n",Auto,OFF,OFF,OFF,OFF,
3/11/2025,9:40:26,29.284,79.609,14.90833,26.95538,18.92609,14.71882,16.94499,0.84261,An toan,An toan,"Nhi?t ?? 29.3?C, ?? ?m 79.6%, Kh? CO th?p (14.7 ppm), M?c ch?y: An to?n","Kh? CH4 (27.0 ppm), LPG (18.9 ppm), CO (14.7 ppm), M?c kh? gas: An to?n",Auto,OFF,OFF,OFF,OFF,
3/11/2025,9:40:27,29.124,74.963,14.05248,26.85285,17.74967,13.178,16.38155,0.13357,An toan,An toan,"Nhi?t ?? 29.1?C, ?? ?m 75.0%, Kh? CO th?p (13.2 ppm), M?c ch?y: An to?n","Kh? CH4 (26.9 ppm), LPG (17.7 ppm), CO (13.2 ppm), M?c kh? gas: An to?n",Auto,OFF,OFF,OFF,OFF,
3/11/2025,9:42:43,30.182,71.661,14.9486,26.801,18.82711,13.50471,11.81963,0.84246,An toan,An toan,"Nhi?t ?? 30.2?C, ?? ?m 71.7%, Kh? CO th?p (13.5 ppm), M?c ch?y: An to?n","Kh? CH4 (26.8 ppm), LPG (18.8 ppm), CO (13.5 ppm), M?c kh? gas: An to?n",Auto,OFF,OFF,OFF,OFF,
3/11/2025,9:43:15,30.787,72.89,15.33919,24.77962,19.18527,14.81602,23.3068,0.73964,An toan,An toan,"Nhi?t ?? 30.8?C, ?? ?m 72.9%, Kh? CO th?p (14.8 ppm), M?c ch?y: An to?n","Kh? CH4 (24.8 ppm), LPG (19.2 ppm), CO (14.8 ppm), M?c kh? gas: An to?n",Auto,OFF,OFF,OFF,OFF,
3/11/2025,9:47:58,29.314,75.966,14.60648,26.93502,19.82754,13.46002,16.39278,0.28274,An toan,An toan,"Nhi?t ?? 29.3?C, ?? ?m 76.0%, Kh? CO th?p (13.5 ppm), M?c ch?y: An to?n","Kh? CH4 (26.9 ppm), LPG (19.8 ppm), CO (13.5 ppm), M?c kh? gas: An to?n",Auto,OFF,OFF,OFF,OFF,
3/11/2025,9:53:55,30.517,71.385,15.03038,25.35692,19.0656,14.2196,15.63704,0.13343,An toan,An toan,"Nhi?t ?? 30.5?C, ?? ?m 71.4%, Kh? CO th?p (14.2 ppm), M?c ch?y: An to?n","Kh? CH4 (25.4 ppm), LPG (19.1 ppm), CO (14.2 ppm), M?c kh? gas: An to?n",Auto,OFF,OFF,OFF,OFF,
3/11/2025,9:55:18,30.686,76.454,14.26019,24.95875,18.73662,14.03008,13.19698,0.7293,An toan,An toan,"Nhi?t ?? 30.7?C, ?? ?m 76.5%, Kh? CO th?p (14.0 ppm), M?c ch?y: An to?n","Kh? CH4 (25.0 ppm), LPG (18.7 ppm), CO (14.0 ppm), M?c kh? gas: An to?n",Auto,OFF,OFF,OFF,OFF,
3/11/2025,10:03:28,30.073,71.405,15.83777,25.78142,18.81564,13.80404,20.8046,0.10868,An toan,An toan,"Nhi?t ?? 30.1?C, ?? ?m 71.4%, Kh? CO th?p (13.8 ppm), M?c ch?y: An to?n","Kh? CH4 (25.8 ppm), LPG (18.8 ppm), CO (13.8 ppm), M?c kh? gas: An to?n",Auto,OFF,OFF,OFF,OFF,
3/11/2025,10:03:36,29.103,71.967,15.53229,26.84695,18.9286,14.57274,19.37591,0.6936,An toan,An toan,"Nhi?t ?? 29.1?C, ?? ?m 72.0%, Kh? CO th?p (14.6 ppm), M?c ch?y: An to?n","Kh? CH4 (26.8 ppm), LPG (18.9 ppm), CO (14.6 ppm), M?c kh? gas: An to?n",Auto,OFF,OFF,OFF,OFF,
3/11/2025,10:06:08,30.848,70.45,14.96381,25.08899,17.37435,13.00252,15.12243,0.39439,An toan,An toan,"Nhi?t ?? 30.8?C, ?? ?m 70.4%, Kh? CO th?p (13.0 ppm), M?c ch?y: An to?n","Kh? CH4 (25.1 ppm), LPG (17.4 ppm), CO (13.0 ppm), M?c kh? gas: An to?n",Auto,OFF,OFF,OFF,OFF,
3/11/2025,10:08:31,29.913,78.745,15.7843,26.84948,18.07563,14.16612,13.72583,0.62414,An toan,An toan,"Nhi?t ?? 29.9?C, ?? ?m 78.7%, Kh? CO th?p (14.2 ppm), M?c ch?y: An to?n","Kh? CH4 (26.8 ppm), LPG (18.1 ppm), CO (14.2 ppm), M?c kh? gas: An to?n",Auto,OFF,OFF,OFF,OFF,
3/11/2025,10:09:44,29.038,74.305,15.24167,25.47396,19.17664,13.32989,12.71456,0.52887,An toan,An toan,"Nhi?t ?? 29.0?C, ?? ?m 74.3%, Kh? CO th?p (13.3 ppm), M?c ch?y: An to?n","Kh? CH4 (25.5 ppm), LPG (19.2 ppm), CO (13.3 ppm), M?c kh? gas: An to?n",Auto,OFF,OFF,OFF,OFF,
3/11/2025,10:14:56,29.964,77.457,15.10987,25.12698,18.49795,13.0618,25.04965,0.83717,An toan,An toan,"Nhi?t ?? 30.0?C, ?? ?m 77.5%, Kh? CO th?p (13.1 ppm), M?c ch?y: An to?n","Kh? CH4 (25.1 ppm), LPG (18.5 ppm), CO (13.1 ppm), M?c kh? gas: An to?n",Auto,OFF,OFF,OFF,OFF,
3/11/2025,10:20:26,30.761,76.638,15.48524,24.76075,17.51445,13.02007,14.89261,0.91073,An toan,An toan,"Nhi?t ?? 30.8?C, ?? ?m 76.6%, Kh? CO th?p (13.0 ppm), M?c ch?y: An to?n","Kh? CH4 (24.8 ppm), LPG (17.5 ppm), CO (13.0 ppm), M?c kh? gas: An to?n",Auto,OFF,OFF,OFF,OFF,
3/11/2025,10:20:39,29.146,76.378,15.89902,26.66808,19.77888,13.9402,12.38796,0.23451,An toan,An toan,"Nhi?t ?? 29.1?C, ?? ?m 76.4%, Kh? CO th?p (13.9 ppm), M?c ch?y: An to?n","Kh? CH4 (26.7 ppm), LPG (19.8 ppm), CO (13.9 ppm), M?c kh? gas: An to?n",Auto,OFF,OFF,OFF,OFF,
3/11/2025,10:21:59,30.644,74.005,14.53929,25.76737,19.29383,13.51583,16.60109,0.30746,An toan,An toan,"Nhi?t ?? 30.6?C, ?? ?m 74.0%, Kh? CO th?p (13.5 ppm), M?c ch?y: An to?n","Kh? CH4 (25.8 ppm), LPG (19.3 ppm), CO (13.5 ppm), M?c kh? gas: An to?n",Auto,OFF,OFF,OFF,OFF,
3/11/2025,10:22:54,30.191,71.785,15.32133,24.43522,17.78525,14.58682,22.52625,0.96473,An toan,An toan,"Nhi?t ?? 30.2?C, ?? ?m 71.8%, Kh? CO th?p (14.6 ppm), M?c ch?y: An to?n","Kh? CH4 (24.4 ppm), LPG (17.8 ppm), CO (14.6 ppm), M?c kh? gas: An to?n",Auto,OFF,OFF,OFF,OFF,
3/11/2025,10:28:47,30.287,70.646,14.13763,24.03603,17.69892,14.93638,16.47766,0.93375,An toan,An toan,"Nhi?t ?? 30.3?C, ?? ?m 70.6%, Kh? CO th?p (14.9 ppm), M?c ch?y: An to?n","Kh? CH4 (24.0 ppm), LPG (17.7 ppm), CO (14.9 ppm), M?c kh? gas: An to?n",Auto,OFF,OFF,OFF,OFF,
3/11/2025,10:28:59,30.988,70.308,15.16868,26.38196,18.86893,13.00512,15.72325,0.22139,An toan,An toan,"Nhi?t ?? 31.0?C, ?? ?m 70.3%, Kh? CO th?p (13.0 ppm), M?c ch?y: An to?n","Kh? CH4 (26.4 ppm), LPG (18.9 ppm), CO (13.0 ppm), M?c kh? gas: An to?n",Auto,OFF,OFF,OFF,OFF,
3/11/2025,10:31:42,30.024,71.762,14.55084,25.46714,18.42246,14.70468,15.37306,0.60202,An toan,An toan,"Nhi?t ?? 30.0?C, ?? ?m 71.8%, Kh? CO th?p (14.7 ppm), M?c ch?y: An to?n","Kh? CH4 (25.5 ppm), LPG (18.4 ppm), CO (14.7 ppm), M?c kh? gas: An to?n",Auto,OFF,OFF,OFF,OFF,
3/11/2025,10:32:54,30.035,74.182,15.02936,24.98915,18.74941,13.19104,29.48828,0.48918,An toan,An toan,"Nhi?t ?? 30.0?C, ?? ?m 74.2%, Kh? CO th?p (13.2 ppm), M?c ch?y: An to?n","Kh? CH4 (25.0 ppm), LPG (18.7 ppm), CO (13.2 ppm), M?c kh? gas: An to?n",Auto,OFF,OFF,OFF,OFF,
3/11/2025,10:36:29,30.364,75.782,15.24895,24.6782,18.10894,14.16751,13.14075,0.65437,An toan,An toan,"Nhi?t ?? 30.4?C, ?? ?m 75.8%, Kh? CO th?p (14.2 ppm), M?c ch?y: An to?n","Kh? CH4 (24.7 ppm), LPG (18.1 ppm), CO (14.2 ppm), M?c kh? gas: An to?n",Auto,OFF,OFF,OFF,OFF,
3/11/2025,10:40:51,30.314,72.807,14.79211,25.18768,17.7428,14.41658,21.09281,0.74,An toan,An toan,"Nhi?t ?? 30.3?C, ?? ?m 72.8%, Kh? CO th?p (14.4 ppm), M?c ch?y: An to?n","Kh? CH4 (25.2 ppm), LPG (17.7 ppm), CO (14.4 ppm), M?c kh? gas: An to?n",Auto,OFF,OFF,OFF,OFF,
3/11/2025,10:42:03,29.919,70.713,15.02512,24.12554,17.57528,13.36631,22.22479,0.5939,An toan,An toan,"Nhi?t ?? 29.9?C, ?? ?m 70.7%, Kh? CO th?p (13.4 ppm), M?c ch?y: An to?n","Kh? CH4 (24.1 ppm), LPG (17.6 ppm), CO (13.4 ppm), M?c kh? gas: An to?n",Auto,OFF,OFF,OFF,OFF,
3/11/2025,10:49:22,30.108,71.78,14.50595,24.401,19.9631,14.806,28.8103,0.30934,An toan,An toan,"Nhi?t ?? 30.1?C, ?? ?m 71.8%, Kh? CO th?p (14.8 ppm), M?c ch?y: An to?n","Kh? CH4 (24.4 ppm), LPG (20.0 ppm), CO (14.8 ppm), M?c kh? gas: An to?n",Auto,OFF,OFF,OFF,OFF,
3/11/2025,10:55:38,30.41,76.177,15.77962,24.67744,18.62948,13.85863,23.00323,0.84928,An toan,An toan,"Nhi?t ?? 30.4?C, ?? ?m 76.2%, Kh? CO th?p (13.9 ppm), M?c ch?y: An to?n","Kh? CH4 (24.7 ppm), LPG (18.6 ppm), CO (13.9 ppm), M?c kh? gas: An to?n",Auto,OFF,OFF,OFF,OFF,
3/11/2025,10:58:37,29.152,74.252,14.47366,25.17593,18.20623,14.93873,10.14892,0.98442,An toan,An toan,"Nhi?t ?? 29.2?C, ?? ?m 74.3%, Kh? CO th?p (14.9 ppm), M?c ch?y: An to?n","Kh? CH4 (25.2 ppm), LPG (18.2 ppm), CO (14.9 ppm), M?c kh? gas: An to?n",Auto,OFF,OFF,OFF,OFF,
3/11/2025,11:02:11,29.407,75.419,14.36642,24.29295,18.42867,13.52844,18.43517,0.72324,An toan,An toan,"Nhi?t ?? 29.4?C, ?? ?m 75.4%, Kh? CO th?p (13.5 ppm), M?c ch?y: An to?n","Kh? CH4 (24.3 ppm), LPG (18.4 ppm), CO (13.5 ppm), M?c kh? gas: An to?n",Auto,OFF,OFF,OFF,OFF,
3/11/2025,11:07:18,29.341,77.926,14.34784,24.3606,18.97364,14.07781,18.35406,0.73339,An toan,An toan,"Nhi?t ?? 29.3?C, ?? ?m 77.9%, Kh? CO th?p (14.1 ppm), M?c ch?y: An to?n","Kh? CH4 (24.4 ppm), LPG (19.0 ppm), CO (14.1 ppm), M?c kh? gas: An to?n",Auto,OFF,OFF,OFF,OFF,
3/11/2025,11:08:32,29.017,76.693,14.13374,25.84215,18.71159,13.09379,25.9565,0.81798,An toan,An toan,"Nhi?t ?? 29.0?C, ?? ?m 76.7%, Kh? CO th?p (13.1 ppm), M?c ch?y: An to?n","Kh? CH4 (25.8 ppm), LPG (18.7 ppm), CO (13.1 ppm), M?c kh? gas: An to?n",Auto,OFF,OFF,OFF,OFF,
3/11/2025,11:10:33,30.654,70.949,15.94326,26.7657,18.38133,14.80063,14.17046,0.42655,An toan,An toan,"Nhi?t ?? 30.7?C, ?? ?m 70.9%, Kh? CO th?p (14.8 ppm), M?c ch?y: An to?n","Kh? CH4 (26.8 ppm), LPG (18.4 ppm), CO (14.8 ppm), M?c kh? gas: An to?n",Auto,OFF,OFF,OFF,OFF,
3/11/2025,11:14:33,30.722,75.64,15.84625,26.89546,19.38283,14.09573,10.5606,0.13165,An toan,An toan,"Nhi?t ?? 30.7?C, ?? ?m 75.6%, Kh? CO th?p (14.1 ppm), M?c ch?y: An to?n","Kh? CH4 (26.9 ppm), LPG (19.4 ppm), CO (14.1 ppm), M?c kh? gas: An to?n",Auto,OFF,OFF,OFF,OFF,
3/11/2025,11:19:08,29.977,70.36,15.9842,26.58371,18.56412,13.58214,16.75502,0.3858,An toan,An toan,"Nhi?t ?? 30.0?C, ?? ?m 70.4%, Kh? CO th?p (13.6 ppm), M?c ch?y: An to?n","Kh? CH4 (26.6 ppm), LPG (18.6 ppm), CO (13.6 ppm), M?c kh? gas: An to?n",Auto,OFF,OFF,OFF,OFF,
3/11/2025,11:21:50,29.583,77.166,15.72082,25.33096,17.54001,14.29481,21.37161,0.17691,An toan,An toan,"Nhi?t ?? 29.6?C, ?? ?m 77.2%, Kh? CO th?p (14.3 ppm), M?c ch?y: An to?n","Kh? CH4 (25.3 ppm), LPG (17.5 ppm), CO (14.3 ppm), M?c kh? gas: An to?n",Auto,OFF,OFF,OFF,OFF,
3/11/2025,11:28:30,29.841,72.585,14.44489,26.90716,17.25028,14.68947,24.67035,0.46968,An toan,An toan,"Nhi?t ?? 29.8?C, ?? ?m 72.6%, Kh? CO th?p (14.7 ppm), M?c ch?y: An to?n","Kh? CH4 (26.9 ppm), LPG (17.3 ppm), CO (14.7 ppm), M?c kh? gas: An to?n",Auto,OFF,OFF,OFF,OFF,
3/11/2025,11:32:47,30.014,70.226,14.09383,24.82446,19.40132,14.01735,20.27319,0.72275,An toan,An toan,"Nhi?t ?? 30.0?C, ?? ?m 70.2%, Kh? CO th?p (14.0 ppm), M?c ch?y: An to?n","Kh? CH4 (24.8 ppm), LPG (19.4 ppm), CO (14.0 ppm), M?c kh? gas: An to?n",Auto,OFF,OFF,OFF,OFF,
3/11/2025,11:35:14,30.482,79.303,14.01478,24.86735,17.32458,13.94432,28.82814,0.99023,An toan,An toan,"Nhi?t ?? 30.5?C, ?? ?m 79.3%, Kh? CO th?p (13.9 ppm), M?c ch?y: An to?n","Kh? CH4 (24.9 ppm), LPG (17.3 ppm), CO (13.9 ppm), M?c kh? gas: An to?n",Auto,OFF,OFF,OFF,OFF,
3/11/2025,11:39:01,30.926,76.194,15.46505,24.18816,17.46727,13.23082,14.03407,0.64757,An toan,An toan,"Nhi?t ?? 30.9?C, ?? ?m 76.2%, Kh? CO th?p (13.2 ppm), M?c ch?y: An to?n","Kh? CH4 (24.2 ppm), LPG (17.5 ppm), CO (13.2 ppm), M?c kh? gas: An to?n",Auto,OFF,OFF,OFF,OFF,
3/11/2025,11:39:54,30.113,75.63,15.00972,26.30398,18.16772,14.27312,13.29535,0.64085,An toan,An toan,"Nhi?t ?? 30.1?C, ?? ?m 75.6%, Kh? CO th?p (14.3 ppm), M?c ch?y: An to?n","Kh? CH4 (26.3 ppm), LPG (18.2 ppm), CO (14.3 ppm), M?c kh? gas: An to?n",Auto,OFF,OFF,OFF,OFF,
3/11/2025,11:41:42,29.009,74.772,15.93259,26.85359,19.35649,14.58687,16.44749,0.67976,An toan,An toan,"Nhi?t ?? 29.0?C, ?? ?m 74.8%, Kh? CO th?p (14.6 ppm), M?c ch?y: An to?n","Kh? CH4 (26.9 ppm), LPG (19.4 ppm), CO (14.6 ppm), M?c kh? gas: An to?n",Auto,OFF,OFF,OFF,OFF,
3/11/2025,11:44:55,29.453,69.804,15.39097,25.41557,18.00797,13.04867,25.79111,0.55404,An toan,An toan,"Nhi?t ?? 29.5?C, ?? ?m 69.8%, Kh? CO th?p (13.0 ppm), M?c ch?y: An to?n","Kh? CH4 (25.4 ppm), LPG (18.0 ppm), CO (13.0 ppm), M?c kh? gas: An to?n",Auto,OFF,OFF,OFF,OFF,
3/11/2025,11:51:29,29.199,71.408,15.77731,26.98159,19.30478,14.13946,22.76206,0.27424,An toan,An toan,"Nhi?t ?? 29.2?C, ?? ?m 71.4%, Kh? CO th?p (14.1 ppm), M?c ch?y: An to?n","Kh? CH4 (27.0 ppm), LPG (19.3 ppm), CO (14.1 ppm), M?c kh? gas: An to?n",Auto,OFF,OFF,OFF,OFF,
3/11/2025,11:51:37,29.632,76.161,14.32038,26.87565,19.43608,13.67502,22.30465,0.9685,An toan,An toan,"Nhi?t ?? 29.6?C, ?? ?m 76.2%, Kh? CO th?p (13.7 ppm), M?c ch?y: An to?n","Kh? CH4 (26.9 ppm), LPG (19.4 ppm), CO (13.7 ppm), M?c kh? gas: An to?n",Auto,OFF,OFF,OFF,OFF,
3/11/2025,11:55:50,30.929,73.774,14.93382,24.24278,17.95299,13.83582,20.83801,0.36356,An toan,An toan,"Nhi?t ?? 30.9?C, ?? ?m 73.8%, Kh? CO th?p (13.8 ppm), M?c ch?y: An to?n","Kh? CH4 (24.2 ppm), LPG (18.0 ppm), CO (13.8 ppm), M?c kh? gas: An to?n",Auto,OFF,OFF,OFF,OFF,
3/11/2025,11:56:34,30.795,74.604,15.13516,25.87996,19.24817,14.69858,22.07755,0.72456,An toan,An toan,"Nhi?t ?? 30.8?C, ?? ?m 74.6%, Kh? CO th?p (14.7 ppm), M?c ch?y: An to?n","Kh? CH4 (25.9 ppm), LPG (19.2 ppm), CO (14.7 ppm), M?c kh? gas: An to?n",Auto,OFF,OFF,OFF,OFF,
3/11/2025,11:56:58,29.115,73.465,14.14552,25.23737,18.86012,14.29503,12.54353,0.79352,An toan,An toan,"Nhi?t ?? 29.1?C, ?? ?m 73.5%, Kh? CO th?p (14.3 ppm), M?c ch?y: An to?n","Kh? CH4 (25.2 ppm), LPG (18.9 ppm), CO (14.3 ppm), M?c kh? gas: An to?n",Auto,OFF,OFF,OFF,OFF,
3/11/2025,11:57:25,29.505,71.16,14.88603,26.92499,18.46726,14.62104,24.02262,0.73217,An toan,An toan,"Nhi?t ?? 29.5?C, ?? ?m 71.2%, Kh? CO th?p (14.6 ppm), M?c ch?y: An to?n","Kh? CH4 (26.9 ppm), LPG (18.5 ppm), CO (14.6 ppm), M?c kh? gas: An to?n",Auto,OFF,OFF,OFF,OFF,
3/11/2025,12:05:18,29.104,76.291,15.59324,24.42506,18.27567,14.97621,12.7892,0.85668,An toan,An toan,"Nhi?t ?? 29.1?C, ?? ?m 76.3%, Kh? CO th?p (15.0 ppm), M?c ch?y: An to?n","Kh? CH4 (24.4 ppm), LPG (18.3 ppm), CO (15.0 ppm), M?c kh? gas: An to?n",Auto,OFF,OFF,OFF,OFF,
3/11/2025,12:05:59,29.304,69.736,14.39566,25.27899,19.66751,14.42793,11.32272,0.59206,An toan,An toan,"Nhi?t ?? 29.3?C, ?? ?m 69.7%, Kh? CO th?p (14.4 ppm), M?c ch?y: An to?n","Kh? CH4 (25.3 ppm), LPG (19.7 ppm), CO (14.4 ppm), M?c kh? gas: An to?n",Auto,OFF,OFF,OFF,OFF,
3/11/2025,12:11:51,29.05,78.958,14.43309,26.8316,18.79225,13.44651,29.15139,0.97578,An toan,An toan,"Nhi?t ?? 29.0?C, ?? ?m 79.0%, Kh? CO th?p (13.4 ppm), M?c ch?y: An to?n","Kh? CH4 (26.8 ppm), LPG (18.8 ppm), CO (13.4 ppm), M?c kh? gas: An to?n",Auto,OFF,OFF,OFF,OFF,
3/11/2025,12:12:32,30.866,73.022,15.8403,25.32675,19.89586,14.46997,24.78314,0.84165,An toan,An toan,"Nhi?t ?? 30.9?C, ?? ?m 73.0%, Kh? CO th?p (14.5 ppm), M?c ch?y: An to?n","Kh? CH4 (25.3 ppm), LPG (19.9 ppm), CO (14.5 ppm), M?c kh? gas: An to?n",Auto,OFF,OFF,OFF,OFF,
3/11/2025,12:13:22,29.594,77.771,14.85542,26.41627,18.20376,13.20769,11.41555,0.50017,An toan,An toan,"Nhi?t ?? 29.6?C, ?? ?m 77.8%, Kh? CO th?p (13.2 ppm), M?c ch?y: An to?n","Kh? CH4 (26.4 ppm), LPG (18.2 ppm), CO (13.2 ppm), M?c kh? gas: An to?n",Auto,OFF,OFF,OFF,OFF,
3/11/2025,12:15:33,29.829,77.234,15.05288,25.31979,18.72977,13.72715,15.51102,0.44576,An toan,An toan,"Nhi?t ?? 29.8?C, ?? ?m 77.2%, Kh? CO th?p (13.7 ppm), M?c ch?y: An to?n","Kh? CH4 (25.3 ppm), LPG (18.7 ppm), CO (13.7 ppm), M?c kh? gas: An to?n",Auto,OFF,OFF,OFF,OFF,
3/11/2025,12:16:17,30.895,73.37,15.70012,24.1881,19.84783,13.25458,29.13371,0.37709,An toan,An toan,"Nhi?t ?? 30.9?C, ?? ?m 73.4%, Kh? CO th?p (13.3 ppm), M?c ch?y: An to?n","Kh? CH4 (24.2 ppm), LPG (19.8 ppm), CO (13.3 ppm), M?c kh? gas: An to?n",Auto,OFF,OFF,OFF,OFF,
3/11/2025,12:19:49,29.11,75.794,14.41685,26.11743,19.08603,13.39786,14.55722,0.24499,An toan,An toan,"Nhi?t ?? 29.1?C, ?? ?m 75.8%, Kh? CO th?p (13.4 ppm), M?c ch?y: An to?n","Kh? CH4 (26.1 ppm), LPG (19.1 ppm), CO (13.4 ppm), M?c kh? gas: An to?n",Auto,OFF,OFF,OFF,OFF,
3/11/2025,12:20:08,30.818,77.053,15.54672,25.13998,17.067,13.2185,17.57066,0.77853,An toan,An toan,"Nhi?t ?? 30.8?C, ?? ?m 77.1%, Kh? CO th?p (13.2 ppm), M?c ch?y: An to?n","Kh? CH4 (25.1 ppm), LPG (17.1 ppm), CO (13.2 ppm), M?c kh? gas: An to?n",Auto,OFF,OFF,OFF,OFF,
3/11/2025,12:23:45,29.439,74.64,15.85401,26.7781,19.49709,14.14236,24.86126,0.4999,An toan,An toan,"Nhi?t ?? 29.4?C, ?? ?m 74.6%, Kh? CO th?p (14.1 ppm), M?c ch?y: An to?n","Kh? CH4 (26.8 ppm), LPG (19.5 ppm), CO (14.1 ppm), M?c kh? gas: An to?n",Auto,OFF,OFF,OFF,OFF,
3/11/2025,12:24:48,29.471,79.723,14.28181,24.43163,19.52695,14.24327,28.83776,0.92044,An toan,An toan,"Nhi?t ?? 29.5?C, ?? ?m 79.7%, Kh? CO th?p (14.2 ppm), M?c ch?y: An to?n","Kh? CH4 (24.4 ppm), LPG (19.5 ppm), CO (14.2 ppm), M?c kh? gas: An to?n",Auto,OFF,OFF,OFF,OFF,
3/11/2025,12:25:30,30.447,70.211,15.27515,26.48842,19.43997,13.43517,23.21658,0.58027,An toan,An toan,"Nhi?t ?? 30.4?C, ?? ?m 70.2%, Kh? CO th?p (13.4 ppm), M?c ch?y: An to?n","Kh? CH4 (26.5 ppm), LPG (19.4 ppm), CO (13.4 ppm), M?c kh? gas: An to?n",Auto,OFF,OFF,OFF,OFF,
3/11/2025,12:27:02,30.157,75.626,14.94896,26.99795,17.74319,13.81976,18.81345,0.85271,An toan,An toan,"Nhi?t ?? 30.2?C, ?? ?m 75.6%, Kh? CO th?p (13.8 ppm), M?c ch?y: An to?n","Kh? CH4 (27.0 ppm), LPG (17.7 ppm), CO (13.8 ppm), M?c kh? gas: An to?n",Auto,OFF,OFF,OFF,OFF,
3/11/2025,12:32:38,29.068,70.296,14.80328,25.34643,19.60283,14.26368,28.19732,0.41159,An toan,An toan,"Nhi?t ?? 29.1?C, ?? ?m 70.3%, Kh? CO th?p (14.3 ppm), M?c ch?y: An to?n","Kh? CH4 (25.3 ppm), LPG (19.6 ppm), CO (14.3 ppm), M?c kh? gas: An to?n",Auto,OFF,OFF,OFF,OFF,
3/11/2025,12:36:27,30.445,78.458,14.0656,25.64544,19.52741,13.09765,22.54377,0.78354,An toan,An toan,"Nhi?t ?? 30.4?C, ?? ?m 78.5%, Kh? CO th?p (13.1 ppm), M?c ch?y: An to?n","Kh? CH4 (25.6 ppm), LPG (19.5 ppm), CO (13.1 ppm), M?c kh? gas: An to?n",Auto,OFF,OFF,OFF,OFF,
3/11/2025,12:39:44,30.076,69.276,14.1527,26.22564,17.59843,14.09714,25.6831,0.5234,An toan,An toan,"Nhi?t ?? 30.1?C, ?? ?m 69.3%, Kh? CO th?p (14.1 ppm), M?c ch?y: An to?n","Kh? CH4 (26.2 ppm), LPG (17.6 ppm), CO (14.1 ppm), M?c kh? gas: An to?n",Auto,OFF,OFF,OFF,OFF,
3/11/2025,12:44:07,29.346,76.768,14.65661,26.58071,17.66647,14.02811,19.67758,0.6003,An toan,An toan,"Nhi?t ?? 29.3?C, ?? ?m 76.8%, Kh? CO th?p (14.0 ppm), M?c ch?y: An to?n","Kh? CH4 (26.6 ppm), LPG (17.7 ppm), CO (14.0 ppm), M?c kh? gas: An to?n",Auto,OFF,OFF,OFF,OFF,
3/11/2025,12:45:20,30.171,74.504,15.72397,26.13105,17.23051,14.8959,24.65337,0.40419,An toan,An toan,"Nhi?t ?? 30.2?C, ?? ?m 74.5%, Kh? CO th?p (14.9 ppm), M?c ch?y: An to?n","Kh? CH4 (26.1 ppm), LPG (17.2 ppm), CO (14.9 ppm), M?c kh? gas: An to?n",Auto,OFF,OFF,OFF,OFF,
3/11/2025,12:48:12,29.281,73.22,15.77865,26.84526,17.97885,14.8341,24.16449,0.85868,An toan,An toan,"Nhi?t ?? 29.3?C, ?? ?m 73.2%, Kh? CO th?p (14.8 ppm), M?c ch?y: An to?n","Kh? CH4 (26.8 ppm), LPG (18.0 ppm), CO (14.8 ppm), M?c kh? gas: An to?n",Auto,OFF,OFF,OFF,OFF,
3/11/2025,12:56:09,29.208,70.704,14.45198,26.07456,19.88396,13.76785,19.81471,0.56082,An toan,An toan,"Nhi?t ?? 29.2?C, ?? ?m 70.7%, Kh? CO th?p (13.8 ppm), M?c ch?y: An to?n","Kh? CH4 (26.1 ppm), LPG (19.9 ppm), CO (13.8 ppm), M?c kh? gas: An to?n",Auto,OFF,OFF,OFF,OFF,
3/11/2025,13:05:46,30.987,76.987,14.58465,26.19051,19.82144,14.42391,26.94522,0.58706,An toan,An toan,"Nhi?t ?? 31.0?C, ?? ?m 77.0%, Kh? CO th?p (14.4 ppm), M?c ch?y: An to?n","Kh? CH4 (26.2 ppm), LPG (19.8 ppm), CO (14.4 ppm), M?c kh? gas: An to?n",Auto,OFF,OFF,OFF,OFF,
3/11/2025,13:07:53,30.366,70.933,15.51117,25.97732,19.49271,14.82106,28.97646,0.68305,An toan,An toan,"Nhi?t ?? 30.4?C, ?? ?m 70.9%, Kh? CO th?p (14.8 ppm), M?c ch?y: An to?n","Kh? CH4 (26.0 ppm), LPG (19.5 ppm), CO (14.8 ppm), M?c kh? gas: An to?n",Auto,OFF,OFF,OFF,OFF,
3/11/2025,13:09:14,30.634,75.922,15.47647,24.42602,17.27251,14.45392,16.59765,0.97793,An toan,An toan,"Nhi?t ?? 30.6?C, ?? ?m 75.9%, Kh? CO th?p (14.5 ppm), M?c ch?y: An to?n","Kh? CH4 (24.4 ppm), LPG (17.3 ppm), CO (14.5 ppm), M?c kh? gas: An to?n",Auto,OFF,OFF,OFF,OFF,
3/11/2025,13:11:19,30.977,77.295,15.40943,24.77837,18.94019,14.30854,17.84908,0.63066,An toan,An toan,"Nhi?t ?? 31.0?C, ?? ?m 77.3%, Kh? CO th?p (14.3 ppm), M?c ch?y: An to?n","Kh? CH4 (24.8 ppm), LPG (18.9 ppm), CO (14.3 ppm), M?c kh? gas: An to?n",Auto,OFF,OFF,OFF,OFF,
3/11/2025,13:17:22,30.671,78.951,14.64061,25.52271,18.07003,14.19772,21.91202,0.35927,An toan,An toan,"Nhi?t ?? 30.7?C, ?? ?m 79.0%, Kh? CO th?p (14.2 ppm), M?c ch?y: An to?n","Kh? CH4 (25.5 ppm), LPG (18.1 ppm), CO (14.2 ppm), M?c kh? gas: An to?n",Auto,OFF,OFF,OFF,OFF,
3/11/2025,13:18:04,30.337,72.006,14.15055,24.2507,19.32382,13.43136,20.67296,0.8897,An toan,An toan,"Nhi?t ?? 30.3?C, ?? ?m 72.0%, Kh? CO th?p (13.4 ppm), M?c ch?y: An to?n","Kh? CH4 (24.3 ppm), LPG (19.3 ppm), CO (13.4 ppm), M?c kh? gas: An to?n",Auto,OFF,OFF,OFF,OFF,
3/11/2025,13:20:36,30.419,77.004,14.93656,24.37049,17.49665,14.20154,26.74775,0.45473,An toan,An toan,"Nhi?t ?? 30.4?C, ?? ?m 77.0%, Kh? CO th?p (14.2 ppm), M?c ch?y: An to?n","Kh? CH4 (24.4 ppm), LPG (17.5 ppm), CO (14.2 ppm), M?c kh? gas: An to?n",Auto,OFF,OFF,OFF,OFF,
3/11/2025,13:24:35,30.721,75.787,15.26936,25.33535,17.62854,13.8631,13.29177,0.7342,An toan,An toan,"Nhi?t ?? 30.7?C, ?? ?m 75.8%, Kh? CO th?p (13.9 ppm), M?c ch?y: An to?n","Kh? CH4 (25.3 ppm), LPG (17.6 ppm), CO (13.9 ppm), M?c kh? gas: An to?n",Auto,OFF,OFF,OFF,OFF,
3/11/2025,13:25:26,30.522,74.578,15.87048,24.61124,19.94015,13.81064,10.22247,0.75913,An toan,An toan,"Nhi?t ?? 30.5?C, ?? ?m 74.6%, Kh? CO th?p (13.8 ppm), M?c ch?y: An to?n","Kh? CH4 (24.6 ppm), LPG (19.9 ppm), CO (13.8 ppm), M?c kh? gas: An to?n",Auto,OFF,OFF,OFF,OFF,
3/11/2025,13:31:02,30.401,79.549,15.71763,24.97423,17.05023,14.61448,18.15863,0.70374,An toan,An toan,"Nhi?t ?? 30.4?C, ?? ?m 79.5%, Kh? CO th?p (14.6 ppm), M?c ch?y: An to?n","Kh? CH4 (25.0 ppm), LPG (17.1 ppm), CO (14.6 ppm), M?c kh? gas: An to?n",Auto,OFF,OFF,OFF,OFF,
3/11/2025,13:34:56,29.051,79.592,14.8434,25.32788,19.51672,13.80542,26.40689,0.64886,An toan,An toan,"Nhi?t ?? 29.1?C, ?? ?m 79.6%, Kh? CO th?p (13.8 ppm), M?c ch?y: An to?n","Kh? CH4 (25.3 ppm), LPG (19.5 ppm), CO (13.8 ppm), M?c kh? gas: An to?n",Auto,OFF,OFF,OFF,OFF,
3/11/2025,13:36:15,30.267,72.535,14.03757,24.79755,17.81323,14.95409,12.57802,0.40975,An toan,An toan,"Nhi?t ?? 30.3?C, ?? ?m 72.5%, Kh? CO th?p (15.0 ppm), M?c ch?y: An to?n","Kh? CH4 (24.8 ppm), LPG (17.8 ppm), CO (15.0 ppm), M?c kh? gas: An to?n",Auto,OFF,OFF,OFF,OFF,
3/11/2025,13:37:07,29.644,69.42,15.40769,26.69675,18.81331,14.03402,11.65703,0.82621,An toan,An toan,"Nhi?t ?? 29.6?C, ?? ?m 69.4%, Kh? CO th?p (14.0 ppm), M?c ch?y: An to?n","Kh? CH4 (26.7 ppm), LPG (18.8 ppm), CO (14.0 ppm), M?c kh? gas: An to?n",Auto,OFF,OFF,OFF,OFF,
3/11/2025,13:38:00,30.727,71.176,15.35922,24.98555,18.52583,13.54636,15.52107,0.14382,An toan,An toan,"Nhi?t ?? 30.7?C, ?? ?m 71.2%, Kh? CO th?p (13.5 ppm), M?c ch?y: An to?n","Kh? CH4 (25.0 ppm), LPG (18.5 ppm), CO (13.5 ppm), M?c kh? gas: An to?n",Auto,OFF,OFF,OFF,OFF,
3/11/2025,13:39:45,29.505,69.507,15.98496,26.29307,19.74733,13.27388,19.68515,0.39207,An toan,An toan,"Nhi?t ?? 29.5?C, ?? ?m 69.5%, Kh? CO th?p (13.3 ppm), M?c ch?y: An to?n","Kh? CH4 (26.3 ppm), LPG (19.7 ppm), CO (13.3 ppm), M?c kh? gas: An to?n",Auto,OFF,OFF,OFF,OFF,
3/11/2025,13:40:01,30.93,75.942,15.85903,25.88815,19.31925,14.47634,21.65223,0.42083,An toan,An toan,"Nhi?t ?? 30.9?C, ?? ?m 75.9%, Kh? CO th?p (14.5 ppm), M?c ch?y: An to?n","Kh? CH4 (25.9 ppm), LPG (19.3 ppm), CO (14.5 ppm), M?c kh? gas: An to?n",Auto,OFF,OFF,OFF,OFF,
3/11/2025,13:44:43,30.943,73.366,15.57525,24.43107,19.16865,13.35116,21.12,0.43611,An toan,An toan,"Nhi?t ?? 30.9?C, ?? ?m 73.4%, Kh? CO th?p (13.4 ppm), M?c ch?y: An to?n","Kh? CH4 (24.4 ppm), LPG (19.2 ppm), CO (13.4 ppm), M?c kh? gas: An to?n",Auto,OFF,OFF,OFF,OFF,
3/11/2025,13:50:51,30.453,74.858,14.72726,24.67285,18.1303,13.28884,18.30966,0.64497,An toan,An toan,"Nhi?t ?? 30.5?C, ?? ?m 74.9%, Kh? CO th?p (13.3 ppm), M?c ch?y: An to?n","Kh? CH4 (24.7 ppm), LPG (18.1 ppm), CO (13.3 ppm), M?c kh? gas: An to?n",Auto,OFF,OFF,OFF,OFF,
3/11/2025,13:52:16,29.684,70.888,15.6086,26.72005,19.96018,13.82931,24.91711,0.68598,An toan,An toan,"Nhi?t ?? 29.7?C, ?? ?m 70.9%, Kh? CO th?p (13.8 ppm), M?c ch?y: An to?n","Kh? CH4 (26.7 ppm), LPG (20.0 ppm), CO (13.8 ppm), M?c kh? gas: An to?n",Auto,OFF,OFF,OFF,OFF,
3/11/2025,13:57:50,30.167,69.721,14.30488,24.18092,18.31864,13.49823,21.52349,0.58661,An toan,An toan,"Nhi?t ?? 30.2?C, ?? ?m 69.7%, Kh? CO th?p (13.5 ppm), M?c ch?y: An to?n","Kh? CH4 (24.2 ppm), LPG (18.3 ppm), CO (13.5 ppm), M?c kh? gas: An to?n",Auto,OFF,OFF,OFF,OFF,
3/11/2025,14:05:39,30.537,78.358,14.8957,24.82608,17.00891,14.82664,27.07047,0.69559,An toan,An toan,"Nhi?t ?? 30.5?C, ?? ?m 78.4%, Kh? CO th?p (14.8 ppm), M?c ch?y: An to?n","Kh? CH4 (24.8 ppm), LPG (17.0 ppm), CO (14.8 ppm), M?c kh? gas: An to?n",Auto,OFF,OFF,OFF,OFF,
3/11/2025,14:08:30,29.158,78.423,14.98212,25.38407,17.75072,13.11806,17.50384,0.94155,An toan,An toan,"Nhi?t ?? 29.2?C, ?? ?m 78.4%, Kh? CO th?p (13.1 ppm), M?c ch?y: An to?n","Kh? CH4 (25.4 ppm), LPG (17.8 ppm), CO (13.1 ppm), M?c kh? gas: An to?n",Auto,OFF,OFF,OFF,OFF,
3/11/2025,14:09:02,29.508,69.108,15.09914,25.14011,19.71127,14.91399,24.2918,0.29743,An toan,An toan,"Nhi?t ?? 29.5?C, ?? ?m 69.1%, Kh? CO th?p (14.9 ppm), M?c ch?y: An to?n","Kh? CH4 (25.1 ppm), LPG (19.7 ppm), CO (14.9 ppm), M?c kh? gas: An to?n",Auto,OFF,OFF,OFF,OFF,
3/11/2025,14:09:19,30.984,69.215,14.9825,26.37766,19.19361,13.65703,17.7375,0.43509,An toan,An toan,"Nhi?t ?? 31.0?C, ?? ?m 69.2%, Kh? CO th?p (13.7 ppm), M?c ch?y: An to?n","Kh? CH4 (26.4 ppm), LPG (19.2 ppm), CO (13.7 ppm), M?c kh? gas: An to?n",Auto,OFF,OFF,OFF,OFF,
3/11/2025,14:09:26,29.905,75.529,15.09489,25.01626,18.96234,13.61119,14.28929,0.80282,An toan,An toan,"Nhi?t ?? 29.9?C, ?? ?m 75.5%, Kh? CO th?p (13.6 ppm), M?c ch?y: An to?n","Kh? CH4 (25.0 ppm), LPG (19.0 ppm), CO (13.6 ppm), M?c kh? gas: An to?n",Auto,OFF,OFF,OFF,OFF,
3/11/2025,14:13:26,29.787,70.2,15.5193,24.39494,19.21944,13.01193,22.38095,0.43453,An toan,An toan,"Nhi?t ?? 29.8?C, ?? ?m 70.2%, Kh? CO th?p (13.0 ppm), M?c ch?y: An to?n","Kh? CH4 (24.4 ppm), LPG (19.2 ppm), CO (13.0 ppm), M?c kh? gas: An to?n",Auto,OFF,OFF,OFF,OFF,
3/11/2025,14:13:51,30.759,73.459,15.54559,26.82191,17.38307,14.16123,25.39211,0.6318,An toan,An toan,"Nhi?t ?? 30.8?C, ?? ?m 73.5%, Kh? CO th?p (14.2 ppm), M?c ch?y: An to?n","Kh? CH4 (26.8 ppm), LPG (17.4 ppm), CO (14.2 ppm), M?c kh? gas: An to?n",Auto,OFF,OFF,OFF,OFF,
3/11/2025,14:18:54,30.784,72.32,15.03566,26.33849,17.12194,13.93724,22.77759,0.16497,An toan,An toan,"Nhi?t ?? 30.8?C, ?? ?m 72.3%, Kh? CO th?p (13.9 ppm), M?c ch?y: An to?n","Kh? CH4 (26.3 ppm), LPG (17.1 ppm), CO (13.9 ppm), M?c kh? gas: An to?n",Auto,OFF,OFF,OFF,OFF,
3/11/2025,14:23:29,30.076,71.814,14.731,26.19318,17.46097,14.10365,16.16236,0.14346,An toan,An toan,"Nhi?t ?? 30.1?C, ?? ?m 71.8%, Kh? CO th?p (14.1 ppm), M?c ch?y: An to?n","Kh? CH4 (26.2 ppm), LPG (17.5 ppm), CO (14.1 ppm), M?c kh? gas: An to?n",Auto,OFF,OFF,OFF,OFF,
3/11/2025,14:27:27,30.154,73.163,15.76503,24.52122,17.16426,14.44915,24.16329,0.57537,An toan,An toan,"Nhi?t ?? 30.2?C, ?? ?m 73.2%, Kh? CO th?p (14.4 ppm), M?c ch?y: An to?n","Kh? CH4 (24.5 ppm), LPG (17.2 ppm), CO (14.4 ppm), M?c kh? gas: An to?n",Auto,OFF,OFF,OFF,OFF,
3/11/2025,14:28:15,29.286,74.497,15.09407,25.47418,18.07576,14.74781,11.43524,0.82629,An toan,An toan,"Nhi?t ?? 29.3?C, ?? ?m 74.5%, Kh? CO th?p (14.7 ppm), M?c ch?y: An to?n","Kh? CH4 (25.5 ppm), LPG (18.1 ppm), CO (14.7 ppm), M?c kh? gas: An to?n",Auto,OFF,OFF,OFF,OFF,
3/11/2025,14:32:53,29.317,71.679,15.05754,26.97374,18.43715,13.08738,21.71775,0.48025,An toan,An toan,"Nhi?t ?? 29.3?C, ?? ?m 71.7%, Kh? CO th?p (13.1 ppm), M?c ch?y: An to?n","Kh? CH4 (27.0 ppm), LPG (18.4 ppm), CO (13.1 ppm), M?c kh? gas: An to?n",Auto,OFF,OFF,OFF,OFF,
3/11/2025,14:33:41,29.472,71.053,15.29026,26.04516,18.55318,13.0143,15.10327,0.78031,An toan,An toan,"Nhi?t ?? 29.5?C, ?? ?m 71.1%, Kh? CO th?p (13.0 ppm), M?c ch?y: An to?n","Kh? CH4 (26.0 ppm), LPG (18.6 ppm), CO (13.0 ppm), M?c kh? gas: An to?n",Auto,OFF,OFF,OFF,OFF,
3/11/2025,14:33:47,29.546,76.094,14.02646,25.71149,19.29799,14.77162,18.53178,0.50012,An toan,An toan,"Nhi?t ?? 29.5?C, ?? ?m 76.1%, Kh? CO th?p (14.8 ppm), M?c ch?y: An to?n","Kh? CH4 (25.7 ppm), LPG (19.3 ppm), CO (14.8 ppm), M?c kh? gas: An to?n",Auto,OFF,OFF,OFF,OFF,
3/11/2025,14:43:35,29.38,76.58,15.59099,25.45141,17.6504,14.35271,20.51094,0.74719,An toan,An toan,"Nhi?t ?? 29.4?C, ?? ?m 76.6%, Kh? CO th?p (14.4 ppm), M?c ch?y: An to?n","Kh? CH4 (25.5 ppm), LPG (17.7 ppm), CO (14.4 ppm), M?c kh? gas: An to?n",Auto,OFF,OFF,OFF,OFF,
3/11/2025,14:47:33,30.129,76.212,14.23986,25.79153,18.7685,13.07639,24.59914,0.31288,An toan,An toan,"Nhi?t ?? 30.1?C, ?? ?m 76.2%, Kh? CO th?p (13.1 ppm), M?c ch?y: An to?n","Kh? CH4 (25.8 ppm), LPG (18.8 ppm), CO (13.1 ppm), M?c kh? gas: An to?n",Auto,OFF,OFF,OFF,OFF,
3/11/2025,14:48:01,30.332,70.092,15.15055,26.62543,18.69381,14.08565,23.81956,0.65218,An toan,An toan,"Nhi?t ?? 30.3?C, ?? ?m 70.1%, Kh? CO th?p (14.1 ppm), M?c ch?y: An to?n","Kh? CH4 (26.6 ppm), LPG (18.7 ppm), CO (14.1 ppm), M?c kh? gas: An to?n",Auto,OFF,OFF,OFF,OFF,
3/11/2025,14:50:56,30.411,77.881,15.04795,25.49443,18.6285,14.6273,18.74747,0.69557,An toan,An toan,"Nhi?t ?? 30.4?C, ?? ?m 77.9%, Kh? CO th?p (14.6 ppm), M?c ch?y: An to?n","Kh? CH4 (25.5 ppm), LPG (18.6 ppm), CO (14.6 ppm), M?c kh? gas: An to?n",Auto,OFF,OFF,OFF,OFF,
3/11/2025,14:51:07,30.066,76.446,14.13553,26.85988,18.28001,13.1417,12.41185,0.32679,An toan,An toan,"Nhi?t ?? 30.1?C, ?? ?m 76.4%, Kh? CO th?p (13.1 ppm), M?c ch?y: An to?n","Kh? CH4 (26.9 ppm), LPG (18.3 ppm), CO (13.1 ppm), M?c kh? gas: An to?n",Auto,OFF,OFF,OFF,OFF,
3/11/2025,14:56:16,30.687,76.035,15.88371,25.88171,18.86774,13.48995,28.73391,0.9269,An toan,An toan,"Nhi?t ?? 30.7?C, ?? ?m 76.0%, Kh? CO th?p (13.5 ppm), M?c ch?y: An to?n","Kh? CH4 (25.9 ppm), LPG (18.9 ppm), CO (13.5 ppm), M?c kh? gas: An to?n",Auto,OFF,OFF,OFF,OFF,
3/11/2025,15:01:43,29.119,75.624,14.01937,25.05164,19.04512,13.19853,24.42546,0.14759,An toan,An toan,"Nhi?t ?? 29.1?C, ?? ?m 75.6%, Kh? CO th?p (13.2 ppm), M?c ch?y: An to?n","Kh? CH4 (25.1 ppm), LPG (19.0 ppm), CO (13.2 ppm), M?c kh? gas: An to?n",Auto,OFF,OFF,OFF,OFF,
3/11/2025,15:03:28,29.195,72.352,14.69091,25.85467,19.0914,13.04904,12.23855,0.48254,An toan,An toan,"Nhi?t ?? 29.2?C, ?? ?m 72.4%, Kh? CO th?p (13.0 ppm), M?c ch?y: An to?n","Kh? CH4 (25.9 ppm), LPG (19.1 ppm), CO (13.0 ppm), M?c kh? gas: An to?n",Auto,OFF,OFF,OFF,OFF,
3/11/2025,15:05:24,30.861,74.379,15.93196,25.35801,17.71236,13.92405,25.36323,0.68039,An toan,An toan,"Nhi?t ?? 30.9?C, ?? ?m 74.4%, Kh? CO th?p (13.9 ppm), M?c ch?y: An to?n","Kh? CH4 (25.4 ppm), LPG (17.7 ppm), CO (13.9 ppm), M?c kh? gas: An to?n",Auto,OFF,OFF,OFF,OFF,
3/11/2025,15:13:19,29.003,69.112,15.20864,24.61225,17.32303,14.14137,21.59171,0.94169,An toan,An toan,"Nhi?t ?? 29.0?C, ?? ?m 69.1%, Kh? CO th?p (14.1 ppm), M?c ch?y: An to?n","Kh? CH4 (24.6 ppm), LPG (17.3 ppm), CO (14.1 ppm), M?c kh? gas: An to?n",Auto,OFF,OFF,OFF,OFF,
3/11/2025,15:14:44,29.862,75.979,15.37284,26.97548,19.68239,13.20597,19.14172,0.27592,An toan,An toan,"Nhi?t ?? 29.9?C, ?? ?m 76.0%, Kh? CO th?p (13.2 ppm), M?c ch?y: An to?n","Kh? CH4 (27.0 ppm), LPG (19.7 ppm), CO (13.2 ppm), M?c kh? gas: An to?n",Auto,OFF,OFF,OFF,OFF,
3/11/2025,15:18:20,30.381,72.897,15.24804,25.77188,17.01654,13.135,25.75804,0.68179,An toan,An toan,"Nhi?t ?? 30.4?C, ?? ?m 72.9%, Kh? CO th?p (13.1 ppm), M?c ch?y: An to?n","Kh? CH4 (25.8 ppm), LPG (17.0 ppm), CO (13.1 ppm), M?c kh? gas: An to?n",Auto,OFF,OFF,OFF,OFF,
3/11/2025,15:21:25,30.619,70.625,14.57827,25.53066,17.87985,14.42454,27.66562,0.31385,An toan,An toan,"Nhi?t ?? 30.6?C, ?? ?m 70.6%, Kh? CO th?p (14.4 ppm), M?c ch?y: An to?n","Kh? CH4 (25.5 ppm), LPG (17.9 ppm), CO (14.4 ppm), M?c kh? gas: An to?n",Auto,OFF,OFF,OFF,OFF,
3/11/2025,15:26:14,30.114,76.64,15.61092,24.58243,18.94099,14.4967,21.50274,0.55071,An toan,An toan,"Nhi?t ?? 30.1?C, ?? ?m 76.6%, Kh? CO th?p (14.5 ppm), M?c ch?y: An to?n","Kh? CH4 (24.6 ppm), LPG (18.9 ppm), CO (14.5 ppm), M?c kh? gas: An to?n",Auto,OFF,OFF,OFF,OFF,
3/11/2025,15:32:49,29.332,78.98,15.06977,25.57637,17.86541,14.92878,14.29986,0.99635,An toan,An toan,"Nhi?t ?? 29.3?C, ?? ?m 79.0%, Kh? CO th?p (14.9 ppm), M?c ch?y: An to?n","Kh? CH4 (25.6 ppm), LPG (17.9 ppm), CO (14.9 ppm), M?c kh? gas: An to?n",Auto,OFF,OFF,OFF,OFF,
3/11/2025,15:34:09,30.834,70.771,15.34188,25.78163,18.54558,13.51532,17.96534,0.61198,An toan,An toan,"Nhi?t ?? 30.8?C, ?? ?m 70.8%, Kh? CO th?p (13.5 ppm), M?c ch?y: An to?n","Kh? CH4 (25.8 ppm), LPG (18.5 ppm), CO (13.5 ppm), M?c kh? gas: An to?n",Auto,OFF,OFF,OFF,OFF,
3/11/2025,15:39:19,30.22,69.085,15.11399,25.90937,18.7422,13.43052,21.20672,0.41492,An toan,An toan,"Nhi?t ?? 30.2?C, ?? ?m 69.1%, Kh? CO th?p (13.4 ppm), M?c ch?y: An to?n","Kh? CH4 (25.9 ppm), LPG (18.7 ppm), CO (13.4 ppm), M?c kh? gas: An to?n",Auto,OFF,OFF,OFF,OFF,
3/11/2025,15:40:21,29.723,79.432,15.16327,25.46303,18.16647,13.65947,26.41895,0.11395,An toan,An toan,"Nhi?t ?? 29.7?C, ?? ?m 79.4%, Kh? CO th?p (13.7 ppm), M?c ch?y: An to?n","Kh? CH4 (25.5 ppm), LPG (18.2 ppm), CO (13.7 ppm), M?c kh? gas: An to?n",Auto,OFF,OFF,OFF,OFF,
3/11/2025,15:40:44,29.07,75.752,15.41169,24.35684,19.9089,13.30474,28.81577,0.93156,An toan,An toan,"Nhi?t ?? 29.1?C, ?? ?m 75.8%, Kh? CO th?p (13.3 ppm), M?c ch?y: An to?n","Kh? CH4 (24.4 ppm), LPG (19.9 ppm), CO (13.3 ppm), M?c kh? gas: An to?n",Auto,OFF,OFF,OFF,OFF,
3/11/2025,15:44:34,30.384,71.585,15.22066,25.13364,17.4647,13.80935,11.71841,0.6096,An toan,An toan,"Nhi?t ?? 30.4?C, ?? ?m 71.6%, Kh? CO th?p (13.8 ppm), M?c ch?y: An to?n","Kh? CH4 (25.1 ppm), LPG (17.5 ppm), CO (13.8 ppm), M?c kh? gas: An to?n",Auto,OFF,OFF,OFF,OFF,
3/11/2025,15:46:41,29.529,71.988,15.53882,26.9805,17.13183,14.07762,29.08278,0.45016,An toan,An toan,"Nhi?t ?? 29.5?C, ?? ?m 72.0%, Kh? CO th?p (14.1 ppm), M?c ch?y: An to?n","Kh? CH4 (27.0 ppm), LPG (17.1 ppm), CO (14.1 ppm), M?c kh? gas: An to?n",Auto,OFF,OFF,OFF,OFF,
3/11/2025,15:50:18,29.339,75.014,14.17816,26.55638,19.09616,13.49601,27.4507,0.88801,An toan,An toan,"Nhi?t ?? 29.3?C, ?? ?m 75.0%, Kh? CO th?p (13.5 ppm), M?c ch?y: An to?n","Kh? CH4 (26.6 ppm), LPG (19.1 ppm), CO (13.5 ppm), M?c kh? gas: An to?n",Auto,OFF,OFF,OFF,OFF,
3/11/2025,15:51:08,29.907,71.876,15.10611,24.96894,19.879,14.17746,16.36195,0.63314,An toan,An toan,"Nhi?t ?? 29.9?C, ?? ?m 71.9%, Kh? CO th?p (14.2 ppm), M?c ch?y: An to?n","Kh? CH4 (25.0 ppm), LPG (19.9 ppm), CO (14.2 ppm), M?c kh? gas: An to?n",Auto,OFF,OFF,OFF,OFF,
3/11/2025,15:52:09,29.855,74.445,14.92653,24.65514,18.75571,14.73992,13.65332,0.54956,An toan,An toan,"Nhi?t ?? 29.9?C, ?? ?m 74.4%, Kh? CO th?p (14.7 ppm), M?c ch?y: An to?n","Kh? CH4 (24.7 ppm), LPG (18.8 ppm), CO (14.7 ppm), M?c kh? gas: An to?n",Auto,OFF,OFF,OFF,OFF,
3/11/2025,15:55:19,30.924,70.942,14.55015,25.70234,17.49734,13.15222,19.22586,0.26397,An toan,An toan,"Nhi?t ?? 30.9?C, ?? ?m 70.9%, Kh? CO th?p (13.2 ppm), M?c ch?y: An to?n","Kh? CH4 (25.7 ppm), LPG (17.5 ppm), CO (13.2 ppm), M?c kh? gas: An to?n",Auto,OFF,OFF,OFF,OFF,
3/11/2025,15:59:22,30.428,79.293,14.10153,26.04295,19.6649,14.86717,11.46905,0.22981,An toan,An toan,"Nhi?t ?? 30.4?C, ?? ?m 79.3%, Kh? CO th?p (14.9 ppm), M?c ch?y: An to?n","Kh? CH4 (26.0 ppm), LPG (19.7 ppm), CO (14.9 ppm), M?c kh? gas: An to?n",Auto,OFF,OFF,OFF,OFF,
3/11/2025,16:04:42,30.17,77.145,15.86265,26.47155,17.0154,13.65483,29.911,0.83579,An toan,An toan,"Nhi?t ?? 30.2?C, ?? ?m 77.1%, Kh? CO th?p (13.7 ppm), M?c ch?y: An to?n","Kh? CH4 (26.5 ppm), LPG (17.0 ppm), CO (13.7 ppm), M?c kh? gas: An to?n",Auto,OFF,OFF,OFF,OFF,
3/11/2025,16:05:49,30.467,69.766,14.79104,26.87732,17.12094,14.4792,21.13281,0.75612,An toan,An toan,"Nhi?t ?? 30.5?C, ?? ?m 69.8%, Kh? CO th?p (14.5 ppm), M?c ch?y: An to?n","Kh? CH4 (26.9 ppm), LPG (17.1 ppm), CO (14.5 ppm), M?c kh? gas: An to?n",Auto,OFF,OFF,OFF,OFF,
3/11/2025,16:06:29,30.737,76.548,14.44083,24.72804,19.49527,13.6643,23.03785,0.69322,An toan,An toan,"Nhi?t ?? 30.7?C, ?? ?m 76.5%, Kh? CO th?p (13.7 ppm), M?c ch?y: An to?n","Kh? CH4 (24.7 ppm), LPG (19.5 ppm), CO (13.7 ppm), M?c kh? gas: An to?n",Auto,OFF,OFF,OFF,OFF,
3/11/2025,16:11:04,30.185,72.418,15.43157,26.29709,18.4146,13.61139,20.84666,0.86942,An toan,An toan,"Nhi?t ?? 30.2?C, ?? ?m 72.4%, Kh? CO th?p (13.6 ppm), M?c ch?y: An to?n","Kh? CH4 (26.3 ppm), LPG (18.4 ppm), CO (13.6 ppm), M?c kh? gas: An to?n",Auto,OFF,OFF,OFF,OFF,
3/11/2025,16:14:08,30.529,77.527,14.38387,24.23638,19.51876,13.30237,13.97869,0.35236,An toan,An toan,"Nhi?t ?? 30.5?C, ?? ?m 77.5%, Kh? CO th?p (13.3 ppm), M?c ch?y: An to?n","Kh? CH4 (24.2 ppm), LPG (19.5 ppm), CO (13.3 ppm), M?c kh? gas: An to?n",Auto,OFF,OFF,OFF,OFF,
3/11/2025,16:15:36,30.118,71.897,14.22817,24.76761,17.88567,14.62635,28.37126,0.50548,An toan,An toan,"Nhi?t ?? 30.1?C, ?? ?m 71.9%, Kh? CO th?p (14.6 ppm), M?c ch?y: An to?n","Kh? CH4 (24.8 ppm), LPG (17.9 ppm), CO (14.6 ppm), M?c kh? gas: An to?n",Auto,OFF,OFF,OFF,OFF,
3/11/2025,16:17:57,30.405,76.55,15.57635,25.16525,19.05442,13.94543,26.20633,0.66831,An toan,An toan,"Nhi?t ?? 30.4?C, ?? ?m 76.6%, Kh? CO th?p (13.9 ppm), M?c ch?y: An to?n","Kh? CH4 (25.2 ppm), LPG (19.1 ppm), CO (13.9 ppm), M?c kh? gas: An to?n",Auto,OFF,OFF,OFF,OFF,
3/11/2025,16:23:24,29.886,73.359,14.08012,25.07187,18.98617,13.34522,24.31324,0.79368,An toan,An toan,"Nhi?t ?? 29.9?C, ?? ?m 73.4%, Kh? CO th?p (13.3 ppm), M?c ch?y: An to?n","Kh? CH4 (25.1 ppm), LPG (19.0 ppm), CO (13.3 ppm), M?c kh? gas: An to?n",Auto,OFF,OFF,OFF,OFF,
3/11/2025,16:32:12,30.939,74.571,14.93423,24.41035,17.84525,13.17912,28.19939,0.48226,An toan,An toan,"Nhi?t ?? 30.9?C, ?? ?m 74.6%, Kh? CO th?p (13.2 ppm), M?c ch?y: An to?n","Kh? CH4 (24.4 ppm), LPG (17.8 ppm), CO (13.2 ppm), M?c kh? gas: An to?n",Auto,OFF,OFF,OFF,OFF,
3/11/2025,16:32:39,29.725,71.304,15.79561,25.77271,18.65744,14.07668,14.79261,0.70339,An toan,An toan,"Nhi?t ?? 29.7?C, ?? ?m 71.3%, Kh? CO th?p (14.1 ppm), M?c ch?y: An to?n","Kh? CH4 (25.8 ppm), LPG (18.7 ppm), CO (14.1 ppm), M?c kh? gas: An to?n",Auto,OFF,OFF,OFF,OFF,
3/11/2025,16:37:38,29.963,71.608,15.53851,24.70541,19.84679,14.53731,26.56834,0.60278,An toan,An toan,"Nhi?t ?? 30.0?C, ?? ?m 71.6%, Kh? CO th?p (14.5 ppm), M?c ch?y: An to?n","Kh? CH4 (24.7 ppm), LPG (19.8 ppm), CO (14.5 ppm), M?c kh? gas: An to?n",Auto,OFF,OFF,OFF,OFF,
3/11/2025,16:38:07,29.167,77.232,15.30893,24.68772,17.15271,14.18694,13.71159,0.3528,An toan,An toan,"Nhi?t ?? 29.2?C, ?? ?m 77.2%, Kh? CO th?p (14.2 ppm), M?c ch?y: An to?n","Kh? CH4 (24.7 ppm), LPG (17.2 ppm), CO (14.2 ppm), M?c kh? gas: An to?n",Auto,OFF,OFF,OFF,OFF,
3/11/2025,16:44:50,30.44,75.674,14.86559,24.6133,19.05162,13.90778,14.23735,0.25392,An toan,An toan,"Nhi?t ?? 30.4?C, ?? ?m 75.7%, Kh? CO th?p (13.9 ppm), M?c ch?y: An to?n","Kh? CH4 (24.6 ppm), LPG (19.1 ppm), CO (13.9 ppm), M?c kh? gas: An to?n",Auto,OFF,OFF,OFF,OFF,
3/11/2025,16:48:00,30.655,75.236,15.17939,25.78551,17.21208,13.58985,27.99964,0.20281,An toan,An toan,"Nhi?t ?? 30.7?C, ?? ?m 75.2%, Kh? CO th?p (13.6 ppm), M?c ch?y: An to?n","Kh? CH4 (25.8 ppm), LPG (17.2 ppm), CO (13.6 ppm), M?c kh? gas: An to?n",Auto,OFF,OFF,OFF,OFF,
3/11/2025,16:48:48,30.141,74.071,15.15208,24.67111,19.22633,14.14714,10.81513,0.10381,An toan,An toan,"Nhi?t ?? 30.1?C, ?? ?m 74.1%, Kh? CO th?p (14.1 ppm), M?c ch?y: An to?n","Kh? CH4 (24.7 ppm), LPG (19.2 ppm), CO (14.1 ppm), M?c kh? gas: An to?n",Auto,OFF,OFF,OFF,OFF,
3/11/2025,16:53:14,29.651,79.101,15.78124,24.20676,18.30031,14.01949,29.08886,0.52309,An toan,An toan,"Nhi?t ?? 29.7?C, ?? ?m 79.1%, Kh? CO th?p (14.0 ppm), M?c ch?y: An to?n","Kh? CH4 (24.2 ppm), LPG (18.3 ppm), CO (14.0 ppm), M?c kh? gas: An to?n",Auto,OFF,OFF,OFF,OFF,
3/11/2025,16:54:13,29.738,69.651,15.46518,24.47353,17.90569,14.4251,27.39523,0.51513,An toan,An toan,"Nhi?t ?? 29.7?C, ?? ?m 69.7%, Kh? CO th?p (14.4 ppm), M?c ch?y: An to?n","Kh? CH4 (24.5 ppm), LPG (17.9 ppm), CO (14.4 ppm), M?c kh? gas: An to?n",Auto,OFF,OFF,OFF,OFF,
3/11/2025,16:55:13,30.527,69.681,15.4351,24.11815,17.88171,13.11325,24.8564,0.39476,An toan,An toan,"Nhi?t ?? 30.5?C, ?? ?m 69.7%, Kh? CO th?p (13.1 ppm), M?c ch?y: An to?n","Kh? CH4 (24.1 ppm), LPG (17.9 ppm), CO (13.1 ppm), M?c kh? gas: An to?n",Auto,OFF,OFF,OFF,OFF,
3/11/2025,16:58:17,30.228,79.897,15.64991,24.87171,17.91467,14.157,16.26681,0.78625,An toan,An toan,"Nhi?t ?? 30.2?C, ?? ?m 79.9%, Kh? CO th?p (14.2 ppm), M?c ch?y: An to?n","Kh? CH4 (24.9 ppm), LPG (17.9 ppm), CO (14.2 ppm), M?c kh? gas: An to?n",Auto,OFF,OFF,OFF,OFF,
3/11/2025,16:59:56,29.05,71.323,14.40322,24.51497,18.00669,14.29211,14.27207,0.72493,An toan,An toan,"Nhi?t ?? 29.0?C, ?? ?m 71.3%, Kh? CO th?p (14.3 ppm), M?c ch?y: An to?n","Kh? CH4 (24.5 ppm), LPG (18.0 ppm), CO (14.3 ppm), M?c kh? gas: An to?n",Auto,OFF,OFF,OFF,OFF,
3/11/2025,17:01:33,30.492,73.52,15.69845,25.323,19.6219,14.97376,13.12052,0.89534,An toan,An toan,"Nhi?t ?? 30.5?C, ?? ?m 73.5%, Kh? CO th?p (15.0 ppm), M?c ch?y: An to?n","Kh? CH4 (25.3 ppm), LPG (19.6 ppm), CO (15.0 ppm), M?c kh? gas: An to?n",Auto,OFF,OFF,OFF,OFF,
3/11/2025,17:02:33,30.284,79.773,15.25583,24.32709,17.45657,14.34594,18.06322,0.41084,An toan,An toan,"Nhi?t ?? 30.3?C, ?? ?m 79.8%, Kh? CO th?p (14.3 ppm), M?c ch?y: An to?n","Kh? CH4 (24.3 ppm), LPG (17.5 ppm), CO (14.3 ppm), M?c kh? gas: An to?n",Auto,OFF,OFF,OFF,OFF,
3/11/2025,17:04:56,29.989,76.662,15.32996,25.65814,18.73994,14.96013,29.69938,0.35873,An toan,An toan,"Nhi?t ?? 30.0?C, ?? ?m 76.7%, Kh? CO th?p (15.0 ppm), M?c ch?y: An to?n","Kh? CH4 (25.7 ppm), LPG (18.7 ppm), CO (15.0 ppm), M?c kh? gas: An to?n",Auto,OFF,OFF,OFF,OFF,
3/11/2025,17:06:34,30.934,77.366,14.23063,26.91373,18.45276,13.04316,27.73683,0.1424,An toan,An toan,"Nhi?t ?? 30.9?C, ?? ?m 77.4%, Kh? CO th?p (13.0 ppm), M?c ch?y: An to?n","Kh? CH4 (26.9 ppm), LPG (18.5 ppm), CO (13.0 ppm), M?c kh? gas: An to?n",Auto,OFF,OFF,OFF,OFF,
3/11/2025,17:10:37,30.113,69.162,14.41123,24.16075,17.17759,13.62718,11.48004,0.43671,An toan,An toan,"Nhi?t ?? 30.1?C, ?? ?m 69.2%, Kh? CO th?p (13.6 ppm), M?c ch?y: An to?n","Kh? CH4 (24.2 ppm), LPG (17.2 ppm), CO (13.6 ppm), M?c kh? gas: An to?n",Auto,OFF,OFF,OFF,OFF,
3/11/2025,17:10:42,29.856,72.215,15.00139,26.60669,17.53923,13.46141,22.19894,0.26501,An toan,An toan,"Nhi?t ?? 29.9?C, ?? ?m 72.2%, Kh? CO th?p (13.5 ppm), M?c ch?y: An to?n","Kh? CH4 (26.6 ppm), LPG (17.5 ppm), CO (13.5 ppm), M?c kh? gas: An to?n",Auto,OFF,OFF,OFF,OFF,
3/11/2025,17:11:04,29.759,77.144,14.99942,26.46146,19.46125,13.8768,16.80368,0.73396,An toan,An toan,"Nhi?t ?? 29.8?C, ?? ?m 77.1%, Kh? CO th?p (13.9 ppm), M?c ch?y: An to?n","Kh? CH4 (26.5 ppm), LPG (19.5 ppm), CO (13.9 ppm), M?c kh? gas: An to?n",Auto,OFF,OFF,OFF,OFF,
3/11/2025,17:21:01,30,69.35,15.7908,24.22041,18.57412,14.47441,24.16297,0.95813,An toan,An toan,"Nhi?t ?? 30.0?C, ?? ?m 69.3%, Kh? CO th?p (14.5 ppm), M?c ch?y: An to?n","Kh? CH4 (24.2 ppm), LPG (18.6 ppm), CO (14.5 ppm), M?c kh? gas: An to?n",Auto,OFF,OFF,OFF,OFF,
3/11/2025,17:24:22,30.328,69.21,15.88832,24.84254,19.28373,14.92149,28.4202,0.46376,An toan,An toan,"Nhi?t ?? 30.3?C, ?? ?m 69.2%, Kh? CO th?p (14.9 ppm), M?c ch?y: An to?n","Kh? CH4 (24.8 ppm), LPG (19.3 ppm), CO (14.9 ppm), M?c kh? gas: An to?n",Auto,OFF,OFF,OFF,OFF,
3/11/2025,17:24:29,30.95,78.333,14.5862,25.01465,19.91443,14.0846,21.40987,0.92867,An toan,An toan,"Nhi?t ?? 30.9?C, ?? ?m 78.3%, Kh? CO th?p (14.1 ppm), M?c ch?y: An to?n","Kh? CH4 (25.0 ppm), LPG (19.9 ppm), CO (14.1 ppm), M?c kh? gas: An to?n",Auto,OFF,OFF,OFF,OFF,
3/11/2025,17:26:50,29.497,72.822,15.3539,26.35083,18.49301,13.85193,12.76937,0.32329,An toan,An toan,"Nhi?t ?? 29.5?C, ?? ?m 72.8%, Kh? CO th?p (13.9 ppm), M?c ch?y: An to?n","Kh? CH4 (26.4 ppm), LPG (18.5 ppm), CO (13.9 ppm), M?c kh? gas: An to?n",Auto,OFF,OFF,OFF,OFF,
3/11/2025,17:27:23,29.026,69.535,15.076,25.87104,17.03428,13.36937,13.54144,0.4276,An toan,An toan,"Nhi?t ?? 29.0?C, ?? ?m 69.5%, Kh? CO th?p (13.4 ppm), M?c ch?y: An to?n","Kh? CH4 (25.9 ppm), LPG (17.0 ppm), CO (13.4 ppm), M?c kh? gas: An to?n",Auto,OFF,OFF,OFF,OFF,
3/11/2025,17:28:29,29.819,72.562,15.39157,24.39598,18.07287,14.88479,15.63591,0.29141,An toan,An toan,"Nhi?t ?? 29.8?C, ?? ?m 72.6%, Kh? CO th?p (14.9 ppm), M?c ch?y: An to?n","Kh? CH4 (24.4 ppm), LPG (18.1 ppm), CO (14.9 ppm), M?c kh? gas: An to?n",Auto,OFF,OFF,OFF,OFF,
3/11/2025,17:29:52,30.525,73.078,14.00093,25.97218,17.78692,13.0493,20.17799,0.78264,An toan,An toan,"Nhi?t ?? 30.5?C, ?? ?m 73.1%, Kh? CO th?p (13.0 ppm), M?c ch?y: An to?n","Kh? CH4 (26.0 ppm), LPG (17.8 ppm), CO (13.0 ppm), M?c kh? gas: An to?n",Auto,OFF,OFF,OFF,OFF,
3/11/2025,17:35:44,30.316,79.019,14.47676,26.38659,17.89064,13.14786,18.97167,0.58375,An toan,An toan,"Nhi?t ?? 30.3?C, ?? ?m 79.0%, Kh? CO th?p (13.1 ppm), M?c ch?y: An to?n","Kh? CH4 (26.4 ppm), LPG (17.9 ppm), CO (13.1 ppm), M?c kh? gas: An to?n",Auto,OFF,OFF,OFF,OFF,
3/11/2025,17:48:13,30.769,76.393,15.57143,26.49541,19.81031,14.43446,15.84842,0.15174,An toan,An toan,"Nhi?t ?? 30.8?C, ?? ?m 76.4%, Kh? CO th?p (14.4 ppm), M?c ch?y: An to?n","Kh? CH4 (26.5 ppm), LPG (19.8 ppm), CO (14.4 ppm), M?c kh? gas: An to?n",Auto,OFF,OFF,OFF,OFF,
3/11/2025,17:50:09,29.589,73.673,15.93637,25.65659,19.88064,13.11736,16.23757,0.8823,An toan,An toan,"Nhi?t ?? 29.6?C, ?? ?m 73.7%, Kh? CO th?p (13.1 ppm), M?c ch?y: An to?n","Kh? CH4 (25.7 ppm), LPG (19.9 ppm), CO (13.1 ppm), M?c kh? gas: An to?n",Auto,OFF,OFF,OFF,OFF,
3/11/2025,17:53:00,29.487,74.567,15.51136,26.39904,17.18784,13.85454,28.34148,0.17417,An toan,An toan,"Nhi?t ?? 29.5?C, ?? ?m 74.6%, Kh? CO th?p (13.9 ppm), M?c ch?y: An to?n","Kh? CH4 (26.4 ppm), LPG (17.2 ppm), CO (13.9 ppm), M?c kh? gas: An to?n",Auto,OFF,OFF,OFF,OFF,
3/11/2025,17:53:21,29.897,77.275,14.1081,26.50576,18.54362,14.98676,15.50407,0.31046,An toan,An toan,"Nhi?t ?? 29.9?C, ?? ?m 77.3%, Kh? CO th?p (15.0 ppm), M?c ch?y: An to?n","Kh? CH4 (26.5 ppm), LPG (18.5 ppm), CO (15.0 ppm), M?c kh? gas: An to?n",Auto,OFF,OFF,OFF,OFF,
3/11/2025,17:53:41,29.719,74.776,15.79323,24.83297,17.65366,13.1055,25.46509,0.98875,An toan,An toan,"Nhi?t ?? 29.7?C, ?? ?m 74.8%, Kh? CO th?p (13.1 ppm), M?c ch?y: An to?n","Kh? CH4 (24.8 ppm), LPG (17.7 ppm), CO (13.1 ppm), M?c kh? gas: An to?n",Auto,OFF,OFF,OFF,OFF,
3/11/2025,18:01:33,29.891,73.903,14.60317,26.21356,19.86679,14.49195,15.48538,0.27149,An toan,An toan,"Nhi?t ?? 29.9?C, ?? ?m 73.9%, Kh? CO th?p (14.5 ppm), M?c ch?y: An to?n","Kh? CH4 (26.2 ppm), LPG (19.9 ppm), CO (14.5 ppm), M?c kh? gas: An to?n",Auto,OFF,OFF,OFF,OFF,
3/11/2025,18:01:48,30.434,70.242,14.51588,25.57447,19.61988,13.02186,16.05152,0.79976,An toan,An toan,"Nhi?t ?? 30.4?C, ?? ?m 70.2%, Kh? CO th?p (13.0 ppm), M?c ch?y: An to?n","Kh? CH4 (25.6 ppm), LPG (19.6 ppm), CO (13.0 ppm), M?c kh? gas: An to?n",Auto,OFF,OFF,OFF,OFF,
3/11/2025,18:06:48,30.955,78.941,15.29204,24.51721,18.36586,13.9919,12.91366,0.52287,An toan,An toan,"Nhi?t ?? 31.0?C, ?? ?m 78.9%, Kh? CO th?p (14.0 ppm), M?c ch?y: An to?n","Kh? CH4 (24.5 ppm), LPG (18.4 ppm), CO (14.0 ppm), M?c kh? gas: An to?n",Auto,OFF,OFF,OFF,OFF,
3/11/2025,18:06:53,30.703,69.324,15.87365,25.66178,19.35914,14.18983,19.20447,0.69383,An toan,An toan,"Nhi?t ?? 30.7?C, ?? ?m 69.3%, Kh? CO th?p (14.2 ppm), M?c ch?y: An to?n","Kh? CH4 (25.7 ppm), LPG (19.4 ppm), CO (14.2 ppm), M?c kh? gas: An to?n",Auto,OFF,OFF,OFF,OFF,
3/11/2025,18:10:47,29.421,69.542,15.75511,25.37282,18.38525,13.40741,22.1348,0.46359,An toan,An toan,"Nhi?t ?? 29.4?C, ?? ?m 69.5%, Kh? CO th?p (13.4 ppm), M?c ch?y: An to?n","Kh? CH4 (25.4 ppm), LPG (18.4 ppm), CO (13.4 ppm), M?c kh? gas: An to?n",Auto,OFF,OFF,OFF,OFF,
3/11/2025,18:17:37,30.314,79.441,14.00599,24.43414,19.7253,13.83956,19.1008,0.54372,An toan,An toan,"Nhi?t ?? 30.3?C, ?? ?m 79.4%, Kh? CO th?p (13.8 ppm), M?c ch?y: An to?n","Kh? CH4 (24.4 ppm), LPG (19.7 ppm), CO (13.8 ppm), M?c kh? gas: An to?n",Auto,OFF,OFF,OFF,OFF,
3/11/2025,18:19:23,30.91,72.282,15.25381,26.75226,19.5177,13.11003,26.864,0.66864,An toan,An toan,"Nhi?t ?? 30.9?C, ?? ?m 72.3%, Kh? CO th?p (13.1 ppm), M?c ch?y: An to?n","Kh? CH4 (26.8 ppm), LPG (19.5 ppm), CO (13.1 ppm), M?c kh? gas: An to?n",Auto,OFF,OFF,OFF,OFF,
3/11/2025,18:20:33,29.431,72.814,14.5447,24.77451,18.22128,14.11891,27.8885,0.29101,An toan,An toan,"Nhi?t ?? 29.4?C, ?? ?m 72.8%, Kh? CO th?p (14.1 ppm), M?c ch?y: An to?n","Kh? CH4 (24.8 ppm), LPG (18.2 ppm), CO (14.1 ppm), M?c kh? gas: An to?n",Auto,OFF,OFF,OFF,OFF,
3/11/2025,18:23:16,30.072,74.141,14.77629,26.03612,19.77599,13.26155,28.53922,0.54021,An toan,An toan,"Nhi?t ?? 30.1?C, ?? ?m 74.1%, Kh? CO th?p (13.3 ppm), M?c ch?y: An to?n","Kh? CH4 (26.0 ppm), LPG (19.8 ppm), CO (13.3 ppm), M?c kh? gas: An to?n",Auto,OFF,OFF,OFF,OFF,
3/11/2025,18:23:30,29.652,69.459,15.32502,25.97949,17.83008,13.09446,25.53606,0.64156,An toan,An toan,"Nhi?t ?? 29.7?C, ?? ?m 69.5%, Kh? CO th?p (13.1 ppm), M?c ch?y: An to?n","Kh? CH4 (26.0 ppm), LPG (17.8 ppm), CO (13.1 ppm), M?c kh? gas: An to?n",Auto,OFF,OFF,OFF,OFF,
3/11/2025,18:23:41,29.504,71.221,14.98368,24.25197,19.96348,13.26812,20.98771,0.7029,An toan,An toan,"Nhi?t ?? 29.5?C, ?? ?m 71.2%, Kh? CO th?p (13.3 ppm), M?c ch?y: An to?n","Kh? CH4 (24.3 ppm), LPG (20.0 ppm), CO (13.3 ppm), M?c kh? gas: An to?n",Auto,OFF,OFF,OFF,OFF,
3/11/2025,18:24:58,29.082,78.026,15.13291,26.97534,17.11687,14.2975,10.66282,0.34277,An toan,An toan,"Nhi?t ?? 29.1?C, ?? ?m 78.0%, Kh? CO th?p (14.3 ppm), M?c ch?y: An to?n","Kh? CH4 (27.0 ppm), LPG (17.1 ppm), CO (14.3 ppm), M?c kh? gas: An to?n",Auto,OFF,OFF,OFF,OFF,
3/11/2025,18:25:57,29.675,73.828,15.81027,26.62744,17.83958,14.02044,29.99612,0.93684,An toan,An toan,"Nhi?t ?? 29.7?C, ?? ?m 73.8%, Kh? CO th?p (14.0 ppm), M?c ch?y: An to?n","Kh? CH4 (26.6 ppm), LPG (17.8 ppm), CO (14.0 ppm), M?c kh? gas: An to?n",Auto,OFF,OFF,OFF,OFF,
3/11/2025,18:33:41,30.977,79.367,14.72503,25.64485,18.12356,14.17247,28.83062,0.94717,An toan,An toan,"Nhi?t ?? 31.0?C, ?? ?m 79.4%, Kh? CO th?p (14.2 ppm), M?c ch?y: An to?n","Kh? CH4 (25.6 ppm), LPG (18.1 ppm), CO (14.2 ppm), M?c kh? gas: An to?n",Auto,OFF,OFF,OFF,OFF,
3/11/2025,18:37:06,29.703,71.715,15.13453,24.87481,17.44931,14.36871,23.84931,0.59525,An toan,An toan,"Nhi?t ?? 29.7?C, ?? ?m 71.7%, Kh? CO th?p (14.4 ppm), M?c ch?y: An to?n","Kh? CH4 (24.9 ppm), LPG (17.4 ppm), CO (14.4 ppm), M?c kh? gas: An to?n",Auto,OFF,OFF,OFF,OFF,
3/11/2025,18:42:33,29.217,71.673,15.54122,24.52643,18.92735,13.18917,28.98202,0.80011,An toan,An toan,"Nhi?t ?? 29.2?C, ?? ?m 71.7%, Kh? CO th?p (13.2 ppm), M?c ch?y: An to?n","Kh? CH4 (24.5 ppm), LPG (18.9 ppm), CO (13.2 ppm), M?c kh? gas: An to?n",Auto,OFF,OFF,OFF,OFF,
3/11/2025,18:48:22,30.645,72.332,15.8006,26.70941,17.80343,13.52657,27.38901,0.31167,An toan,An toan,"Nhi?t ?? 30.6?C, ?? ?m 72.3%, Kh? CO th?p (13.5 ppm), M?c ch?y: An to?n","Kh? CH4 (26.7 ppm), LPG (17.8 ppm), CO (13.5 ppm), M?c kh? gas: An to?n",Auto,OFF,OFF,OFF,OFF,
3/11/2025,18:53:48,30.742,76.86,15.71209,26.26564,18.97826,14.29445,16.88878,0.20744,An toan,An toan,"Nhi?t ?? 30.7?C, ?? ?m 76.9%, Kh? CO th?p (14.3 ppm), M?c ch?y: An to?n","Kh? CH4 (26.3 ppm), LPG (19.0 ppm), CO (14.3 ppm), M?c kh? gas: An to?n",Auto,OFF,OFF,OFF,OFF,
3/11/2025,18:59:10,29.898,73.798,14.55244,24.97301,18.16642,14.56708,15.1087,0.34343,An toan,An toan,"Nhi?t ?? 29.9?C, ?? ?m 73.8%, Kh? CO th?p (14.6 ppm), M?c ch?y: An to?n","Kh? CH4 (25.0 ppm), LPG (18.2 ppm), CO (14.6 ppm), M?c kh? gas: An to?n",Auto,OFF,OFF,OFF,OFF,
3/11/2025,18:59:46,29.293,69.492,14.24018,26.82259,19.71243,14.68833,20.01069,0.76255,An toan,An toan,"Nhi?t ?? 29.3?C, ?? ?m 69.5%, Kh? CO th?p (14.7 ppm), M?c ch?y: An to?n","Kh? CH4 (26.8 ppm), LPG (19.7 ppm), CO (14.7 ppm), M?c kh? gas: An to?n",Auto,OFF,OFF,OFF,OFF,
3/11/2025,19:00:57,29.917,74.29,15.67348,26.86554,18.40032,13.62513,18.65295,0.77389,An toan,An toan,"Nhi?t ?? 29.9?C, ?? ?m 74.3%, Kh? CO th?p (13.6 ppm), M?c ch?y: An to?n","Kh? CH4 (26.9 ppm), LPG (18.4 ppm), CO (13.6 ppm), M?c kh? gas: An to?n",Auto,OFF,OFF,OFF,OFF,
3/11/2025,19:02:36,30.906,78.633,14.97281,25.78092,19.3208,13.63151,28.61643,0.95345,An toan,An toan,"Nhi?t ?? 30.9?C, ?? ?m 78.6%, Kh? CO th?p (13.6 ppm), M?c ch?y: An to?n","Kh? CH4 (25.8 ppm), LPG (19.3 ppm), CO (13.6 ppm), M?c kh? gas: An to?n",Auto,OFF,OFF,OFF,OFF,
3/11/2025,19:02:57,30.559,77.356,15.26491,25.02358,19.87326,13.38361,16.37822,0.46436,An toan,An toan,"Nhi?t ?? 30.6?C, ?? ?m 77.4%, Kh? CO th?p (13.4 ppm), M?c ch?y: An to?n","Kh? CH4 (25.0 ppm), LPG (19.9 ppm), CO (13.4 ppm), M?c kh? gas: An to?n",Auto,OFF,OFF,OFF,OFF,
3/11/2025,19:06:18,30.121,74.918,15.09782,26.52711,19.72041,14.52834,19.04213,0.96744,An toan,An toan,"Nhi?t ?? 30.1?C, ?? ?m 74.9%, Kh? CO th?p (14.5 ppm), M?c ch?y: An to?n","Kh? CH4 (26.5 ppm), LPG (19.7 ppm), CO (14.5 ppm), M?c kh? gas: An to?n",Auto,OFF,OFF,OFF,OFF,
3/11/2025,19:07:35,30.962,75.726,15.07129,25.96345,17.46561,13.55916,25.97988,0.6741,An toan,An toan,"Nhi?t ?? 31.0?C, ?? ?m 75.7%, Kh? CO th?p (13.6 ppm), M?c ch?y: An to?n","Kh? CH4 (26.0 ppm), LPG (17.5 ppm), CO (13.6 ppm), M?c kh? gas: An to?n",Auto,OFF,OFF,OFF,OFF,
3/11/2025,19:11:09,29.839,73.323,14.53135,24.67015,19.7332,14.7469,27.36703,0.95341,An toan,An toan,"Nhi?t ?? 29.8?C, ?? ?m 73.3%, Kh? CO th?p (14.7 ppm), M?c ch?y: An to?n","Kh? CH4 (24.7 ppm), LPG (19.7 ppm), CO (14.7 ppm), M?c kh? gas: An to?n",Auto,OFF,OFF,OFF,OFF,
3/11/2025,19:12:46,30.089,77.411,15.77347,25.07711,18.98512,14.22606,29.87352,0.13533,An toan,An toan,"Nhi?t ?? 30.1?C, ?? ?m 77.4%, Kh? CO th?p (14.2 ppm), M?c ch?y: An to?n","Kh? CH4 (25.1 ppm), LPG (19.0 ppm), CO (14.2 ppm), M?c kh? gas: An to?n",Auto,OFF,OFF,OFF,OFF,
3/11/2025,19:13:57,30.657,78.729,14.32882,25.95171,17.87296,14.39959,17.23349,0.90733,An toan,An toan,"Nhi?t ?? 30.7?C, ?? ?m 78.7%, Kh? CO th?p (14.4 ppm), M?c ch?y: An to?n","Kh? CH4 (26.0 ppm), LPG (17.9 ppm), CO (14.4 ppm), M?c kh? gas: An to?n",Auto,OFF,OFF,OFF,OFF,
3/11/2025,19:15:52,29.727,71.865,15.21844,26.8955,17.76237,13.722,27.5476,0.33443,An toan,An toan,"Nhi?t ?? 29.7?C, ?? ?m 71.9%, Kh? CO th?p (13.7 ppm), M?c ch?y: An to?n","Kh? CH4 (26.9 ppm), LPG (17.8 ppm), CO (13.7 ppm), M?c kh? gas: An to?n",Auto,OFF,OFF,OFF,OFF,
3/11/2025,19:19:09,29.922,75.627,14.47985,24.8403,17.50921,14.37736,19.53784,0.4138,An toan,An toan,"Nhi?t ?? 29.9?C, ?? ?m 75.6%, Kh? CO th?p (14.4 ppm), M?c ch?y: An to?n","Kh? CH4 (24.8 ppm), LPG (17.5 ppm), CO (14.4 ppm), M?c kh? gas: An to?n",Auto,OFF,OFF,OFF,OFF,
3/11/2025,19:21:35,30.482,76.01,14.39876,26.7421,19.65485,13.73924,26.38701,0.11198,An toan,An toan,"Nhi?t ?? 30.5?C, ?? ?m 76.0%, Kh? CO th?p (13.7 ppm), M?c ch?y: An to?n","Kh? CH4 (26.7 ppm), LPG (19.7 ppm), CO (13.7 ppm), M?c kh? gas: An to?n",Auto,OFF,OFF,OFF,OFF,
3/11/2025,19:23:55,30.497,78.756,14.68108,26.24064,18.50081,13.16644,23.79338,0.99655,An toan,An toan,"Nhi?t ?? 30.5?C, ?? ?m 78.8%, Kh? CO th?p (13.2 ppm), M?c ch?y: An to?n","Kh? CH4 (26.2 ppm), LPG (18.5 ppm), CO (13.2 ppm), M?c kh? gas: An to?n",Auto,OFF,OFF,OFF,OFF,
3/11/2025,19:27:32,29.335,69.842,14.29025,25.55159,18.96059,13.89052,11.11357,0.80825,An toan,An toan,"Nhi?t ?? 29.3?C, ?? ?m 69.8%, Kh? CO th?p (13.9 ppm), M?c ch?y: An to?n","Kh? CH4 (25.6 ppm), LPG (19.0 ppm), CO (13.9 ppm), M?c kh? gas: An to?n",Auto,OFF,OFF,OFF,OFF,
3/11/2025,19:39:53,30.177,78.271,14.27036,24.436,17.09096,13.96602,11.77685,0.61255,An toan,An toan,"Nhi?t ?? 30.2?C, ?? ?m 78.3%, Kh? CO th?p (14.0 ppm), M?c ch?y: An to?n","Kh? CH4 (24.4 ppm), LPG (17.1 ppm), CO (14.0 ppm), M?c kh? gas: An to?n",Auto,OFF,OFF,OFF,OFF,
3/11/2025,19:42:38,30.685,78.369,14.94993,26.84757,17.84696,13.61729,20.22356,0.44005,An toan,An toan,"Nhi?t ?? 30.7?C, ?? ?m 78.4%, Kh? CO th?p (13.6 ppm), M?c ch?y: An to?n","Kh? CH4 (26.8 ppm), LPG (17.8 ppm), CO (13.6 ppm), M?c kh? gas: An to?n",Auto,OFF,OFF,OFF,OFF,
3/11/2025,19:50:54,30.878,72.963,15.92465,26.76917,18.69034,13.07403,19.35941,0.92908,An toan,An toan,"Nhi?t ?? 30.9?C, ?? ?m 73.0%, Kh? CO th?p (13.1 ppm), M?c ch?y: An to?n","Kh? CH4 (26.8 ppm), LPG (18.7 ppm), CO (13.1 ppm), M?c kh? gas: An to?n",Auto,OFF,OFF,OFF,OFF,
3/11/2025,19:53:00,29.614,76.235,14.57481,24.61372,19.8331,14.49179,17.89785,0.92149,An toan,An toan,"Nhi?t ?? 29.6?C, ?? ?m 76.2%, Kh? CO th?p (14.5 ppm), M?c ch?y: An to?n","Kh? CH4 (24.6 ppm), LPG (19.8 ppm), CO (14.5 ppm), M?c kh? gas: An to?n",Auto,OFF,OFF,OFF,OFF,
3/11/2025,19:55:11,29.96,73.189,14.69034,24.36169,17.87147,13.25678,24.47977,0.77223,An toan,An toan,"Nhi?t ?? 30.0?C, ?? ?m 73.2%, Kh? CO th?p (13.3 ppm), M?c ch?y: An to?n","Kh? CH4 (24.4 ppm), LPG (17.9 ppm), CO (13.3 ppm), M?c kh? gas: An to?n",Auto,OFF,OFF,OFF,OFF,
3/11/2025,19:57:54,29.487,69.247,14.61017,25.04184,19.01825,14.55164,11.68018,0.4026,An toan,An toan,"Nhi?t ?? 29.5?C, ?? ?m 69.2%, Kh? CO th?p (14.6 ppm), M?c ch?y: An to?n","Kh? CH4 (25.0 ppm), LPG (19.0 ppm), CO (14.6 ppm), M?c kh? gas: An to?n",Auto,OFF,OFF,OFF,OFF,
3/11/2025,19:58:52,29.071,73.772,15.5693,26.28818,17.72073,13.54466,18.75056,0.79541,An toan,An toan,"Nhi?t ?? 29.1?C, ?? ?m 73.8%, Kh? CO th?p (13.5 ppm), M?c ch?y: An to?n","Kh? CH4 (26.3 ppm), LPG (17.7 ppm), CO (13.5 ppm), M?c kh? gas: An to?n",Auto,OFF,OFF,OFF,OFF,
3/11/2025,20:01:36,29.295,74.845,14.26634,25.69173,18.34809,14.37714,27.49164,0.38662,An toan,An toan,"Nhi?t ?? 29.3?C, ?? ?m 74.8%, Kh? CO th?p (14.4 ppm), M?c ch?y: An to?n","Kh? CH4 (25.7 ppm), LPG (18.3 ppm), CO (14.4 ppm), M?c kh? gas: An to?n",Auto,OFF,OFF,OFF,OFF,
3/11/2025,20:02:22,30.381,69.06,14.2416,26.27639,19.05946,14.40585,27.022,0.63301,An toan,An toan,"Nhi?t ?? 30.4?C, ?? ?m 69.1%, Kh? CO th?p (14.4 ppm), M?c ch?y: An to?n","Kh? CH4 (26.3 ppm), LPG (19.1 ppm), CO (14.4 ppm), M?c kh? gas: An to?n",Auto,OFF,OFF,OFF,OFF,
3/11/2025,20:03:13,29.583,74.378,14.89171,25.8832,17.83423,13.49835,28.11011,0.95987,An toan,An toan,"Nhi?t ?? 29.6?C, ?? ?m 74.4%, Kh? CO th?p (13.5 ppm), M?c ch?y: An to?n","Kh? CH4 (25.9 ppm), LPG (17.8 ppm), CO (13.5 ppm), M?c kh? gas: An to?n",Auto,OFF,OFF,OFF,OFF,
3/11/2025,20:03:56,29.941,75.255,14.28768,26.78735,19.01569,13.11514,26.45664,0.23833,An toan,An toan,"Nhi?t ?? 29.9?C, ?? ?m 75.3%, Kh? CO th?p (13.1 ppm), M?c ch?y: An to?n","Kh? CH4 (26.8 ppm), LPG (19.0 ppm), CO (13.1 ppm), M?c kh? gas: An to?n",Auto,OFF,OFF,OFF,OFF,
3/11/2025,20:07:56,30.266,72.103,14.39483,26.37581,17.97994,13.84688,13.49414,0.56172,An toan,An toan,"Nhi?t ?? 30.3?C, ?? ?m 72.1%, Kh? CO th?p (13.8 ppm), M?c ch?y: An to?n","Kh? CH4 (26.4 ppm), LPG (18.0 ppm), CO (13.8 ppm), M?c kh? gas: An to?n",Auto,OFF,OFF,OFF,OFF,
3/11/2025,20:12:15,29.959,75.492,14.77265,25.34415,19.15614,14.78024,25.35954,0.34,An toan,An toan,"Nhi?t ?? 30.0?C, ?? ?m 75.5%, Kh? CO th?p (14.8 ppm), M?c ch?y: An to?n","Kh? CH4 (25.3 ppm), LPG (19.2 ppm), CO (14.8 ppm), M?c kh? gas: An to?n",Auto,OFF,OFF,OFF,OFF,
3/11/2025,20:19:43,30.491,71.323,14.94305,25.53058,18.45148,14.3683,17.1304,0.92639,An toan,An toan,"Nhi?t ?? 30.5?C, ?? ?m 71.3%, Kh? CO th?p (14.4 ppm), M?c ch?y: An to?n","Kh? CH4 (25.5 ppm), LPG (18.5 ppm), CO (14.4 ppm), M?c kh? gas: An to?n",Auto,OFF,OFF,OFF,OFF,
3/11/2025,20:23:14,30.148,75.754,14.5748,24.88793,18.90357,14.62053,22.32716,0.6179,An toan,An toan,"Nhi?t ?? 30.1?C, ?? ?m 75.8%, Kh? CO th?p (14.6 ppm), M?c ch?y: An to?n","Kh? CH4 (24.9 ppm), LPG (18.9 ppm), CO (14.6 ppm), M?c kh? gas: An to?n",Auto,OFF,OFF,OFF,OFF,
3/11/2025,20:24:59,30.244,79.548,15.20024,25.24537,18.73627,14.56766,17.18484,0.13435,An toan,An toan,"Nhi?t ?? 30.2?C, ?? ?m 79.5%, Kh? CO th?p (14.6 ppm), M?c ch?y: An to?n","Kh? CH4 (25.2 ppm), LPG (18.7 ppm), CO (14.6 ppm), M?c kh? gas: An to?n",Auto,OFF,OFF,OFF,OFF,
3/11/2025,20:27:04,30.155,77.337,15.68778,24.61309,19.35269,14.39622,26.03664,0.48982,An toan,An toan,"Nhi?t ?? 30.2?C, ?? ?m 77.3%, Kh? CO th?p (14.4 ppm), M?c ch?y: An to?n","Kh? CH4 (24.6 ppm), LPG (19.4 ppm), CO (14.4 ppm), M?c kh? gas: An to?n",Auto,OFF,OFF,OFF,OFF,
3/11/2025,20:28:53,30.111,72.347,14.27012,24.23004,17.23907,13.50881,24.90589,0.31437,An toan,An toan,"Nhi?t ?? 30.1?C, ?? ?m 72.3%, Kh? CO th?p (13.5 ppm), M?c ch?y: An to?n","Kh? CH4 (24.2 ppm), LPG (17.2 ppm), CO (13.5 ppm), M?c kh? gas: An to?n",Auto,OFF,OFF,OFF,OFF,
3/11/2025,20:29:03,29.484,79.763,15.66952,25.00025,19.30296,13.75654,15.80349,0.66116,An toan,An toan,"Nhi?t ?? 29.5?C, ?? ?m 79.8%, Kh? CO th?p (13.8 ppm), M?c ch?y: An to?n","Kh? CH4 (25.0 ppm), LPG (19.3 ppm), CO (13.8 ppm), M?c kh? gas: An to?n",Auto,OFF,OFF,OFF,OFF,
3/11/2025,20:29:23,29.055,76.429,15.57456,24.78701,18.39651,14.53879,10.87409,0.26357,An toan,An toan,"Nhi?t ?? 29.1?C, ?? ?m 76.4%, Kh? CO th?p (14.5 ppm), M?c ch?y: An to?n","Kh? CH4 (24.8 ppm), LPG (18.4 ppm), CO (14.5 ppm), M?c kh? gas: An to?n",Auto,OFF,OFF,OFF,OFF,
3/11/2025,20:44:10,29.499,76.573,14.96065,25.87044,18.14723,13.92796,24.01868,0.21356,An toan,An toan,"Nhi?t ?? 29.5?C, ?? ?m 76.6%, Kh? CO th?p (13.9 ppm), M?c ch?y: An to?n","Kh? CH4 (25.9 ppm), LPG (18.1 ppm), CO (13.9 ppm), M?c kh? gas: An to?n",Auto,OFF,OFF,OFF,OFF,
3/11/2025,20:49:26,29.126,78.679,15.68964,24.68993,19.46281,14.97483,15.57402,0.72667,An toan,An toan,"Nhi?t ?? 29.1?C, ?? ?m 78.7%, Kh? CO th?p (15.0 ppm), M?c ch?y: An to?n","Kh? CH4 (24.7 ppm), LPG (19.5 ppm), CO (15.0 ppm), M?c kh? gas: An to?n",Auto,OFF,OFF,OFF,OFF,
3/11/2025,20:50:42,30.537,69.127,14.41422,25.1183,19.27682,13.87568,17.42878,0.68483,An toan,An toan,"Nhi?t ?? 30.5?C, ?? ?m 69.1%, Kh? CO th?p (13.9 ppm), M?c ch?y: An to?n","Kh? CH4 (25.1 ppm), LPG (19.3 ppm), CO (13.9 ppm), M?c kh? gas: An to?n",Auto,OFF,OFF,OFF,OFF,
3/11/2025,20:51:24,29.558,73.64,14.12968,24.43774,19.25211,13.05557,13.41246,0.26299,An toan,An toan,"Nhi?t ?? 29.6?C, ?? ?m 73.6%, Kh? CO th?p (13.1 ppm), M?c ch?y: An to?n","Kh? CH4 (24.4 ppm), LPG (19.3 ppm), CO (13.1 ppm), M?c kh? gas: An to?n",Auto,OFF,OFF,OFF,OFF,
3/11/2025,20:53:02,30.262,70.501,15.20104,25.01463,18.5346,13.64528,17.66677,0.23303,An toan,An toan,"Nhi?t ?? 30.3?C, ?? ?m 70.5%, Kh? CO th?p (13.6 ppm), M?c ch?y: An to?n","Kh? CH4 (25.0 ppm), LPG (18.5 ppm), CO (13.6 ppm), M?c kh? gas: An to?n",Auto,OFF,OFF,OFF,OFF,
3/11/2025,20:58:52,29.403,77.06,15.76057,25.41798,17.98798,14.78403,19.55831,0.31538,An toan,An toan,"Nhi?t ?? 29.4?C, ?? ?m 77.1%, Kh? CO th?p (14.8 ppm), M?c ch?y: An to?n","Kh? CH4 (25.4 ppm), LPG (18.0 ppm), CO (14.8 ppm), M?c kh? gas: An to?n",Auto,OFF,OFF,OFF,OFF,
3/11/2025,20:58:58,30.912,78.512,15.02877,26.55469,17.4383,14.00898,13.71547,0.28888,An toan,An toan,"Nhi?t ?? 30.9?C, ?? ?m 78.5%, Kh? CO th?p (14.0 ppm), M?c ch?y: An to?n","Kh? CH4 (26.6 ppm), LPG (17.4 ppm), CO (14.0 ppm), M?c kh? gas: An to?n",Auto,OFF,OFF,OFF,OFF,
3/11/2025,21:04:12,30.766,71.778,15.85444,24.61714,17.31114,14.57606,19.73814,0.347,An toan,An toan,"Nhi?t ?? 30.8?C, ?? ?m 71.8%, Kh? CO th?p (14.6 ppm), M?c ch?y: An to?n","Kh? CH4 (24.6 ppm), LPG (17.3 ppm), CO (14.6 ppm), M?c kh? gas: An to?n",Auto,OFF,OFF,OFF,OFF,
3/11/2025,21:04:55,30.918,72.573,14.23087,25.24355,18.10958,14.95202,28.49431,0.63857,An toan,An toan,"Nhi?t ?? 30.9?C, ?? ?m 72.6%, Kh? CO th?p (15.0 ppm), M?c ch?y: An to?n","Kh? CH4 (25.2 ppm), LPG (18.1 ppm), CO (15.0 ppm), M?c kh? gas: An to?n",Auto,OFF,OFF,OFF,OFF,
3/11/2025,21:09:41,30.187,72.832,14.91084,25.83843,17.36523,13.67476,28.54826,0.89189,An toan,An toan,"Nhi?t ?? 30.2?C, ?? ?m 72.8%, Kh? CO th?p (13.7 ppm), M?c ch?y: An to?n","Kh? CH4 (25.8 ppm), LPG (17.4 ppm), CO (13.7 ppm), M?c kh? gas: An to?n",Auto,OFF,OFF,OFF,OFF,
3/11/2025,21:11:17,30.607,71.953,15.15283,25.98665,19.35087,13.02353,11.02046,0.99603,An toan,An toan,"Nhi?t ?? 30.6?C, ?? ?m 72.0%, Kh? CO th?p (13.0 ppm), M?c ch?y: An to?n","Kh? CH4 (26.0 ppm), LPG (19.4 ppm), CO (13.0 ppm), M?c kh? gas: An to?n",Auto,OFF,OFF,OFF,OFF,
3/11/2025,21:21:18,29.939,70.651,14.98887,24.49364,18.44642,14.69928,27.97738,0.31901,An toan,An toan,"Nhi?t ?? 29.9?C, ?? ?m 70.7%, Kh? CO th?p (14.7 ppm), M?c ch?y: An to?n","Kh? CH4 (24.5 ppm), LPG (18.4 ppm), CO (14.7 ppm), M?c kh? gas: An to?n",Auto,OFF,OFF,OFF,OFF,
3/11/2025,21:32:05,30.63,75.516,14.77291,26.03074,17.30317,13.9235,27.35352,0.18642,An toan,An toan,"Nhi?t ?? 30.6?C, ?? ?m 75.5%, Kh? CO th?p (13.9 ppm), M?c ch?y: An to?n","Kh? CH4 (26.0 ppm), LPG (17.3 ppm), CO (13.9 ppm), M?c kh? gas: An to?n",Auto,OFF,OFF,OFF,OFF,
3/11/2025,21:32:32,30.385,77.416,15.98329,24.11371,19.06805,14.23542,21.58631,0.75476,An toan,An toan,"Nhi?t ?? 30.4?C, ?? ?m 77.4%, Kh? CO th?p (14.2 ppm), M?c ch?y: An to?n","Kh? CH4 (24.1 ppm), LPG (19.1 ppm), CO (14.2 ppm), M?c kh? gas: An to?n",Auto,OFF,OFF,OFF,OFF,
3/11/2025,21:36:07,29.323,79.694,15.14368,26.89246,19.23579,14.04975,29.30613,0.34748,An toan,An toan,"Nhi?t ?? 29.3?C, ?? ?m 79.7%, Kh? CO th?p (14.0 ppm), M?c ch?y: An to?n","Kh? CH4 (26.9 ppm), LPG (19.2 ppm), CO (14.0 ppm), M?c kh? gas: An to?n",Auto,OFF,OFF,OFF,OFF,
3/11/2025,21:38:07,29.783,77.148,14.93067,25.29679,19.63151,13.85169,16.01171,0.42117,An toan,An toan,"Nhi?t ?? 29.8?C, ?? ?m 77.1%, Kh? CO th?p (13.9 ppm), M?c ch?y: An to?n","Kh? CH4 (25.3 ppm), LPG (19.6 ppm), CO (13.9 ppm), M?c kh? gas: An to?n",Auto,OFF,OFF,OFF,OFF,
3/11/2025,21:38:47,30.326,70.571,15.63223,24.556,19.09943,13.43528,29.71737,0.74611,An toan,An toan,"Nhi?t ?? 30.3?C, ?? ?m 70.6%, Kh? CO th?p (13.4 ppm), M?c ch?y: An to?n","Kh? CH4 (24.6 ppm), LPG (19.1 ppm), CO (13.4 ppm), M?c kh? gas: An to?n",Auto,OFF,OFF,OFF,OFF,
3/11/2025,21:41:46,30.819,72.018,15.48004,25.68649,17.73589,13.3601,14.70772,0.82,An toan,An toan,"Nhi?t ?? 30.8?C, ?? ?m 72.0%, Kh? CO th?p (13.4 ppm), M?c ch?y: An to?n","Kh? CH4 (25.7 ppm), LPG (17.7 ppm), CO (13.4 ppm), M?c kh? gas: An to?n",Auto,OFF,OFF,OFF,OFF,
3/11/2025,21:42:13,29.286,76.593,15.63081,24.51497,19.30367,14.20346,14.42694,0.26745,An toan,An toan,"Nhi?t ?? 29.3?C, ?? ?m 76.6%, Kh? CO th?p (14.2 ppm), M?c ch?y: An to?n","Kh? CH4 (24.5 ppm), LPG (19.3 ppm), CO (14.2 ppm), M?c kh? gas: An to?n",Auto,OFF,OFF,OFF,OFF,
3/11/2025,21:44:08,29.869,75.603,14.7804,26.74946,18.00744,14.00177,12.26144,0.4383,An toan,An toan,"Nhi?t ?? 29.9?C, ?? ?m 75.6%, Kh? CO th?p (14.0 ppm), M?c ch?y: An to?n","Kh? CH4 (26.7 ppm), LPG (18.0 ppm), CO (14.0 ppm), M?c kh? gas: An to?n",Auto,OFF,OFF,OFF,OFF,
3/11/2025,21:44:20,30.708,71.125,15.3068,25.23752,19.70514,14.4728,12.74522,0.41375,An toan,An toan,"Nhi?t ?? 30.7?C, ?? ?m 71.1%, Kh? CO th?p (14.5 ppm), M?c ch?y: An to?n","Kh? CH4 (25.2 ppm), LPG (19.7 ppm), CO (14.5 ppm), M?c kh? gas: An to?n",Auto,OFF,OFF,OFF,OFF,
3/11/2025,21:48:17,30.557,78.024,14.24316,26.50397,18.79818,13.36576,27.12046,0.806,An toan,An toan,"Nhi?t ?? 30.6?C, ?? ?m 78.0%, Kh? CO th?p (13.4 ppm), M?c ch?y: An to?n","Kh? CH4 (26.5 ppm), LPG (18.8 ppm), CO (13.4 ppm), M?c kh? gas: An to?n",Auto,OFF,OFF,OFF,OFF,
3/11/2025,21:50:45,30.183,70.151,15.47266,26.8526,19.44463,14.09797,28.14525,0.93455,An toan,An toan,"Nhi?t ?? 30.2?C, ?? ?m 70.2%, Kh? CO th?p (14.1 ppm), M?c ch?y: An to?n","Kh? CH4 (26.9 ppm), LPG (19.4 ppm), CO (14.1 ppm), M?c kh? gas: An to?n",Auto,OFF,OFF,OFF,OFF,
3/11/2025,21:50:53,29.524,75.633,14.86009,24.6501,18.43207,14.22316,12.33261,0.39653,An toan,An toan,"Nhi?t ?? 29.5?C, ?? ?m 75.6%, Kh? CO th?p (14.2 ppm), M?c ch?y: An to?n","Kh? CH4 (24.7 ppm), LPG (18.4 ppm), CO (14.2 ppm), M?c kh? gas: An to?n",Auto,OFF,OFF,OFF,OFF,
3/11/2025,21:52:39,29.862,76.677,14.72857,24.79393,19.84359,14.87377,23.25107,0.85963,An toan,An toan,"Nhi?t ?? 29.9?C, ?? ?m 76.7%, Kh? CO th?p (14.9 ppm), M?c ch?y: An to?n","Kh? CH4 (24.8 ppm), LPG (19.8 ppm), CO (14.9 ppm), M?c kh? gas: An to?n",Auto,OFF,OFF,OFF,OFF,
3/11/2025,21:55:05,29.733,72.786,14.70347,26.14771,17.27259,13.23469,28.59406,0.96937,An toan,An toan,"Nhi?t ?? 29.7?C, ?? ?m 72.8%, Kh? CO th?p (13.2 ppm), M?c ch?y: An to?n","Kh? CH4 (26.1 ppm), LPG (17.3 ppm), CO (13.2 ppm), M?c kh? gas: An to?n",Auto,OFF,OFF,OFF,OFF,
3/11/2025,21:59:35,29.323,72.072,15.17367,26.38479,18.81168,13.80337,14.2441,0.59718,An toan,An toan,"Nhi?t ?? 29.3?C, ?? ?m 72.1%, Kh? CO th?p (13.8 ppm), M?c ch?y: An to?n","Kh? CH4 (26.4 ppm), LPG (18.8 ppm), CO (13.8 ppm), M?c kh? gas: An to?n",Auto,OFF,OFF,OFF,OFF,
3/11/2025,22:06:08,29.404,71.586,14.93859,26.16658,17.10733,13.58311,22.61421,0.58113,An toan,An toan,"Nhi?t ?? 29.4?C, ?? ?m 71.6%, Kh? CO th?p (13.6 ppm), M?c ch?y: An to?n","Kh? CH4 (26.2 ppm), LPG (17.1 ppm), CO (13.6 ppm), M?c kh? gas: An to?n",Auto,OFF,OFF,OFF,OFF,
3/11/2025,22:08:00,30.514,75.704,15.79631,26.97776,17.53756,14.63517,22.34145,0.45418,An toan,An toan,"Nhi?t ?? 30.5?C, ?? ?m 75.7%, Kh? CO th?p (14.6 ppm), M?c ch?y: An to?n","Kh? CH4 (27.0 ppm), LPG (17.5 ppm), CO (14.6 ppm), M?c kh? gas: An to?n",Auto,OFF,OFF,OFF,OFF,
3/11/2025,22:08:50,30.015,73.543,14.39332,24.67996,19.06366,14.35772,22.91071,0.18361,An toan,An toan,"Nhi?t ?? 30.0?C, ?? ?m 73.5%, Kh? CO th?p (14.4 ppm), M?c ch?y: An to?n","Kh? CH4 (24.7 ppm), LPG (19.1 ppm), CO (14.4 ppm), M?c kh? gas: An to?n",Auto,OFF,OFF,OFF,OFF,
3/11/2025,22:11:06,30.255,72.93,14.9479,25.28653,19.11538,13.05512,14.03619,0.39019,An toan,An toan,"Nhi?t ?? 30.3?C, ?? ?m 72.9%, Kh? CO th?p (13.1 ppm), M?c ch?y: An to?n","Kh? CH4 (25.3 ppm), LPG (19.1 ppm), CO (13.1 ppm), M?c kh? gas: An to?n",Auto,OFF,OFF,OFF,OFF,
3/11/2025,22:12:34,30.921,69.258,14.79256,25.77558,18.37122,14.65506,28.93542,0.60588,An toan,An toan,"Nhi?t ?? 30.9?C, ?? ?m 69.3%, Kh? CO th?p (14.7 ppm), M?c ch?y: An to?n","Kh? CH4 (25.8 ppm), LPG (18.4 ppm), CO (14.7 ppm), M?c kh? gas: An to?n",Auto,OFF,OFF,OFF,OFF,
3/11/2025,22:12:43,30.237,73.143,14.76981,24.63196,19.46784,14.07621,17.88112,0.7213,An toan,An toan,"Nhi?t ?? 30.2?C, ?? ?m 73.1%, Kh? CO th?p (14.1 ppm), M?c ch?y: An to?n","Kh? CH4 (24.6 ppm), LPG (19.5 ppm), CO (14.1 ppm), M?c kh? gas: An to?n",Auto,OFF,OFF,OFF,OFF,
3/11/2025,22:13:38,29.809,75.824,14.95865,24.20396,17.6246,13.45889,27.89066,0.21709,An toan,An toan,"Nhi?t ?? 29.8?C, ?? ?m 75.8%, Kh? CO th?p (13.5 ppm), M?c ch?y: An to?n","Kh? CH4 (24.2 ppm), LPG (17.6 ppm), CO (13.5 ppm), M?c kh? gas: An to?n",Auto,OFF,OFF,OFF,OFF,
3/11/2025,22:13:58,29.229,79.088,15.4866,26.54987,19.27512,13.89634,15.69376,0.38155,An toan,An toan,"Nhi?t ?? 29.2?C, ?? ?m 79.1%, Kh? CO th?p (13.9 ppm), M?c ch?y: An to?n","Kh? CH4 (26.5 ppm), LPG (19.3 ppm), CO (13.9 ppm), M?c kh? gas: An to?n",Auto,OFF,OFF,OFF,OFF,
3/11/2025,22:21:38,30.098,69.095,14.37137,24.0083,18.34503,14.81645,18.3544,0.93788,An toan,An toan,"Nhi?t ?? 30.1?C, ?? ?m 69.1%, Kh? CO th?p (14.8 ppm), M?c ch?y: An to?n","Kh? CH4 (24.0 ppm), LPG (18.3 ppm), CO (14.8 ppm), M?c kh? gas: An to?n",Auto,OFF,OFF,OFF,OFF,
3/11/2025,22:21:44,30.123,72.974,14.52841,25.79606,18.7172,14.65496,18.3901,0.12767,An toan,An toan,"Nhi?t ?? 30.1?C, ?? ?m 73.0%, Kh? CO th?p (14.7 ppm), M?c ch?y: An to?n","Kh? CH4 (25.8 ppm), LPG (18.7 ppm), CO (14.7 ppm), M?c kh? gas: An to?n",Auto,OFF,OFF,OFF,OFF,
3/11/2025,22:27:52,30.402,71.139,15.48642,25.89715,17.48045,14.43265,28.32347,0.55782,An toan,An toan,"Nhi?t ?? 30.4?C, ?? ?m 71.1%, Kh? CO th?p (14.4 ppm), M?c ch?y: An to?n","Kh? CH4 (25.9 ppm), LPG (17.5 ppm), CO (14.4 ppm), M?c kh? gas: An to?n",Auto,OFF,OFF,OFF,OFF,
3/11/2025,22:28:45,30.101,78.069,14.6145,24.79363,17.65118,13.70983,15.0038,0.63651,An toan,An toan,"Nhi?t ?? 30.1?C, ?? ?m 78.1%, Kh? CO th?p (13.7 ppm), M?c ch?y: An to?n","Kh? CH4 (24.8 ppm), LPG (17.7 ppm), CO (13.7 ppm), M?c kh? gas: An to?n",Auto,OFF,OFF,OFF,OFF,
3/11/2025,22:36:53,29.579,75.342,15.92241,26.67385,18.62247,14.57757,21.61443,0.40576,An toan,An toan,"Nhi?t ?? 29.6?C, ?? ?m 75.3%, Kh? CO th?p (14.6 ppm), M?c ch?y: An to?n","Kh? CH4 (26.7 ppm), LPG (18.6 ppm), CO (14.6 ppm), M?c kh? gas: An to?n",Auto,OFF,OFF,OFF,OFF,
3/11/2025,22:44:16,29.189,71.117,14.26444,26.50687,19.99718,13.93696,14.11852,0.42109,An toan,An toan,"Nhi?t ?? 29.2?C, ?? ?m 71.1%, Kh? CO th?p (13.9 ppm), M?c ch?y: An to?n","Kh? CH4 (26.5 ppm), LPG (20.0 ppm), CO (13.9 ppm), M?c kh? gas: An to?n",Auto,OFF,OFF,OFF,OFF,
3/11/2025,22:44:24,30.329,74.244,15.74083,25.35895,19.52264,13.38957,25.47705,0.64063,An toan,An toan,"Nhi?t ?? 30.3?C, ?? ?m 74.2%, Kh? CO th?p (13.4 ppm), M?c ch?y: An to?n","Kh? CH4 (25.4 ppm), LPG (19.5 ppm), CO (13.4 ppm), M?c kh? gas: An to?n",Auto,OFF,OFF,OFF,OFF,
3/11/2025,22:45:00,30.391,70.274,15.50011,24.10233,18.35231,14.20724,29.71143,0.23959,An toan,An toan,"Nhi?t ?? 30.4?C, ?? ?m 70.3%, Kh? CO th?p (14.2 ppm), M?c ch?y: An to?n","Kh? CH4 (24.1 ppm), LPG (18.4 ppm), CO (14.2 ppm), M?c kh? gas: An to?n",Auto,OFF,OFF,OFF,OFF,
3/11/2025,22:45:37,30.685,70.443,15.9194,24.77229,17.55546,14.47705,13.36102,0.97115,An toan,An toan,"Nhi?t ?? 30.7?C, ?? ?m 70.4%, Kh? CO th?p (14.5 ppm), M?c ch?y: An to?n","Kh? CH4 (24.8 ppm), LPG (17.6 ppm), CO (14.5 ppm), M?c kh? gas: An to?n",Auto,OFF,OFF,OFF,OFF,
3/11/2025,22:47:11,30.72,70.926,15.4216,25.76662,18.48274,14.81626,29.55906,0.19925,An toan,An toan,"Nhi?t ?? 30.7?C, ?? ?m 70.9%, Kh? CO th?p (14.8 ppm), M?c ch?y: An to?n","Kh? CH4 (25.8 ppm), LPG (18.5 ppm), CO (14.8 ppm), M?c kh? gas: An to?n",Auto,OFF,OFF,OFF,OFF,
3/11/2025,22:51:26,29.278,76.759,14.16781,26.05055,17.46757,13.67353,24.16902,0.91191,An toan,An toan,"Nhi?t ?? 29.3?C, ?? ?m 76.8%, Kh? CO th?p (13.7 ppm), M?c ch?y: An to?n","Kh? CH4 (26.1 ppm), LPG (17.5 ppm), CO (13.7 ppm), M?c kh? gas: An to?n",Auto,OFF,OFF,OFF,OFF,
3/11/2025,22:55:33,30.908,76.518,15.99776,25.06309,19.29158,14.40726,15.48407,0.8803,An toan,An toan,"Nhi?t ?? 30.9?C, ?? ?m 76.5%, Kh? CO th?p (14.4 ppm), M?c ch?y: An to?n","Kh? CH4 (25.1 ppm), LPG (19.3 ppm), CO (14.4 ppm), M?c kh? gas: An to?n",Auto,OFF,OFF,OFF,OFF,
3/11/2025,23:05:06,29.24,77.101,14.98227,25.05751,17.21671,14.77179,18.89009,0.96462,An toan,An toan,"Nhi?t ?? 29.2?C, ?? ?m 77.1%, Kh? CO th?p (14.8 ppm), M?c ch?y: An to?n","Kh? CH4 (25.1 ppm), LPG (17.2 ppm), CO (14.8 ppm), M?c kh? gas: An to?n",Auto,OFF,OFF,OFF,OFF,
3/11/2025,23:11:25,29.666,73.626,15.01965,24.77763,19.1905,14.82887,24.10635,0.15279,An toan,An toan,"Nhi?t ?? 29.7?C, ?? ?m 73.6%, Kh? CO th?p (14.8 ppm), M?c ch?y: An to?n","Kh? CH4 (24.8 ppm), LPG (19.2 ppm), CO (14.8 ppm), M?c kh? gas: An to?n",Auto,OFF,OFF,OFF,OFF,
3/11/2025,23:12:03,29.285,77.734,15.28203,24.52777,17.06608,14.12535,20.12629,0.97173,An toan,An toan,"Nhi?t ?? 29.3?C, ?? ?m 77.7%, Kh? CO th?p (14.1 ppm), M?c ch?y: An to?n","Kh? CH4 (24.5 ppm), LPG (17.1 ppm), CO (14.1 ppm), M?c kh? gas: An to?n",Auto,OFF,OFF,OFF,OFF,
3/11/2025,23:16:15,29.351,75.132,14.65539,26.01566,18.57272,14.59139,13.01705,0.15707,An toan,An toan,"Nhi?t ?? 29.4?C, ?? ?m 75.1%, Kh? CO th?p (14.6 ppm), M?c ch?y: An to?n","Kh? CH4 (26.0 ppm), LPG (18.6 ppm), CO (14.6 ppm), M?c kh? gas: An to?n",Auto,OFF,OFF,OFF,OFF,
3/11/2025,23:20:09,29.034,69.008,14.21479,26.90197,19.76358,13.69955,29.86901,0.67007,An toan,An toan,"Nhi?t ?? 29.0?C, ?? ?m 69.0%, Kh? CO th?p (13.7 ppm), M?c ch?y: An to?n","Kh? CH4 (26.9 ppm), LPG (19.8 ppm), CO (13.7 ppm), M?c kh? gas: An to?n",Auto,OFF,OFF,OFF,OFF,
3/11/2025,23:20:29,29.816,77.762,14.46013,24.52931,19.56981,13.61959,21.68901,0.50896,An toan,An toan,"Nhi?t ?? 29.8?C, ?? ?m 77.8%, Kh? CO th?p (13.6 ppm), M?c ch?y: An to?n","Kh? CH4 (24.5 ppm), LPG (19.6 ppm), CO (13.6 ppm), M?c kh? gas: An to?n",Auto,OFF,OFF,OFF,OFF,
3/11/2025,23:20:54,29.295,76.502,14.8874,24.96971,19.16261,13.80612,24.88283,0.23443,An toan,An toan,"Nhi?t ?? 29.3?C, ?? ?m 76.5%, Kh? CO th?p (13.8 ppm), M?c ch?y: An to?n","Kh? CH4 (25.0 ppm), LPG (19.2 ppm), CO (13.8 ppm), M?c kh? gas: An to?n",Auto,OFF,OFF,OFF,OFF,
3/11/2025,23:21:09,30.47,75.534,14.53272,25.04072,19.49006,14.90584,18.17605,0.54949,An toan,An toan,"Nhi?t ?? 30.5?C, ?? ?m 75.5%, Kh? CO th?p (14.9 ppm), M?c ch?y: An to?n","Kh? CH4 (25.0 ppm), LPG (19.5 ppm), CO (14.9 ppm), M?c kh? gas: An to?n",Auto,OFF,OFF,OFF,OFF,
3/11/2025,23:22:55,29.785,78.506,15.59141,24.75357,18.86021,14.50946,18.87144,0.51909,An toan,An toan,"Nhi?t ?? 29.8?C, ?? ?m 78.5%, Kh? CO th?p (14.5 ppm), M?c ch?y: An to?n","Kh? CH4 (24.8 ppm), LPG (18.9 ppm), CO (14.5 ppm), M?c kh? gas: An to?n",Auto,OFF,OFF,OFF,OFF,
3/11/2025,23:26:16,29.764,75.438,15.52039,26.15548,18.63051,13.35348,17.38214,0.30287,An toan,An toan,"Nhi?t ?? 29.8?C, ?? ?m 75.4%, Kh? CO th?p (13.4 ppm), M?c ch?y: An to?n","Kh? CH4 (26.2 ppm), LPG (18.6 ppm), CO (13.4 ppm), M?c kh? gas: An to?n",Auto,OFF,OFF,OFF,OFF,
3/11/2025,23:28:12,29.662,69.571,14.21837,24.72308,19.84969,14.53499,17.82105,0.76131,An toan,An toan,"Nhi?t ?? 29.7?C, ?? ?m 69.6%, Kh? CO th?p (14.5 ppm), M?c ch?y: An to?n","Kh? CH4 (24.7 ppm), LPG (19.8 ppm), CO (14.5 ppm), M?c kh? gas: An to?n",Auto,OFF,OFF,OFF,OFF,
3/11/2025,23:30:36,29.218,78.992,14.54799,26.91745,18.60411,14.25088,19.67626,0.4795,An toan,An toan,"Nhi?t ?? 29.2?C, ?? ?m 79.0%, Kh? CO th?p (14.3 ppm), M?c ch?y: An to?n","Kh? CH4 (26.9 ppm), LPG (18.6 ppm), CO (14.3 ppm), M?c kh? gas: An to?n",Auto,OFF,OFF,OFF,OFF,
3/11/2025,23:31:15,30.529,69.074,15.30262,26.80183,19.89004,13.4026,13.1604,0.68864,An toan,An toan,"Nhi?t ?? 30.5?C, ?? ?m 69.1%, Kh? CO th?p (13.4 ppm), M?c ch?y: An to?n","Kh? CH4 (26.8 ppm), LPG (19.9 ppm), CO (13.4 ppm), M?c kh? gas: An to?n",Auto,OFF,OFF,OFF,OFF,
3/11/2025,23:33:48,30.564,76.185,14.3413,26.78134,18.94767,14.41406,18.17295,0.51945,An toan,An toan,"Nhi?t ?? 30.6?C, ?? ?m 76.2%, Kh? CO th?p (14.4 ppm), M?c ch?y: An to?n","Kh? CH4 (26.8 ppm), LPG (18.9 ppm), CO (14.4 ppm), M?c kh? gas: An to?n",Auto,OFF,OFF,OFF,OFF,
3/11/2025,23:37:21,29.773,79.552,14.92046,26.63681,19.59202,14.77369,26.48129,0.81356,An toan,An toan,"Nhi?t ?? 29.8?C, ?? ?m 79.6%, Kh? CO th?p (14.8 ppm), M?c ch?y: An to?n","Kh? CH4 (26.6 ppm), LPG (19.6 ppm), CO (14.8 ppm), M?c kh? gas: An to?n",Auto,OFF,OFF,OFF,OFF,
3/11/2025,23:52:46,30.367,70.612,14.71636,25.20024,18.86068,14.09399,15.30226,0.21949,An toan,An toan,"Nhi?t ?? 30.4?C, ?? ?m 70.6%, Kh? CO th?p (14.1 ppm), M?c ch?y: An to?n","Kh? CH4 (25.2 ppm), LPG (18.9 ppm), CO (14.1 ppm), M?c kh? gas: An to?n",Auto,OFF,OFF,OFF,OFF,
3/11/2025,23:55:58,29.759,79.044,14.13119,24.16205,17.98086,13.05791,22.13943,0.89585,An toan,An toan,"Nhi?t ?? 29.8?C, ?? ?m 79.0%, Kh? CO th?p (13.1 ppm), M?c ch?y: An to?n","Kh? CH4 (24.2 ppm), LPG (18.0 ppm), CO (13.1 ppm), M?c kh? gas: An to?n",Auto,OFF,OFF,OFF,OFF,
3/11/2025,23:56:53,30.62,76.346,15.40534,25.41537,19.58023,13.8713,27.21487,0.26218,An toan,An toan,"Nhi?t ?? 30.6?C, ?? ?m 76.3%, Kh? CO th?p (13.9 ppm), M?c ch?y: An to?n","Kh? CH4 (25.4 ppm), LPG (19.6 ppm), CO (13.9 ppm), M?c kh? gas: An to?n",Auto,OFF,OFF,OFF,OFF,
3/11/2025,23:58:16,30.763,75.144,14.15264,26.37059,17.97253,13.47765,26.69915,0.29085,An toan,An toan,"Nhi?t ?? 30.8?C, ?? ?m 75.1%, Kh? CO th?p (13.5 ppm), M?c ch?y: An to?n","Kh? CH4 (26.4 ppm), LPG (18.0 ppm), CO (13.5 ppm), M?c kh? gas: An to?n",Auto,OFF,OFF,OFF,OFF,
3/11/2025,23:59:03,30.972,74.43,14.00625,26.17221,17.4163,13.71523,23.89842,0.81608,An toan,An toan,"Nhi?t ?? 31.0?C, ?? ?m 74.4%, Kh? CO th?p (13.7 ppm), M?c ch?y: An to?n","Kh? CH4 (26.2 ppm), LPG (17.4 ppm), CO (13.7 ppm), M?c kh? gas: An to?n",Auto,OFF,OFF,OFF,OFF,
4/11/2025,0:02:34,29.148,73.993,15.1602,25.92098,19.60395,14.19412,21.29301,0.20898,An toan,An toan,"Nhi?t ?? 29.1?C, ?? ?m 74.0%, Kh? CO th?p (14.2 ppm), M?c ch?y: An to?n","Kh? CH4 (25.9 ppm), LPG (19.6 ppm), CO (14.2 ppm), M?c kh? gas: An to?n",Auto,OFF,OFF,OFF,OFF,
4/11/2025,0:03:06,29.435,77.027,14.99842,24.33563,18.02718,14.68132,12.21264,0.35367,An toan,An toan,"Nhi?t ?? 29.4?C, ?? ?m 77.0%, Kh? CO th?p (14.7 ppm), M?c ch?y: An to?n","Kh? CH4 (24.3 ppm), LPG (18.0 ppm), CO (14.7 ppm), M?c kh? gas: An to?n",Auto,OFF,OFF,OFF,OFF,
4/11/2025,0:05:41,29.741,75.331,15.85593,24.7346,17.62384,13.08069,25.80963,0.73354,An toan,An toan,"Nhi?t ?? 29.7?C, ?? ?m 75.3%, Kh? CO th?p (13.1 ppm), M?c ch?y: An to?n","Kh? CH4 (24.7 ppm), LPG (17.6 ppm), CO (13.1 ppm), M?c kh? gas: An to?n",Auto,OFF,OFF,OFF,OFF,
4/11/2025,0:09:04,29.859,75.638,14.28758,26.86047,18.47317,14.58515,26.76765,0.12165,An toan,An toan,"Nhi?t ?? 29.9?C, ?? ?m 75.6%, Kh? CO th?p (14.6 ppm), M?c ch?y: An to?n","Kh? CH4 (26.9 ppm), LPG (18.5 ppm), CO (14.6 ppm), M?c kh? gas: An to?n",Auto,OFF,OFF,OFF,OFF,
4/11/2025,0:14:26,30.706,70.635,14.8785,26.45275,17.29578,13.71871,10.54269,0.60992,An toan,An toan,"Nhi?t ?? 30.7?C, ?? ?m 70.6%, Kh? CO th?p (13.7 ppm), M?c ch?y: An to?n","Kh? CH4 (26.5 ppm), LPG (17.3 ppm), CO (13.7 ppm), M?c kh? gas: An to?n",Auto,OFF,OFF,OFF,OFF,
4/11/2025,0:16:12,29.708,72.001,14.37905,26.16992,19.35475,14.64289,18.77614,0.73786,An toan,An toan,"Nhi?t ?? 29.7?C, ?? ?m 72.0%, Kh? CO th?p (14.6 ppm), M?c ch?y: An to?n","Kh? CH4 (26.2 ppm), LPG (19.4 ppm), CO (14.6 ppm), M?c kh? gas: An to?n",Auto,OFF,OFF,OFF,OFF,
4/11/2025,0:16:16,30.723,70.977,14.62433,25.0235,17.20086,14.44885,24.26373,0.53335,An toan,An toan,"Nhi?t ?? 30.7?C, ?? ?m 71.0%, Kh? CO th?p (14.4 ppm), M?c ch?y: An to?n","Kh? CH4 (25.0 ppm), LPG (17.2 ppm), CO (14.4 ppm), M?c kh? gas: An to?n",Auto,OFF,OFF,OFF,OFF,
4/11/2025,0:27:21,29.019,71.638,14.23222,26.68556,17.26266,14.83031,13.68537,0.60653,An toan,An toan,"Nhi?t ?? 29.0?C, ?? ?m 71.6%, Kh? CO th?p (14.8 ppm), M?c ch?y: An to?n","Kh? CH4 (26.7 ppm), LPG (17.3 ppm), CO (14.8 ppm), M?c kh? gas: An to?n",Auto,OFF,OFF,OFF,OFF,
4/11/2025,0:29:10,30.19,72.454,14.09022,26.51264,17.24851,14.8347,13.96088,0.11073,An toan,An toan,"Nhi?t ?? 30.2?C, ?? ?m 72.5%, Kh? CO th?p (14.8 ppm), M?c ch?y: An to?n","Kh? CH4 (26.5 ppm), LPG (17.2 ppm), CO (14.8 ppm), M?c kh? gas: An to?n",Auto,OFF,OFF,OFF,OFF,
4/11/2025,0:37:12,30.326,76.355,14.23708,26.68223,18.84238,13.08514,23.49669,0.23497,An toan,An toan,"Nhi?t ?? 30.3?C, ?? ?m 76.4%, Kh? CO th?p (13.1 ppm), M?c ch?y: An to?n","Kh? CH4 (26.7 ppm), LPG (18.8 ppm), CO (13.1 ppm), M?c kh? gas: An to?n",Auto,OFF,OFF,OFF,OFF,
4/11/2025,0:39:17,30.53,70.519,14.02096,26.66035,17.23357,14.00599,12.89217,0.78361,An toan,An toan,"Nhi?t ?? 30.5?C, ?? ?m 70.5%, Kh? CO th?p (14.0 ppm), M?c ch?y: An to?n","Kh? CH4 (26.7 ppm), LPG (17.2 ppm), CO (14.0 ppm), M?c kh? gas: An to?n",Auto,OFF,OFF,OFF,OFF,
4/11/2025,0:40:11,30.034,75.809,15.97535,25.21922,19.58395,14.85134,29.24379,0.13264,An toan,An toan,"Nhi?t ?? 30.0?C, ?? ?m 75.8%, Kh? CO th?p (14.9 ppm), M?c ch?y: An to?n","Kh? CH4 (25.2 ppm), LPG (19.6 ppm), CO (14.9 ppm), M?c kh? gas: An to?n",Auto,OFF,OFF,OFF,OFF,
4/11/2025,0:46:38,30.889,75.652,14.89304,26.17429,17.655,13.28973,18.89299,0.41782,An toan,An toan,"Nhi?t ?? 30.9?C, ?? ?m 75.7%, Kh? CO th?p (13.3 ppm), M?c ch?y: An to?n","Kh? CH4 (26.2 ppm), LPG (17.7 ppm), CO (13.3 ppm), M?c kh? gas: An to?n",Auto,OFF,OFF,OFF,OFF,
4/11/2025,0:48:31,29.17,70.867,14.595,24.63407,19.9393,14.01239,29.67066,0.15904,An toan,An toan,"Nhi?t ?? 29.2?C, ?? ?m 70.9%, Kh? CO th?p (14.0 ppm), M?c ch?y: An to?n","Kh? CH4 (24.6 ppm), LPG (19.9 ppm), CO (14.0 ppm), M?c kh? gas: An to?n",Auto,OFF,OFF,OFF,OFF,
4/11/2025,0:50:38,30.489,71.585,15.814,26.47014,19.15944,14.15229,17.74431,0.91753,An toan,An toan,"Nhi?t ?? 30.5?C, ?? ?m 71.6%, Kh? CO th?p (14.2 ppm), M?c ch?y: An to?n","Kh? CH4 (26.5 ppm), LPG (19.2 ppm), CO (14.2 ppm), M?c kh? gas: An to?n",Auto,OFF,OFF,OFF,OFF,
4/11/2025,0:51:22,30.839,71.842,14.02866,24.86539,19.35606,13.03864,14.01365,0.46421,An toan,An toan,"Nhi?t ?? 30.8?C, ?? ?m 71.8%, Kh? CO th?p (13.0 ppm), M?c ch?y: An to?n","Kh? CH4 (24.9 ppm), LPG (19.4 ppm), CO (13.0 ppm), M?c kh? gas: An to?n",Auto,OFF,OFF,OFF,OFF,
4/11/2025,0:51:56,30.797,73.775,15.54123,24.34949,19.18361,13.89376,27.88882,0.55922,An toan,An toan,"Nhi?t ?? 30.8?C, ?? ?m 73.8%, Kh? CO th?p (13.9 ppm), M?c ch?y: An to?n","Kh? CH4 (24.3 ppm), LPG (19.2 ppm), CO (13.9 ppm), M?c kh? gas: An to?n",Auto,OFF,OFF,OFF,OFF,
4/11/2025,0:52:14,30.129,75.072,15.72774,24.63641,18.69498,14.85931,10.55113,0.53076,An toan,An toan,"Nhi?t ?? 30.1?C, ?? ?m 75.1%, Kh? CO th?p (14.9 ppm), M?c ch?y: An to?n","Kh? CH4 (24.6 ppm), LPG (18.7 ppm), CO (14.9 ppm), M?c kh? gas: An to?n",Auto,OFF,OFF,OFF,OFF,
4/11/2025,0:55:50,30.208,76.991,14.63458,24.66663,19.48983,13.43427,21.6224,0.36648,An toan,An toan,"Nhi?t ?? 30.2?C, ?? ?m 77.0%, Kh? CO th?p (13.4 ppm), M?c ch?y: An to?n","Kh? CH4 (24.7 ppm), LPG (19.5 ppm), CO (13.4 ppm), M?c kh? gas: An to?n",Auto,OFF,OFF,OFF,OFF,
4/11/2025,0:57:59,30.604,70.297,15.95787,24.71806,18.48709,13.61158,15.13335,0.22234,An toan,An toan,"Nhi?t ?? 30.6?C, ?? ?m 70.3%, Kh? CO th?p (13.6 ppm), M?c ch?y: An to?n","Kh? CH4 (24.7 ppm), LPG (18.5 ppm), CO (13.6 ppm), M?c kh? gas: An to?n",Auto,OFF,OFF,OFF,OFF,
4/11/2025,1:10:37,29.071,79.975,14.70961,24.01778,19.2328,13.03589,12.30922,0.17681,An toan,An toan,"Nhi?t ?? 29.1?C, ?? ?m 80.0%, Kh? CO th?p (13.0 ppm), M?c ch?y: An to?n","Kh? CH4 (24.0 ppm), LPG (19.2 ppm), CO (13.0 ppm), M?c kh? gas: An to?n",Auto,OFF,OFF,OFF,OFF,
4/11/2025,1:11:36,29.227,71.966,15.36885,25.48822,19.45359,13.12867,25.74281,0.94674,An toan,An toan,"Nhi?t ?? 29.2?C, ?? ?m 72.0%, Kh? CO th?p (13.1 ppm), M?c ch?y: An to?n","Kh? CH4 (25.5 ppm), LPG (19.5 ppm), CO (13.1 ppm), M?c kh? gas: An to?n",Auto,OFF,OFF,OFF,OFF,
4/11/2025,1:13:19,30.176,73.649,15.59717,24.96025,17.40712,14.26783,29.37083,0.883,An toan,An toan,"Nhi?t ?? 30.2?C, ?? ?m 73.6%, Kh? CO th?p (14.3 ppm), M?c ch?y: An to?n","Kh? CH4 (25.0 ppm), LPG (17.4 ppm), CO (14.3 ppm), M?c kh? gas: An to?n",Auto,OFF,OFF,OFF,OFF,
4/11/2025,1:18:35,30.385,77.899,14.06132,26.85092,19.6068,14.65839,29.94626,0.1028,An toan,An toan,"Nhi?t ?? 30.4?C, ?? ?m 77.9%, Kh? CO th?p (14.7 ppm), M?c ch?y: An to?n","Kh? CH4 (26.9 ppm), LPG (19.6 ppm), CO (14.7 ppm), M?c kh? gas: An to?n",Auto,OFF,OFF,OFF,OFF,
4/11/2025,1:18:42,30.608,69.43,15.81322,26.56218,17.39818,14.55502,20.04807,0.35428,An toan,An toan,"Nhi?t ?? 30.6?C, ?? ?m 69.4%, Kh? CO th?p (14.6 ppm), M?c ch?y: An to?n","Kh? CH4 (26.6 ppm), LPG (17.4 ppm), CO (14.6 ppm), M?c kh? gas: An to?n",Auto,OFF,OFF,OFF,OFF,
4/11/2025,1:23:11,29.6,76.772,14.76155,24.52336,18.09521,13.79948,14.52185,0.15908,An toan,An toan,"Nhi?t ?? 29.6?C, ?? ?m 76.8%, Kh? CO th?p (13.8 ppm), M?c ch?y: An to?n","Kh? CH4 (24.5 ppm), LPG (18.1 ppm), CO (13.8 ppm), M?c kh? gas: An to?n",Auto,OFF,OFF,OFF,OFF,
4/11/2025,1:24:23,29.839,71.953,14.05197,25.72737,18.004,14.01393,26.76791,0.13827,An toan,An toan,"Nhi?t ?? 29.8?C, ?? ?m 72.0%, Kh? CO th?p (14.0 ppm), M?c ch?y: An to?n","Kh? CH4 (25.7 ppm), LPG (18.0 ppm), CO (14.0 ppm), M?c kh? gas: An to?n",Auto,OFF,OFF,OFF,OFF,
4/11/2025,1:26:56,30.866,75.521,14.94577,26.43219,18.57591,13.78772,10.02504,0.5225,An toan,An toan,"Nhi?t ?? 30.9?C, ?? ?m 75.5%, Kh? CO th?p (13.8 ppm), M?c ch?y: An to?n","Kh? CH4 (26.4 ppm), LPG (18.6 ppm), CO (13.8 ppm), M?c kh? gas: An to?n",Auto,OFF,OFF,OFF,OFF,
4/11/2025,1:27:01,30.796,76.394,14.62556,26.39948,17.20994,13.52483,29.81772,0.53347,An toan,An toan,"Nhi?t ?? 30.8?C, ?? ?m 76.4%, Kh? CO th?p (13.5 ppm), M?c ch?y: An to?n","Kh? CH4 (26.4 ppm), LPG (17.2 ppm), CO (13.5 ppm), M?c kh? gas: An to?n",Auto,OFF,OFF,OFF,OFF,
4/11/2025,1:29:30,29.744,71.601,15.18645,26.50207,17.81897,14.39534,18.88411,0.59766,An toan,An toan,"Nhi?t ?? 29.7?C, ?? ?m 71.6%, Kh? CO th?p (14.4 ppm), M?c ch?y: An to?n","Kh? CH4 (26.5 ppm), LPG (17.8 ppm), CO (14.4 ppm), M?c kh? gas: An to?n",Auto,OFF,OFF,OFF,OFF,
4/11/2025,1:33:40,29.587,73.014,15.47342,26.09576,17.48519,14.97898,22.92076,0.18943,An toan,An toan,"Nhi?t ?? 29.6?C, ?? ?m 73.0%, Kh? CO th?p (15.0 ppm), M?c ch?y: An to?n","Kh? CH4 (26.1 ppm), LPG (17.5 ppm), CO (15.0 ppm), M?c kh? gas: An to?n",Auto,OFF,OFF,OFF,OFF,
4/11/2025,1:38:20,29.434,69.339,15.93119,26.00986,17.63984,13.48652,16.14489,0.21877,An toan,An toan,"Nhi?t ?? 29.4?C, ?? ?m 69.3%, Kh? CO th?p (13.5 ppm), M?c ch?y: An to?n","Kh? CH4 (26.0 ppm), LPG (17.6 ppm), CO (13.5 ppm), M?c kh? gas: An to?n",Auto,OFF,OFF,OFF,OFF,
4/11/2025,1:38:56,29.249,69.847,14.52655,24.00256,19.76027,13.54878,25.20981,0.67056,An toan,An toan,"Nhi?t ?? 29.2?C, ?? ?m 69.8%, Kh? CO th?p (13.5 ppm), M?c ch?y: An to?n","Kh? CH4 (24.0 ppm), LPG (19.8 ppm), CO (13.5 ppm), M?c kh? gas: An to?n",Auto,OFF,OFF,OFF,OFF,
4/11/2025,1:39:50,29.745,77.204,14.77334,24.0656,17.42631,14.28734,20.26227,0.81309,An toan,An toan,"Nhi?t ?? 29.7?C, ?? ?m 77.2%, Kh? CO th?p (14.3 ppm), M?c ch?y: An to?n","Kh? CH4 (24.1 ppm), LPG (17.4 ppm), CO (14.3 ppm), M?c kh? gas: An to?n",Auto,OFF,OFF,OFF,OFF,
4/11/2025,1:47:20,29.043,78.162,14.23855,24.78089,19.35268,14.36413,25.9317,0.3675,An toan,An toan,"Nhi?t ?? 29.0?C, ?? ?m 78.2%, Kh? CO th?p (14.4 ppm), M?c ch?y: An to?n","Kh? CH4 (24.8 ppm), LPG (19.4 ppm), CO (14.4 ppm), M?c kh? gas: An to?n",Auto,OFF,OFF,OFF,OFF,
4/11/2025,1:50:18,30.758,72.316,15.94587,26.16538,19.05447,14.28742,27.9257,0.24428,An toan,An toan,"Nhi?t ?? 30.8?C, ?? ?m 72.3%, Kh? CO th?p (14.3 ppm), M?c ch?y: An to?n","Kh? CH4 (26.2 ppm), LPG (19.1 ppm), CO (14.3 ppm), M?c kh? gas: An to?n",Auto,OFF,OFF,OFF,OFF,
4/11/2025,1:51:06,29.399,70.693,15.59259,26.44937,19.90495,13.14002,22.4236,0.10685,An toan,An toan,"Nhi?t ?? 29.4?C, ?? ?m 70.7%, Kh? CO th?p (13.1 ppm), M?c ch?y: An to?n","Kh? CH4 (26.4 ppm), LPG (19.9 ppm), CO (13.1 ppm), M?c kh? gas: An to?n",Auto,OFF,OFF,OFF,OFF,
4/11/2025,1:54:31,29.364,74.569,15.86823,25.1886,17.50997,14.85805,27.49206,0.65205,An toan,An toan,"Nhi?t ?? 29.4?C, ?? ?m 74.6%, Kh? CO th?p (14.9 ppm), M?c ch?y: An to?n","Kh? CH4 (25.2 ppm), LPG (17.5 ppm), CO (14.9 ppm), M?c kh? gas: An to?n",Auto,OFF,OFF,OFF,OFF,
4/11/2025,1:58:08,30.583,73.373,14.69662,26.4822,19.15599,14.41896,12.25093,0.27015,An toan,An toan,"Nhi?t ?? 30.6?C, ?? ?m 73.4%, Kh? CO th?p (14.4 ppm), M?c ch?y: An to?n","Kh? CH4 (26.5 ppm), LPG (19.2 ppm), CO (14.4 ppm), M?c kh? gas: An to?n",Auto,OFF,OFF,OFF,OFF,
4/11/2025,1:59:36,30.871,73.629,14.33935,26.49674,18.89568,14.72805,18.29136,0.98962,An toan,An toan,"Nhi?t ?? 30.9?C, ?? ?m 73.6%, Kh? CO th?p (14.7 ppm), M?c ch?y: An to?n","Kh? CH4 (26.5 ppm), LPG (18.9 ppm), CO (14.7 ppm), M?c kh? gas: An to?n",Auto,OFF,OFF,OFF,OFF,
4/11/2025,2:01:34,30.476,75.461,15.28875,24.85778,17.37216,14.08294,27.66745,0.85366,An toan,An toan,"Nhi?t ?? 30.5?C, ?? ?m 75.5%, Kh? CO th?p (14.1 ppm), M?c ch?y: An to?n","Kh? CH4 (24.9 ppm), LPG (17.4 ppm), CO (14.1 ppm), M?c kh? gas: An to?n",Auto,OFF,OFF,OFF,OFF,
4/11/2025,2:02:09,29.498,70.906,14.20311,25.98545,18.0129,14.44768,27.24793,0.20307,An toan,An toan,"Nhi?t ?? 29.5?C, ?? ?m 70.9%, Kh? CO th?p (14.4 ppm), M?c ch?y: An to?n","Kh? CH4 (26.0 ppm), LPG (18.0 ppm), CO (14.4 ppm), M?c kh? gas: An to?n",Auto,OFF,OFF,OFF,OFF,
4/11/2025,2:08:25,29.892,70.454,14.95212,25.79823,17.40548,14.61314,24.14635,0.71921,An toan,An toan,"Nhi?t ?? 29.9?C, ?? ?m 70.5%, Kh? CO th?p (14.6 ppm), M?c ch?y: An to?n","Kh? CH4 (25.8 ppm), LPG (17.4 ppm), CO (14.6 ppm), M?c kh? gas: An to?n",Auto,OFF,OFF,OFF,OFF,
4/11/2025,2:17:31,30.232,72.09,15.32052,25.68722,18.75617,13.36195,19.07997,0.54985,An toan,An toan,"Nhi?t ?? 30.2?C, ?? ?m 72.1%, Kh? CO th?p (13.4 ppm), M?c ch?y: An to?n","Kh? CH4 (25.7 ppm), LPG (18.8 ppm), CO (13.4 ppm), M?c kh? gas: An to?n",Auto,OFF,OFF,OFF,OFF,
4/11/2025,2:20:30,29.488,71.732,15.67111,25.6353,17.41348,13.62366,23.67719,0.60073,An toan,An toan,"Nhi?t ?? 29.5?C, ?? ?m 71.7%, Kh? CO th?p (13.6 ppm), M?c ch?y: An to?n","Kh? CH4 (25.6 ppm), LPG (17.4 ppm), CO (13.6 ppm), M?c kh? gas: An to?n",Auto,OFF,OFF,OFF,OFF,
4/11/2025,2:21:21,30.352,73.904,14.46608,25.63878,17.64878,13.0105,22.88073,0.78501,An toan,An toan,"Nhi?t ?? 30.4?C, ?? ?m 73.9%, Kh? CO th?p (13.0 ppm), M?c ch?y: An to?n","Kh? CH4 (25.6 ppm), LPG (17.6 ppm), CO (13.0 ppm), M?c kh? gas: An to?n",Auto,OFF,OFF,OFF,OFF,
4/11/2025,2:21:54,30.642,72.521,15.42884,26.21912,17.73139,13.64935,15.05887,0.48551,An toan,An toan,"Nhi?t ?? 30.6?C, ?? ?m 72.5%, Kh? CO th?p (13.6 ppm), M?c ch?y: An to?n","Kh? CH4 (26.2 ppm), LPG (17.7 ppm), CO (13.6 ppm), M?c kh? gas: An to?n",Auto,OFF,OFF,OFF,OFF,
4/11/2025,2:23:05,30.897,76.467,15.09393,26.37169,17.73233,14.03009,18.18529,0.2683,An toan,An toan,"Nhi?t ?? 30.9?C, ?? ?m 76.5%, Kh? CO th?p (14.0 ppm), M?c ch?y: An to?n","Kh? CH4 (26.4 ppm), LPG (17.7 ppm), CO (14.0 ppm), M?c kh? gas: An to?n",Auto,OFF,OFF,OFF,OFF,
4/11/2025,2:25:22,29.954,76.322,15.92047,24.94715,17.28796,14.43884,28.72281,0.69894,An toan,An toan,"Nhi?t ?? 30.0?C, ?? ?m 76.3%, Kh? CO th?p (14.4 ppm), M?c ch?y: An to?n","Kh? CH4 (24.9 ppm), LPG (17.3 ppm), CO (14.4 ppm), M?c kh? gas: An to?n",Auto,OFF,OFF,OFF,OFF,
4/11/2025,2:30:33,29.771,69.039,14.01218,26.73808,17.56227,13.78633,25.68829,0.52525,An toan,An toan,"Nhi?t ?? 29.8?C, ?? ?m 69.0%, Kh? CO th?p (13.8 ppm), M?c ch?y: An to?n","Kh? CH4 (26.7 ppm), LPG (17.6 ppm), CO (13.8 ppm), M?c kh? gas: An to?n",Auto,OFF,OFF,OFF,OFF,
4/11/2025,2:34:15,29.386,76.9,14.70233,25.51556,19.74408,14.44198,10.66483,0.48221,An toan,An toan,"Nhi?t ?? 29.4?C, ?? ?m 76.9%, Kh? CO th?p (14.4 ppm), M?c ch?y: An to?n","Kh? CH4 (25.5 ppm), LPG (19.7 ppm), CO (14.4 ppm), M?c kh? gas: An to?n",Auto,OFF,OFF,OFF,OFF,
4/11/2025,2:40:58,30.152,69.908,15.10206,26.45021,19.63234,13.26925,16.43155,0.10897,An toan,An toan,"Nhi?t ?? 30.2?C, ?? ?m 69.9%, Kh? CO th?p (13.3 ppm), M?c ch?y: An to?n","Kh? CH4 (26.5 ppm), LPG (19.6 ppm), CO (13.3 ppm), M?c kh? gas: An to?n",Auto,OFF,OFF,OFF,OFF,
4/11/2025,2:42:20,29.182,74.207,15.78264,24.00851,17.06846,14.40769,15.8928,0.70571,An toan,An toan,"Nhi?t ?? 29.2?C, ?? ?m 74.2%, Kh? CO th?p (14.4 ppm), M?c ch?y: An to?n","Kh? CH4 (24.0 ppm), LPG (17.1 ppm), CO (14.4 ppm), M?c kh? gas: An to?n",Auto,OFF,OFF,OFF,OFF,
4/11/2025,2:42:24,30.099,69.953,14.85804,24.43775,19.53701,14.71218,16.0443,0.13474,An toan,An toan,"Nhi?t ?? 30.1?C, ?? ?m 70.0%, Kh? CO th?p (14.7 ppm), M?c ch?y: An to?n","Kh? CH4 (24.4 ppm), LPG (19.5 ppm), CO (14.7 ppm), M?c kh? gas: An to?n",Auto,OFF,OFF,OFF,OFF,
4/11/2025,2:49:30,29.776,75.613,14.35533,25.43266,19.98642,14.49755,18.26058,0.58528,An toan,An toan,"Nhi?t ?? 29.8?C, ?? ?m 75.6%, Kh? CO th?p (14.5 ppm), M?c ch?y: An to?n","Kh? CH4 (25.4 ppm), LPG (20.0 ppm), CO (14.5 ppm), M?c kh? gas: An to?n",Auto,OFF,OFF,OFF,OFF,
4/11/2025,2:49:40,30.435,70.853,15.32984,26.519,17.30994,13.19745,24.93199,0.97272,An toan,An toan,"Nhi?t ?? 30.4?C, ?? ?m 70.9%, Kh? CO th?p (13.2 ppm), M?c ch?y: An to?n","Kh? CH4 (26.5 ppm), LPG (17.3 ppm), CO (13.2 ppm), M?c kh? gas: An to?n",Auto,OFF,OFF,OFF,OFF,
4/11/2025,2:50:40,29.289,69.747,14.03285,24.98763,19.86442,14.52365,20.27668,0.24576,An toan,An toan,"Nhi?t ?? 29.3?C, ?? ?m 69.7%, Kh? CO th?p (14.5 ppm), M?c ch?y: An to?n","Kh? CH4 (25.0 ppm), LPG (19.9 ppm), CO (14.5 ppm), M?c kh? gas: An to?n",Auto,OFF,OFF,OFF,OFF,
4/11/2025,2:51:18,30.039,76.695,14.16315,25.02823,17.73402,13.01117,15.15029,0.83325,An toan,An toan,"Nhi?t ?? 30.0?C, ?? ?m 76.7%, Kh? CO th?p (13.0 ppm), M?c ch?y: An to?n","Kh? CH4 (25.0 ppm), LPG (17.7 ppm), CO (13.0 ppm), M?c kh? gas: An to?n",Auto,OFF,OFF,OFF,OFF,
4/11/2025,2:56:49,29.372,71.614,14.68494,26.57483,18.94207,13.62606,19.46414,0.23549,An toan,An toan,"Nhi?t ?? 29.4?C, ?? ?m 71.6%, Kh? CO th?p (13.6 ppm), M?c ch?y: An to?n","Kh? CH4 (26.6 ppm), LPG (18.9 ppm), CO (13.6 ppm), M?c kh? gas: An to?n",Auto,OFF,OFF,OFF,OFF,
4/11/2025,2:57:41,30.258,71.043,15.521,26.60233,18.1454,14.11513,12.50962,0.71423,An toan,An toan,"Nhi?t ?? 30.3?C, ?? ?m 71.0%, Kh? CO th?p (14.1 ppm), M?c ch?y: An to?n","Kh? CH4 (26.6 ppm), LPG (18.1 ppm), CO (14.1 ppm), M?c kh? gas: An to?n",Auto,OFF,OFF,OFF,OFF,
4/11/2025,3:00:05,29.953,74.641,15.34871,24.1446,18.99122,13.40431,28.80886,0.26568,An toan,An toan,"Nhi?t ?? 30.0?C, ?? ?m 74.6%, Kh? CO th?p (13.4 ppm), M?c ch?y: An to?n","Kh? CH4 (24.1 ppm), LPG (19.0 ppm), CO (13.4 ppm), M?c kh? gas: An to?n",Auto,OFF,OFF,OFF,OFF,
4/11/2025,3:00:32,29.266,76.079,14.60573,24.29082,18.45764,14.32111,15.80552,0.29252,An toan,An toan,"Nhi?t ?? 29.3?C, ?? ?m 76.1%, Kh? CO th?p (14.3 ppm), M?c ch?y: An to?n","Kh? CH4 (24.3 ppm), LPG (18.5 ppm), CO (14.3 ppm), M?c kh? gas: An to?n",Auto,OFF,OFF,OFF,OFF,
4/11/2025,3:10:17,30.193,74.142,14.41636,26.47142,18.20851,14.63307,25.82959,0.12019,An toan,An toan,"Nhi?t ?? 30.2?C, ?? ?m 74.1%, Kh? CO th?p (14.6 ppm), M?c ch?y: An to?n","Kh? CH4 (26.5 ppm), LPG (18.2 ppm), CO (14.6 ppm), M?c kh? gas: An to?n",Auto,OFF,OFF,OFF,OFF,
4/11/2025,3:13:52,30.398,77.172,15.98486,25.51098,18.79922,13.72726,22.30838,0.31763,An toan,An toan,"Nhi?t ?? 30.4?C, ?? ?m 77.2%, Kh? CO th?p (13.7 ppm), M?c ch?y: An to?n","Kh? CH4 (25.5 ppm), LPG (18.8 ppm), CO (13.7 ppm), M?c kh? gas: An to?n",Auto,OFF,OFF,OFF,OFF,
4/11/2025,3:15:05,30.724,74.241,15.99817,24.95987,19.54728,14.702,23.00687,0.28868,An toan,An toan,"Nhi?t ?? 30.7?C, ?? ?m 74.2%, Kh? CO th?p (14.7 ppm), M?c ch?y: An to?n","Kh? CH4 (25.0 ppm), LPG (19.5 ppm), CO (14.7 ppm), M?c kh? gas: An to?n",Auto,OFF,OFF,OFF,OFF,
4/11/2025,3:17:10,29.01,72.162,15.52951,25.22476,18.79881,13.38133,14.63347,0.74506,An toan,An toan,"Nhi?t ?? 29.0?C, ?? ?m 72.2%, Kh? CO th?p (13.4 ppm), M?c ch?y: An to?n","Kh? CH4 (25.2 ppm), LPG (18.8 ppm), CO (13.4 ppm), M?c kh? gas: An to?n",Auto,OFF,OFF,OFF,OFF,
4/11/2025,3:17:34,30.157,75.292,15.3557,26.97346,19.80314,14.83032,15.54027,0.79539,An toan,An toan,"Nhi?t ?? 30.2?C, ?? ?m 75.3%, Kh? CO th?p (14.8 ppm), M?c ch?y: An to?n","Kh? CH4 (27.0 ppm), LPG (19.8 ppm), CO (14.8 ppm), M?c kh? gas: An to?n",Auto,OFF,OFF,OFF,OFF,
4/11/2025,3:18:55,29.892,74.854,14.72572,24.08325,18.76487,14.38025,10.75698,0.25319,An toan,An toan,"Nhi?t ?? 29.9?C, ?? ?m 74.9%, Kh? CO th?p (14.4 ppm), M?c ch?y: An to?n","Kh? CH4 (24.1 ppm), LPG (18.8 ppm), CO (14.4 ppm), M?c kh? gas: An to?n",Auto,OFF,OFF,OFF,OFF,
4/11/2025,3:24:08,29.166,69.432,15.87131,25.39453,17.57132,13.38899,24.39567,0.59819,An toan,An toan,"Nhi?t ?? 29.2?C, ?? ?m 69.4%, Kh? CO th?p (13.4 ppm), M?c ch?y: An to?n","Kh? CH4 (25.4 ppm), LPG (17.6 ppm), CO (13.4 ppm), M?c kh? gas: An to?n",Auto,OFF,OFF,OFF,OFF,
4/11/2025,3:26:34,30.184,76.598,14.96376,24.49817,18.15002,14.95286,14.41122,0.15126,An toan,An toan,"Nhi?t ?? 30.2?C, ?? ?m 76.6%, Kh? CO th?p (15.0 ppm), M?c ch?y: An to?n","Kh? CH4 (24.5 ppm), LPG (18.2 ppm), CO (15.0 ppm), M?c kh? gas: An to?n",Auto,OFF,OFF,OFF,OFF,
4/11/2025,3:30:19,29.106,73.899,15.83869,24.00104,19.4596,14.32114,29.24453,0.2227,An toan,An toan,"Nhi?t ?? 29.1?C, ?? ?m 73.9%, Kh? CO th?p (14.3 ppm), M?c ch?y: An to?n","Kh? CH4 (24.0 ppm), LPG (19.5 ppm), CO (14.3 ppm), M?c kh? gas: An to?n",Auto,OFF,OFF,OFF,OFF,
4/11/2025,3:30:54,30.195,77.501,14.91531,25.8354,18.31259,14.12366,25.09907,0.16486,An toan,An toan,"Nhi?t ?? 30.2?C, ?? ?m 77.5%, Kh? CO th?p (14.1 ppm), M?c ch?y: An to?n","Kh? CH4 (25.8 ppm), LPG (18.3 ppm), CO (14.1 ppm), M?c kh? gas: An to?n",Auto,OFF,OFF,OFF,OFF,
4/11/2025,3:36:41,29.93,70.055,14.5899,24.60673,18.94491,13.7379,24.71972,0.80358,An toan,An toan,"Nhi?t ?? 29.9?C, ?? ?m 70.1%, Kh? CO th?p (13.7 ppm), M?c ch?y: An to?n","Kh? CH4 (24.6 ppm), LPG (18.9 ppm), CO (13.7 ppm), M?c kh? gas: An to?n",Auto,OFF,OFF,OFF,OFF,
4/11/2025,3:38:59,30.185,71.279,15.40283,24.73154,19.2325,14.78299,11.66748,0.65126,An toan,An toan,"Nhi?t ?? 30.2?C, ?? ?m 71.3%, Kh? CO th?p (14.8 ppm), M?c ch?y: An to?n","Kh? CH4 (24.7 ppm), LPG (19.2 ppm), CO (14.8 ppm), M?c kh? gas: An to?n",Auto,OFF,OFF,OFF,OFF,
4/11/2025,3:42:31,29.41,78.872,15.32385,26.05863,19.82847,13.73552,24.46214,0.48082,An toan,An toan,"Nhi?t ?? 29.4?C, ?? ?m 78.9%, Kh? CO th?p (13.7 ppm), M?c ch?y: An to?n","Kh? CH4 (26.1 ppm), LPG (19.8 ppm), CO (13.7 ppm), M?c kh? gas: An to?n",Auto,OFF,OFF,OFF,OFF,
4/11/2025,3:46:49,29.581,79.21,15.53977,24.99517,18.3755,13.20728,26.99512,0.82512,An toan,An toan,"Nhi?t ?? 29.6?C, ?? ?m 79.2%, Kh? CO th?p (13.2 ppm), M?c ch?y: An to?n","Kh? CH4 (25.0 ppm), LPG (18.4 ppm), CO (13.2 ppm), M?c kh? gas: An to?n",Auto,OFF,OFF,OFF,OFF,
4/11/2025,3:53:13,30.048,75.651,14.12295,26.40608,18.73324,13.73209,28.7776,0.52493,An toan,An toan,"Nhi?t ?? 30.0?C, ?? ?m 75.7%, Kh? CO th?p (13.7 ppm), M?c ch?y: An to?n","Kh? CH4 (26.4 ppm), LPG (18.7 ppm), CO (13.7 ppm), M?c kh? gas: An to?n",Auto,OFF,OFF,OFF,OFF,
4/11/2025,3:54:58,30.401,76.788,15.78263,26.21879,18.9106,13.31122,13.15708,0.15873,An toan,An toan,"Nhi?t ?? 30.4?C, ?? ?m 76.8%, Kh? CO th?p (13.3 ppm), M?c ch?y: An to?n","Kh? CH4 (26.2 ppm), LPG (18.9 ppm), CO (13.3 ppm), M?c kh? gas: An to?n",Auto,OFF,OFF,OFF,OFF,
4/11/2025,3:57:13,30.718,77.309,14.57667,24.02544,18.87507,14.03266,13.10246,0.11547,An toan,An toan,"Nhi?t ?? 30.7?C, ?? ?m 77.3%, Kh? CO th?p (14.0 ppm), M?c ch?y: An to?n","Kh? CH4 (24.0 ppm), LPG (18.9 ppm), CO (14.0 ppm), M?c kh? gas: An to?n",Auto,OFF,OFF,OFF,OFF,
4/11/2025,3:57:23,30.592,69.494,15.2541,24.1908,17.18135,13.74873,25.49686,0.65832,An toan,An toan,"Nhi?t ?? 30.6?C, ?? ?m 69.5%, Kh? CO th?p (13.7 ppm), M?c ch?y: An to?n","Kh? CH4 (24.2 ppm), LPG (17.2 ppm), CO (13.7 ppm), M?c kh? gas: An to?n",Auto,OFF,OFF,OFF,OFF,
4/11/2025,4:00:32,29.684,72.351,14.83287,25.38503,19.44647,14.22299,27.63487,0.54695,An toan,An toan,"Nhi?t ?? 29.7?C, ?? ?m 72.4%, Kh? CO th?p (14.2 ppm), M?c ch?y: An to?n","Kh? CH4 (25.4 ppm), LPG (19.4 ppm), CO (14.2 ppm), M?c kh? gas: An to?n",Auto,OFF,OFF,OFF,OFF,
4/11/2025,4:03:34,29.143,79.564,15.04934,24.45596,18.85861,14.82671,24.24817,0.10963,An toan,An toan,"Nhi?t ?? 29.1?C, ?? ?m 79.6%, Kh? CO th?p (14.8 ppm), M?c ch?y: An to?n","Kh? CH4 (24.5 ppm), LPG (18.9 ppm), CO (14.8 ppm), M?c kh? gas: An to?n",Auto,OFF,OFF,OFF,OFF,
4/11/2025,4:12:54,29.82,75.084,15.6506,24.84432,19.13876,13.44895,21.5314,0.52291,An toan,An toan,"Nhi?t ?? 29.8?C, ?? ?m 75.1%, Kh? CO th?p (13.4 ppm), M?c ch?y: An to?n","Kh? CH4 (24.8 ppm), LPG (19.1 ppm), CO (13.4 ppm), M?c kh? gas: An to?n",Auto,OFF,OFF,OFF,OFF,
4/11/2025,4:14:17,30.887,72.658,14.9717,25.58394,19.34351,14.31658,12.20803,0.55814,An toan,An toan,"Nhi?t ?? 30.9?C, ?? ?m 72.7%, Kh? CO th?p (14.3 ppm), M?c ch?y: An to?n","Kh? CH4 (25.6 ppm), LPG (19.3 ppm), CO (14.3 ppm), M?c kh? gas: An to?n",Auto,OFF,OFF,OFF,OFF,
4/11/2025,4:15:42,30.481,74.107,14.14841,25.91526,17.95278,13.74471,12.24084,0.50122,An toan,An toan,"Nhi?t ?? 30.5?C, ?? ?m 74.1%, Kh? CO th?p (13.7 ppm), M?c ch?y: An to?n","Kh? CH4 (25.9 ppm), LPG (18.0 ppm), CO (13.7 ppm), M?c kh? gas: An to?n",Auto,OFF,OFF,OFF,OFF,
4/11/2025,4:17:26,30.563,75.64,14.50267,25.10977,17.51151,14.59861,11.25361,0.9856,An toan,An toan,"Nhi?t ?? 30.6?C, ?? ?m 75.6%, Kh? CO th?p (14.6 ppm), M?c ch?y: An to?n","Kh? CH4 (25.1 ppm), LPG (17.5 ppm), CO (14.6 ppm), M?c kh? gas: An to?n",Auto,OFF,OFF,OFF,OFF,
4/11/2025,4:23:35,30.822,71.868,15.38697,25.87908,17.61017,14.14674,10.34636,0.46294,An toan,An toan,"Nhi?t ?? 30.8?C, ?? ?m 71.9%, Kh? CO th?p (14.1 ppm), M?c ch?y: An to?n","Kh? CH4 (25.9 ppm), LPG (17.6 ppm), CO (14.1 ppm), M?c kh? gas: An to?n",Auto,OFF,OFF,OFF,OFF,
4/11/2025,4:24:23,29.59,70.85,14.33141,26.32184,19.70594,14.09752,19.70907,0.37028,An toan,An toan,"Nhi?t ?? 29.6?C, ?? ?m 70.8%, Kh? CO th?p (14.1 ppm), M?c ch?y: An to?n","Kh? CH4 (26.3 ppm), LPG (19.7 ppm), CO (14.1 ppm), M?c kh? gas: An to?n",Auto,OFF,OFF,OFF,OFF,
4/11/2025,4:27:35,29.387,78.346,15.9332,26.72328,17.11783,14.19813,12.57585,0.93632,An toan,An toan,"Nhi?t ?? 29.4?C, ?? ?m 78.3%, Kh? CO th?p (14.2 ppm), M?c ch?y: An to?n","Kh? CH4 (26.7 ppm), LPG (17.1 ppm), CO (14.2 ppm), M?c kh? gas: An to?n",Auto,OFF,OFF,OFF,OFF,
4/11/2025,4:29:10,30.497,72.265,14.13502,24.03287,19.32518,14.8465,21.33252,0.90263,An toan,An toan,"Nhi?t ?? 30.5?C, ?? ?m 72.3%, Kh? CO th?p (14.8 ppm), M?c ch?y: An to?n","Kh? CH4 (24.0 ppm), LPG (19.3 ppm), CO (14.8 ppm), M?c kh? gas: An to?n",Auto,OFF,OFF,OFF,OFF,
4/11/2025,4:32:29,30.973,78.897,15.24002,24.51819,18.99406,13.69611,11.87081,0.47923,An toan,An toan,"Nhi?t ?? 31.0?C, ?? ?m 78.9%, Kh? CO th?p (13.7 ppm), M?c ch?y: An to?n","Kh? CH4 (24.5 ppm), LPG (19.0 ppm), CO (13.7 ppm), M?c kh? gas: An to?n",Auto,OFF,OFF,OFF,OFF,
4/11/2025,4:34:54,29.611,72.47,14.13181,25.81428,19.18141,13.78794,19.82517,0.51631,An toan,An toan,"Nhi?t ?? 29.6?C, ?? ?m 72.5%, Kh? CO th?p (13.8 ppm), M?c ch?y: An to?n","Kh? CH4 (25.8 ppm), LPG (19.2 ppm), CO (13.8 ppm), M?c kh? gas: An to?n",Auto,OFF,OFF,OFF,OFF,
4/11/2025,4:37:46,29.855,79.076,14.97545,25.67911,17.35473,14.03772,29.2461,0.69466,An toan,An toan,"Nhi?t ?? 29.9?C, ?? ?m 79.1%, Kh? CO th?p (14.0 ppm), M?c ch?y: An to?n","Kh? CH4 (25.7 ppm), LPG (17.4 ppm), CO (14.0 ppm), M?c kh? gas: An to?n",Auto,OFF,OFF,OFF,OFF,
4/11/2025,4:39:10,30.026,70.03,15.31154,25.26384,19.28057,14.79066,13.45312,0.17953,An toan,An toan,"Nhi?t ?? 30.0?C, ?? ?m 70.0%, Kh? CO th?p (14.8 ppm), M?c ch?y: An to?n","Kh? CH4 (25.3 ppm), LPG (19.3 ppm), CO (14.8 ppm), M?c kh? gas: An to?n",Auto,OFF,OFF,OFF,OFF,
4/11/2025,4:40:57,30.119,73.106,15.19834,24.82256,19.39002,14.89749,15.06575,0.71576,An toan,An toan,"Nhi?t ?? 30.1?C, ?? ?m 73.1%, Kh? CO th?p (14.9 ppm), M?c ch?y: An to?n","Kh? CH4 (24.8 ppm), LPG (19.4 ppm), CO (14.9 ppm), M?c kh? gas: An to?n",Auto,OFF,OFF,OFF,OFF,
4/11/2025,4:41:21,29.743,69.918,15.28178,26.21286,17.30033,13.13243,12.56651,0.62839,An toan,An toan,"Nhi?t ?? 29.7?C, ?? ?m 69.9%, Kh? CO th?p (13.1 ppm), M?c ch?y: An to?n","Kh? CH4 (26.2 ppm), LPG (17.3 ppm), CO (13.1 ppm), M?c kh? gas: An to?n",Auto,OFF,OFF,OFF,OFF,
4/11/2025,4:53:00,29.374,77.942,14.15553,25.7019,17.54905,14.8351,28.90626,0.68196,An toan,An toan,"Nhi?t ?? 29.4?C, ?? ?m 77.9%, Kh? CO th?p (14.8 ppm), M?c ch?y: An to?n","Kh? CH4 (25.7 ppm), LPG (17.5 ppm), CO (14.8 ppm), M?c kh? gas: An to?n",Auto,OFF,OFF,OFF,OFF,
4/11/2025,4:54:36,30.72,75.366,14.0058,25.52271,19.42928,13.32316,21.00362,0.97945,An toan,An toan,"Nhi?t ?? 30.7?C, ?? ?m 75.4%, Kh? CO th?p (13.3 ppm), M?c ch?y: An to?n","Kh? CH4 (25.5 ppm), LPG (19.4 ppm), CO (13.3 ppm), M?c kh? gas: An to?n",Auto,OFF,OFF,OFF,OFF,
4/11/2025,4:55:46,29.519,73.067,14.55381,26.39664,19.74671,13.15038,16.30053,0.94495,An toan,An toan,"Nhi?t ?? 29.5?C, ?? ?m 73.1%, Kh? CO th?p (13.2 ppm), M?c ch?y: An to?n","Kh? CH4 (26.4 ppm), LPG (19.7 ppm), CO (13.2 ppm), M?c kh? gas: An to?n",Auto,OFF,OFF,OFF,OFF,
4/11/2025,4:56:34,30.999,72.081,15.09458,24.01216,19.25849,14.7006,28.58909,0.62493,An toan,An toan,"Nhi?t ?? 31.0?C, ?? ?m 72.1%, Kh? CO th?p (14.7 ppm), M?c ch?y: An to?n","Kh? CH4 (24.0 ppm), LPG (19.3 ppm), CO (14.7 ppm), M?c kh? gas: An to?n",Auto,OFF,OFF,OFF,OFF,
4/11/2025,5:00:47,29.519,70.058,14.24851,25.10209,19.03044,14.30978,20.5027,0.74289,An toan,An toan,"Nhi?t ?? 29.5?C, ?? ?m 70.1%, Kh? CO th?p (14.3 ppm), M?c ch?y: An to?n","Kh? CH4 (25.1 ppm), LPG (19.0 ppm), CO (14.3 ppm), M?c kh? gas: An to?n",Auto,OFF,OFF,OFF,OFF,
4/11/2025,5:02:39,29.895,74.337,15.98154,25.78582,17.38639,14.64096,11.95938,0.19064,An toan,An toan,"Nhi?t ?? 29.9?C, ?? ?m 74.3%, Kh? CO th?p (14.6 ppm), M?c ch?y: An to?n","Kh? CH4 (25.8 ppm), LPG (17.4 ppm), CO (14.6 ppm), M?c kh? gas: An to?n",Auto,OFF,OFF,OFF,OFF,
4/11/2025,5:03:51,29.941,76.731,14.49002,26.34061,19.71225,14.75423,22.51584,0.21206,An toan,An toan,"Nhi?t ?? 29.9?C, ?? ?m 76.7%, Kh? CO th?p (14.8 ppm), M?c ch?y: An to?n","Kh? CH4 (26.3 ppm), LPG (19.7 ppm), CO (14.8 ppm), M?c kh? gas: An to?n",Auto,OFF,OFF,OFF,OFF,
4/11/2025,5:05:44,30.981,70.675,14.04304,24.20915,17.42137,14.91538,20.25328,0.35019,An toan,An toan,"Nhi?t ?? 31.0?C, ?? ?m 70.7%, Kh? CO th?p (14.9 ppm), M?c ch?y: An to?n","Kh? CH4 (24.2 ppm), LPG (17.4 ppm), CO (14.9 ppm), M?c kh? gas: An to?n",Auto,OFF,OFF,OFF,OFF,
4/11/2025,5:05:54,30.219,69.486,14.01969,24.79983,17.11743,14.98906,24.62799,0.95394,An toan,An toan,"Nhi?t ?? 30.2?C, ?? ?m 69.5%, Kh? CO th?p (15.0 ppm), M?c ch?y: An to?n","Kh? CH4 (24.8 ppm), LPG (17.1 ppm), CO (15.0 ppm), M?c kh? gas: An to?n",Auto,OFF,OFF,OFF,OFF,
4/11/2025,5:06:48,30.312,76.072,15.95983,24.07295,17.45238,14.08377,12.46984,0.19884,An toan,An toan,"Nhi?t ?? 30.3?C, ?? ?m 76.1%, Kh? CO th?p (14.1 ppm), M?c ch?y: An to?n","Kh? CH4 (24.1 ppm), LPG (17.5 ppm), CO (14.1 ppm), M?c kh? gas: An to?n",Auto,OFF,OFF,OFF,OFF,
4/11/2025,5:09:45,29.613,72.68,15.67565,26.11475,19.15229,14.57885,19.08549,0.30875,An toan,An toan,"Nhi?t ?? 29.6?C, ?? ?m 72.7%, Kh? CO th?p (14.6 ppm), M?c ch?y: An to?n","Kh? CH4 (26.1 ppm), LPG (19.2 ppm), CO (14.6 ppm), M?c kh? gas: An to?n",Auto,OFF,OFF,OFF,OFF,
4/11/2025,5:17:32,29.104,77.191,15.85057,26.02124,17.06367,14.83296,25.80559,0.80919,An toan,An toan,"Nhi?t ?? 29.1?C, ?? ?m 77.2%, Kh? CO th?p (14.8 ppm), M?c ch?y: An to?n","Kh? CH4 (26.0 ppm), LPG (17.1 ppm), CO (14.8 ppm), M?c kh? gas: An to?n",Auto,OFF,OFF,OFF,OFF,
4/11/2025,5:21:18,30.229,78.73,15.75329,26.59522,19.039,13.24897,29.2631,0.66975,An toan,An toan,"Nhi?t ?? 30.2?C, ?? ?m 78.7%, Kh? CO th?p (13.2 ppm), M?c ch?y: An to?n","Kh? CH4 (26.6 ppm), LPG (19.0 ppm), CO (13.2 ppm), M?c kh? gas: An to?n",Auto,OFF,OFF,OFF,OFF,
4/11/2025,5:27:53,30.784,77.131,14.07398,26.08274,17.83928,13.76408,25.19595,0.33659,An toan,An toan,"Nhi?t ?? 30.8?C, ?? ?m 77.1%, Kh? CO th?p (13.8 ppm), M?c ch?y: An to?n","Kh? CH4 (26.1 ppm), LPG (17.8 ppm), CO (13.8 ppm), M?c kh? gas: An to?n",Auto,OFF,OFF,OFF,OFF,
4/11/2025,5:34:36,30.916,76.275,14.8269,24.42005,19.94001,14.22922,17.01104,0.56771,An toan,An toan,"Nhi?t ?? 30.9?C, ?? ?m 76.3%, Kh? CO th?p (14.2 ppm), M?c ch?y: An to?n","Kh? CH4 (24.4 ppm), LPG (19.9 ppm), CO (14.2 ppm), M?c kh? gas: An to?n",Auto,OFF,OFF,OFF,OFF,
4/11/2025,5:35:13,30.949,76.577,15.67131,25.84251,18.2542,14.43199,21.82394,0.50216,An toan,An toan,"Nhi?t ?? 30.9?C, ?? ?m 76.6%, Kh? CO th?p (14.4 ppm), M?c ch?y: An to?n","Kh? CH4 (25.8 ppm), LPG (18.3 ppm), CO (14.4 ppm), M?c kh? gas: An to?n",Auto,OFF,OFF,OFF,OFF,
4/11/2025,5:35:38,29.838,77.73,15.99108,25.4791,17.18815,14.37947,17.72719,0.29901,An toan,An toan,"Nhi?t ?? 29.8?C, ?? ?m 77.7%, Kh? CO th?p (14.4 ppm), M?c ch?y: An to?n","Kh? CH4 (25.5 ppm), LPG (17.2 ppm), CO (14.4 ppm), M?c kh? gas: An to?n",Auto,OFF,OFF,OFF,OFF,
4/11/2025,5:43:05,30.141,74.57,15.66049,26.727,17.10862,13.81145,18.54213,0.13614,An toan,An toan,"Nhi?t ?? 30.1?C, ?? ?m 74.6%, Kh? CO th?p (13.8 ppm), M?c ch?y: An to?n","Kh? CH4 (26.7 ppm), LPG (17.1 ppm), CO (13.8 ppm), M?c kh? gas: An to?n",Auto,OFF,OFF,OFF,OFF,
4/11/2025,5:43:32,30.993,73.826,15.8156,24.27048,18.19395,14.69971,21.85234,0.54455,An toan,An toan,"Nhi?t ?? 31.0?C, ?? ?m 73.8%, Kh? CO th?p (14.7 ppm), M?c ch?y: An to?n","Kh? CH4 (24.3 ppm), LPG (18.2 ppm), CO (14.7 ppm), M?c kh? gas: An to?n",Auto,OFF,OFF,OFF,OFF,
4/11/2025,5:45:47,29.04,73.237,15.05478,26.17967,18.06434,13.95986,28.99832,0.73547,An toan,An toan,"Nhi?t ?? 29.0?C, ?? ?m 73.2%, Kh? CO th?p (14.0 ppm), M?c ch?y: An to?n","Kh? CH4 (26.2 ppm), LPG (18.1 ppm), CO (14.0 ppm), M?c kh? gas: An to?n",Auto,OFF,OFF,OFF,OFF,
4/11/2025,5:48:31,30.062,75.75,14.32753,25.31188,19.93412,14.34691,15.21862,0.57483,An toan,An toan,"Nhi?t ?? 30.1?C, ?? ?m 75.7%, Kh? CO th?p (14.3 ppm), M?c ch?y: An to?n","Kh? CH4 (25.3 ppm), LPG (19.9 ppm), CO (14.3 ppm), M?c kh? gas: An to?n",Auto,OFF,OFF,OFF,OFF,
4/11/2025,5:54:29,30.831,73.573,14.54169,26.36451,17.70641,14.02429,12.31728,0.5736,An toan,An toan,"Nhi?t ?? 30.8?C, ?? ?m 73.6%, Kh? CO th?p (14.0 ppm), M?c ch?y: An to?n","Kh? CH4 (26.4 ppm), LPG (17.7 ppm), CO (14.0 ppm), M?c kh? gas: An to?n",Auto,OFF,OFF,OFF,OFF,
4/11/2025,5:55:33,29.585,70.797,15.36135,26.78938,18.7546,13.63004,10.0404,0.19551,An toan,An toan,"Nhi?t ?? 29.6?C, ?? ?m 70.8%, Kh? CO th?p (13.6 ppm), M?c ch?y: An to?n","Kh? CH4 (26.8 ppm), LPG (18.8 ppm), CO (13.6 ppm), M?c kh? gas: An to?n",Auto,OFF,OFF,OFF,OFF,
4/11/2025,5:57:22,30.758,72.141,15.32782,25.64213,19.59123,14.887,12.39848,0.84892,An toan,An toan,"Nhi?t ?? 30.8?C, ?? ?m 72.1%, Kh? CO th?p (14.9 ppm), M?c ch?y: An to?n","Kh? CH4 (25.6 ppm), LPG (19.6 ppm), CO (14.9 ppm), M?c kh? gas: An to?n",Auto,OFF,OFF,OFF,OFF,
4/11/2025,6:02:12,30.902,70.588,14.94579,26.82138,17.98438,13.05747,26.15975,0.2586,An toan,An toan,"Nhi?t ?? 30.9?C, ?? ?m 70.6%, Kh? CO th?p (13.1 ppm), M?c ch?y: An to?n","Kh? CH4 (26.8 ppm), LPG (18.0 ppm), CO (13.1 ppm), M?c kh? gas: An to?n",Auto,OFF,OFF,OFF,OFF,
4/11/2025,6:02:25,29.936,79.807,15.09748,26.2542,18.73653,13.93016,16.18506,0.61678,An toan,An toan,"Nhi?t ?? 29.9?C, ?? ?m 79.8%, Kh? CO th?p (13.9 ppm), M?c ch?y: An to?n","Kh? CH4 (26.3 ppm), LPG (18.7 ppm), CO (13.9 ppm), M?c kh? gas: An to?n",Auto,OFF,OFF,OFF,OFF,
4/11/2025,6:07:55,29.853,74.807,14.73753,25.46433,19.57736,14.38537,25.08574,0.3996,An toan,An toan,"Nhi?t ?? 29.9?C, ?? ?m 74.8%, Kh? CO th?p (14.4 ppm), M?c ch?y: An to?n","Kh? CH4 (25.5 ppm), LPG (19.6 ppm), CO (14.4 ppm), M?c kh? gas: An to?n",Auto,OFF,OFF,OFF,OFF,
4/11/2025,6:09:39,29.649,74.091,15.3883,24.50615,17.50923,13.65336,20.65254,0.42833,An toan,An toan,"Nhi?t ?? 29.6?C, ?? ?m 74.1%, Kh? CO th?p (13.7 ppm), M?c ch?y: An to?n","Kh? CH4 (24.5 ppm), LPG (17.5 ppm), CO (13.7 ppm), M?c kh? gas: An to?n",Auto,OFF,OFF,OFF,OFF,
4/11/2025,6:09:41,29.522,71.462,15.6044,26.02857,17.17536,14.55383,13.36775,0.41647,An toan,An toan,"Nhi?t ?? 29.5?C, ?? ?m 71.5%, Kh? CO th?p (14.6 ppm), M?c ch?y: An to?n","Kh? CH4 (26.0 ppm), LPG (17.2 ppm), CO (14.6 ppm), M?c kh? gas: An to?n",Auto,OFF,OFF,OFF,OFF,
4/11/2025,6:12:43,29.661,70.604,14.70746,26.23655,19.09067,14.07509,22.4546,0.80644,An toan,An toan,"Nhi?t ?? 29.7?C, ?? ?m 70.6%, Kh? CO th?p (14.1 ppm), M?c ch?y: An to?n","Kh? CH4 (26.2 ppm), LPG (19.1 ppm), CO (14.1 ppm), M?c kh? gas: An to?n",Auto,OFF,OFF,OFF,OFF,
4/11/2025,6:21:35,29.683,69.009,15.4497,25.66151,19.36214,14.95449,26.12188,0.76503,An toan,An toan,"Nhi?t ?? 29.7?C, ?? ?m 69.0%, Kh? CO th?p (15.0 ppm), M?c ch?y: An to?n","Kh? CH4 (25.7 ppm), LPG (19.4 ppm), CO (15.0 ppm), M?c kh? gas: An to?n",Auto,OFF,OFF,OFF,OFF,
4/11/2025,6:22:07,30.888,76.315,14.46407,24.21388,18.40005,13.74779,28.65415,0.65027,An toan,An toan,"Nhi?t ?? 30.9?C, ?? ?m 76.3%, Kh? CO th?p (13.7 ppm), M?c ch?y: An to?n","Kh? CH4 (24.2 ppm), LPG (18.4 ppm), CO (13.7 ppm), M?c kh? gas: An to?n",Auto,OFF,OFF,OFF,OFF,
4/11/2025,6:29:33,29.539,78.717,14.88292,26.5366,19.2699,14.63581,23.61262,0.75505,An toan,An toan,"Nhi?t ?? 29.5?C, ?? ?m 78.7%, Kh? CO th?p (14.6 ppm), M?c ch?y: An to?n","Kh? CH4 (26.5 ppm), LPG (19.3 ppm), CO (14.6 ppm), M?c kh? gas: An to?n",Auto,OFF,OFF,OFF,OFF,
4/11/2025,6:32:58,30.822,73.532,14.55522,26.52719,19.7087,14.19441,26.59783,0.31176,An toan,An toan,"Nhi?t ?? 30.8?C, ?? ?m 73.5%, Kh? CO th?p (14.2 ppm), M?c ch?y: An to?n","Kh? CH4 (26.5 ppm), LPG (19.7 ppm), CO (14.2 ppm), M?c kh? gas: An to?n",Auto,OFF,OFF,OFF,OFF,
4/11/2025,6:36:27,30.189,70.376,15.05663,26.05407,19.87598,14.4777,10.3119,0.455,An toan,An toan,"Nhi?t ?? 30.2?C, ?? ?m 70.4%, Kh? CO th?p (14.5 ppm), M?c ch?y: An to?n","Kh? CH4 (26.1 ppm), LPG (19.9 ppm), CO (14.5 ppm), M?c kh? gas: An to?n",Auto,OFF,OFF,OFF,OFF,
4/11/2025,6:39:06,30.664,75.778,14.36293,24.51795,17.86095,13.99993,13.38094,0.50543,An toan,An toan,"Nhi?t ?? 30.7?C, ?? ?m 75.8%, Kh? CO th?p (14.0 ppm), M?c ch?y: An to?n","Kh? CH4 (24.5 ppm), LPG (17.9 ppm), CO (14.0 ppm), M?c kh? gas: An to?n",Auto,OFF,OFF,OFF,OFF,
4/11/2025,6:41:19,29.613,79.103,14.7024,26.15732,19.23707,13.43697,21.11877,0.83618,An toan,An toan,"Nhi?t ?? 29.6?C, ?? ?m 79.1%, Kh? CO th?p (13.4 ppm), M?c ch?y: An to?n","Kh? CH4 (26.2 ppm), LPG (19.2 ppm), CO (13.4 ppm), M?c kh? gas: An to?n",Auto,OFF,OFF,OFF,OFF,
4/11/2025,6:43:40,30.423,73.895,15.81328,25.14638,17.14103,14.29717,11.09289,0.62489,An toan,An toan,"Nhi?t ?? 30.4?C, ?? ?m 73.9%, Kh? CO th?p (14.3 ppm), M?c ch?y: An to?n","Kh? CH4 (25.1 ppm), LPG (17.1 ppm), CO (14.3 ppm), M?c kh? gas: An to?n",Auto,OFF,OFF,OFF,OFF,
4/11/2025,6:43:51,30.979,79.319,14.97447,26.48296,19.6012,13.41832,19.73425,0.71241,An toan,An toan,"Nhi?t ?? 31.0?C, ?? ?m 79.3%, Kh? CO th?p (13.4 ppm), M?c ch?y: An to?n","Kh? CH4 (26.5 ppm), LPG (19.6 ppm), CO (13.4 ppm), M?c kh? gas: An to?n",Auto,OFF,OFF,OFF,OFF,
4/11/2025,6:44:29,29.457,72.156,14.96892,25.15591,17.58459,14.03479,18.20931,0.15542,An toan,An toan,"Nhi?t ?? 29.5?C, ?? ?m 72.2%, Kh? CO th?p (14.0 ppm), M?c ch?y: An to?n","Kh? CH4 (25.2 ppm), LPG (17.6 ppm), CO (14.0 ppm), M?c kh? gas: An to?n",Auto,OFF,OFF,OFF,OFF,
4/11/2025,6:45:00,29.404,73.461,14.3958,24.70632,17.87869,14.42896,12.0861,0.4292,An toan,An toan,"Nhi?t ?? 29.4?C, ?? ?m 73.5%, Kh? CO th?p (14.4 ppm), M?c ch?y: An to?n","Kh? CH4 (24.7 ppm), LPG (17.9 ppm), CO (14.4 ppm), M?c kh? gas: An to?n",Auto,OFF,OFF,OFF,OFF,
4/11/2025,6:46:51,30.442,75.481,14.49064,25.23964,19.0592,13.1427,14.42629,0.62049,An toan,An toan,"Nhi?t ?? 30.4?C, ?? ?m 75.5%, Kh? CO th?p (13.1 ppm), M?c ch?y: An to?n","Kh? CH4 (25.2 ppm), LPG (19.1 ppm), CO (13.1 ppm), M?c kh? gas: An to?n",Auto,OFF,OFF,OFF,OFF,
4/11/2025,6:52:56,30.245,74.566,15.20477,26.77032,19.14605,14.50518,22.81379,0.29265,An toan,An toan,"Nhi?t ?? 30.2?C, ?? ?m 74.6%, Kh? CO th?p (14.5 ppm), M?c ch?y: An to?n","Kh? CH4 (26.8 ppm), LPG (19.1 ppm), CO (14.5 ppm), M?c kh? gas: An to?n",Auto,OFF,OFF,OFF,OFF,
4/11/2025,6:58:25,29.193,78.121,14.88976,25.19493,19.51092,13.15956,25.3011,0.83052,An toan,An toan,"Nhi?t ?? 29.2?C, ?? ?m 78.1%, Kh? CO th?p (13.2 ppm), M?c ch?y: An to?n","Kh? CH4 (25.2 ppm), LPG (19.5 ppm), CO (13.2 ppm), M?c kh? gas: An to?n",Auto,OFF,OFF,OFF,OFF,
4/11/2025,7:01:49,30.095,74.75,14.99698,24.55338,18.89634,13.63938,26.75938,0.37921,An toan,An toan,"Nhi?t ?? 30.1?C, ?? ?m 74.7%, Kh? CO th?p (13.6 ppm), M?c ch?y: An to?n","Kh? CH4 (24.6 ppm), LPG (18.9 ppm), CO (13.6 ppm), M?c kh? gas: An to?n",Auto,OFF,OFF,OFF,OFF,
4/11/2025,7:06:28,30.735,76.374,15.45126,26.45754,17.96212,13.86392,17.19661,0.71907,An toan,An toan,"Nhi?t ?? 30.7?C, ?? ?m 76.4%, Kh? CO th?p (13.9 ppm), M?c ch?y: An to?n","Kh? CH4 (26.5 ppm), LPG (18.0 ppm), CO (13.9 ppm), M?c kh? gas: An to?n",Auto,OFF,OFF,OFF,OFF,
4/11/2025,7:07:35,29.592,69.928,14.18184,25.03276,17.84882,13.21324,17.72313,0.82149,An toan,An toan,"Nhi?t ?? 29.6?C, ?? ?m 69.9%, Kh? CO th?p (13.2 ppm), M?c ch?y: An to?n","Kh? CH4 (25.0 ppm), LPG (17.8 ppm), CO (13.2 ppm), M?c kh? gas: An to?n",Auto,OFF,OFF,OFF,OFF,
4/11/2025,7:09:46,29.996,74.93,15.17382,24.96303,17.19674,13.79211,18.55519,0.39786,An toan,An toan,"Nhi?t ?? 30.0?C, ?? ?m 74.9%, Kh? CO th?p (13.8 ppm), M?c ch?y: An to?n","Kh? CH4 (25.0 ppm), LPG (17.2 ppm), CO (13.8 ppm), M?c kh? gas: An to?n",Auto,OFF,OFF,OFF,OFF,
4/11/2025,7:14:38,29.351,72.947,15.81704,25.53468,18.73719,13.89215,29.16092,0.24436,An toan,An toan,"Nhi?t ?? 29.4?C, ?? ?m 72.9%, Kh? CO th?p (13.9 ppm), M?c ch?y: An to?n","Kh? CH4 (25.5 ppm), LPG (18.7 ppm), CO (13.9 ppm), M?c kh? gas: An to?n",Auto,OFF,OFF,OFF,OFF,
4/11/2025,7:16:31,29.599,78.736,14.18569,26.95096,17.50502,13.56279,14.55986,0.28754,An toan,An toan,"Nhi?t ?? 29.6?C, ?? ?m 78.7%, Kh? CO th?p (13.6 ppm), M?c ch?y: An to?n","Kh? CH4 (27.0 ppm), LPG (17.5 ppm), CO (13.6 ppm), M?c kh? gas: An to?n",Auto,OFF,OFF,OFF,OFF,
4/11/2025,7:24:58,29.07,77.668,15.35404,24.04833,19.49572,14.11264,26.14203,0.93404,An toan,An toan,"Nhi?t ?? 29.1?C, ?? ?m 77.7%, Kh? CO th?p (14.1 ppm), M?c ch?y: An to?n","Kh? CH4 (24.0 ppm), LPG (19.5 ppm), CO (14.1 ppm), M?c kh? gas: An to?n",Auto,OFF,OFF,OFF,OFF,
4/11/2025,7:27:20,29.683,72.675,15.97776,24.06122,19.33229,14.87903,17.66135,0.97619,An toan,An toan,"Nhi?t ?? 29.7?C, ?? ?m 72.7%, Kh? CO th?p (14.9 ppm), M?c ch?y: An to?n","Kh? CH4 (24.1 ppm), LPG (19.3 ppm), CO (14.9 ppm), M?c kh? gas: An to?n",Auto,OFF,OFF,OFF,OFF,
4/11/2025,7:29:54,30.657,74.537,15.21313,24.31328,17.75125,13.62245,22.49607,0.60535,An toan,An toan,"Nhi?t ?? 30.7?C, ?? ?m 74.5%, Kh? CO th?p (13.6 ppm), M?c ch?y: An to?n","Kh? CH4 (24.3 ppm), LPG (17.8 ppm), CO (13.6 ppm), M?c kh? gas: An to?n",Auto,OFF,OFF,OFF,OFF,
4/11/2025,7:31:12,29.615,76.434,15.09819,26.76013,18.24422,14.26425,25.96048,0.74401,An toan,An toan,"Nhi?t ?? 29.6?C, ?? ?m 76.4%, Kh? CO th?p (14.3 ppm), M?c ch?y: An to?n","Kh? CH4 (26.8 ppm), LPG (18.2 ppm), CO (14.3 ppm), M?c kh? gas: An to?n",Auto,OFF,OFF,OFF,OFF,
4/11/2025,7:32:32,29.255,71.362,15.11682,25.74828,17.32863,13.14707,11.00627,0.12636,An toan,An toan,"Nhi?t ?? 29.3?C, ?? ?m 71.4%, Kh? CO th?p (13.1 ppm), M?c ch?y: An to?n","Kh? CH4 (25.7 ppm), LPG (17.3 ppm), CO (13.1 ppm), M?c kh? gas: An to?n",Auto,OFF,OFF,OFF,OFF,
4/11/2025,7:35:55,29.382,79.923,15.99068,24.69091,18.85457,14.82304,25.15476,0.90063,An toan,An toan,"Nhi?t ?? 29.4?C, ?? ?m 79.9%, Kh? CO th?p (14.8 ppm), M?c ch?y: An to?n","Kh? CH4 (24.7 ppm), LPG (18.9 ppm), CO (14.8 ppm), M?c kh? gas: An to?n",Auto,OFF,OFF,OFF,OFF,
4/11/2025,7:37:48,30.613,74.057,14.99696,26.86309,19.51597,14.81552,12.51843,0.87975,An toan,An toan,"Nhi?t ?? 30.6?C, ?? ?m 74.1%, Kh? CO th?p (14.8 ppm), M?c ch?y: An to?n","Kh? CH4 (26.9 ppm), LPG (19.5 ppm), CO (14.8 ppm), M?c kh? gas: An to?n",Auto,OFF,OFF,OFF,OFF,
4/11/2025,7:37:49,29.718,74.196,15.79568,25.45657,19.36916,13.37385,28.94212,0.23315,An toan,An toan,"Nhi?t ?? 29.7?C, ?? ?m 74.2%, Kh? CO th?p (13.4 ppm), M?c ch?y: An to?n","Kh? CH4 (25.5 ppm), LPG (19.4 ppm), CO (13.4 ppm), M?c kh? gas: An to?n",Auto,OFF,OFF,OFF,OFF,
4/11/2025,7:38:32,29.209,70.581,14.47576,25.8799,18.62714,14.47293,29.22542,0.54632,An toan,An toan,"Nhi?t ?? 29.2?C, ?? ?m 70.6%, Kh? CO th?p (14.5 ppm), M?c ch?y: An to?n","Kh? CH4 (25.9 ppm), LPG (18.6 ppm), CO (14.5 ppm), M?c kh? gas: An to?n",Auto,OFF,OFF,OFF,OFF,
4/11/2025,7:39:44,30.739,76.671,14.84976,24.83769,18.32124,13.6747,23.36137,0.86416,An toan,An toan,"Nhi?t ?? 30.7?C, ?? ?m 76.7%, Kh? CO th?p (13.7 ppm), M?c ch?y: An to?n","Kh? CH4 (24.8 ppm), LPG (18.3 ppm), CO (13.7 ppm), M?c kh? gas: An to?n",Auto,OFF,OFF,OFF,OFF,
4/11/2025,7:40:24,30.626,70.874,15.98209,26.22927,19.5899,13.83964,26.7752,0.11689,An toan,An toan,"Nhi?t ?? 30.6?C, ?? ?m 70.9%, Kh? CO th?p (13.8 ppm), M?c ch?y: An to?n","Kh? CH4 (26.2 ppm), LPG (19.6 ppm), CO (13.8 ppm), M?c kh? gas: An to?n",Auto,OFF,OFF,OFF,OFF,
4/11/2025,7:56:09,30.809,72.727,14.72458,26.4995,17.27416,13.54376,10.16274,0.69005,An toan,An toan,"Nhi?t ?? 30.8?C, ?? ?m 72.7%, Kh? CO th?p (13.5 ppm), M?c ch?y: An to?n","Kh? CH4 (26.5 ppm), LPG (17.3 ppm), CO (13.5 ppm), M?c kh? gas: An to?n",Auto,OFF,OFF,OFF,OFF,
4/11/2025,7:58:12,29.093,77.88,15.98981,24.32023,18.55833,13.76232,11.81095,0.71752,An toan,An toan,"Nhi?t ?? 29.1?C, ?? ?m 77.9%, Kh? CO th?p (13.8 ppm), M?c ch?y: An to?n","Kh? CH4 (24.3 ppm), LPG (18.6 ppm), CO (13.8 ppm), M?c kh? gas: An to?n",Auto,OFF,OFF,OFF,OFF,
4/11/2025,7:59:52,30.796,69.688,14.55376,25.44551,19.18169,14.83706,11.57964,0.64594,An toan,An toan,"Nhi?t ?? 30.8?C, ?? ?m 69.7%, Kh? CO th?p (14.8 ppm), M?c ch?y: An to?n","Kh? CH4 (25.4 ppm), LPG (19.2 ppm), CO (14.8 ppm), M?c kh? gas: An to?n",Auto,OFF,OFF,OFF,OFF,
4/11/2025,8:00:17,30.248,73.544,15.74589,24.72104,18.48686,13.42429,28.39156,0.14472,An toan,An toan,"Nhi?t ?? 30.2?C, ?? ?m 73.5%, Kh? CO th?p (13.4 ppm), M?c ch?y: An to?n","Kh? CH4 (24.7 ppm), LPG (18.5 ppm), CO (13.4 ppm), M?c kh? gas: An to?n",Auto,OFF,OFF,OFF,OFF,
4/11/2025,8:02:46,30.911,72.332,14.24187,26.45497,19.08607,13.17981,14.69032,0.71281,An toan,An toan,"Nhi?t ?? 30.9?C, ?? ?m 72.3%, Kh? CO th?p (13.2 ppm), M?c ch?y: An to?n","Kh? CH4 (26.5 ppm), LPG (19.1 ppm), CO (13.2 ppm), M?c kh? gas: An to?n",Auto,OFF,OFF,OFF,OFF,
4/11/2025,8:07:15,29.239,77.453,14.07482,24.09454,17.05462,13.98597,17.15385,0.2966,An toan,An toan,"Nhi?t ?? 29.2?C, ?? ?m 77.5%, Kh? CO th?p (14.0 ppm), M?c ch?y: An to?n","Kh? CH4 (24.1 ppm), LPG (17.1 ppm), CO (14.0 ppm), M?c kh? gas: An to?n",Auto,OFF,OFF,OFF,OFF,
4/11/2025,8:08:16,29.024,74.821,14.36452,25.84141,17.28567,14.90977,15.72265,0.4578,An toan,An toan,"Nhi?t ?? 29.0?C, ?? ?m 74.8%, Kh? CO th?p (14.9 ppm), M?c ch?y: An to?n","Kh? CH4 (25.8 ppm), LPG (17.3 ppm), CO (14.9 ppm), M?c kh? gas: An to?n",Auto,OFF,OFF,OFF,OFF,
4/11/2025,8:10:26,30.51,71.097,14.52263,26.97671,18.59139,14.81045,20.96531,0.98739,An toan,An toan,"Nhi?t ?? 30.5?C, ?? ?m 71.1%, Kh? CO th?p (14.8 ppm), M?c ch?y: An to?n","Kh? CH4 (27.0 ppm), LPG (18.6 ppm), CO (14.8 ppm), M?c kh? gas: An to?n",Auto,OFF,OFF,OFF,OFF,
4/11/2025,8:17:59,29.88,79.686,14.79784,24.01911,17.45028,14.76613,15.65534,0.90834,An toan,An toan,"Nhi?t ?? 29.9?C, ?? ?m 79.7%, Kh? CO th?p (14.8 ppm), M?c ch?y: An to?n","Kh? CH4 (24.0 ppm), LPG (17.5 ppm), CO (14.8 ppm), M?c kh? gas: An to?n",Auto,OFF,OFF,OFF,OFF,
4/11/2025,8:22:44,29.108,78.976,14.57717,26.89367,17.65554,14.75678,16.14498,0.71262,An toan,An toan,"Nhi?t ?? 29.1?C, ?? ?m 79.0%, Kh? CO th?p (14.8 ppm), M?c ch?y: An to?n","Kh? CH4 (26.9 ppm), LPG (17.7 ppm), CO (14.8 ppm), M?c kh? gas: An to?n",Auto,OFF,OFF,OFF,OFF,
4/11/2025,8:23:53,30.573,79.383,14.08974,24.65524,19.81266,13.97356,10.24381,0.33725,An toan,An toan,"Nhi?t ?? 30.6?C, ?? ?m 79.4%, Kh? CO th?p (14.0 ppm), M?c ch?y: An to?n","Kh? CH4 (24.7 ppm), LPG (19.8 ppm), CO (14.0 ppm), M?c kh? gas: An to?n",Auto,OFF,OFF,OFF,OFF,
4/11/2025,8:32:04,29.114,72.005,15.72539,26.58005,17.10209,14.60352,26.44941,0.69255,An toan,An toan,"Nhi?t ?? 29.1?C, ?? ?m 72.0%, Kh? CO th?p (14.6 ppm), M?c ch?y: An to?n","Kh? CH4 (26.6 ppm), LPG (17.1 ppm), CO (14.6 ppm), M?c kh? gas: An to?n",Auto,OFF,OFF,OFF,OFF,
4/11/2025,8:32:10,30.909,70.993,15.34524,25.67185,19.44888,13.71716,14.56434,0.71763,An toan,An toan,"Nhi?t ?? 30.9?C, ?? ?m 71.0%, Kh? CO th?p (13.7 ppm), M?c ch?y: An to?n","Kh? CH4 (25.7 ppm), LPG (19.4 ppm), CO (13.7 ppm), M?c kh? gas: An to?n",Auto,OFF,OFF,OFF,OFF,
4/11/2025,8:35:15,29.384,74.012,14.83298,26.58517,17.73005,13.31526,23.62277,0.53832,An toan,An toan,"Nhi?t ?? 29.4?C, ?? ?m 74.0%, Kh? CO th?p (13.3 ppm), M?c ch?y: An to?n","Kh? CH4 (26.6 ppm), LPG (17.7 ppm), CO (13.3 ppm), M?c kh? gas: An to?n",Auto,OFF,OFF,OFF,OFF,
4/11/2025,8:36:48,29.63,78.166,15.87324,24.2109,18.48387,14.79409,14.64444,0.53222,An toan,An toan,"Nhi?t ?? 29.6?C, ?? ?m 78.2%, Kh? CO th?p (14.8 ppm), M?c ch?y: An to?n","Kh? CH4 (24.2 ppm), LPG (18.5 ppm), CO (14.8 ppm), M?c kh? gas: An to?n",Auto,OFF,OFF,OFF,OFF,
4/11/2025,8:36:58,29.459,75.004,15.24174,25.32958,17.92573,14.12659,20.79977,0.89773,An toan,An toan,"Nhi?t ?? 29.5?C, ?? ?m 75.0%, Kh? CO th?p (14.1 ppm), M?c ch?y: An to?n","Kh? CH4 (25.3 ppm), LPG (17.9 ppm), CO (14.1 ppm), M?c kh? gas: An to?n",Auto,OFF,OFF,OFF,OFF,
4/11/2025,8:38:01,30.674,74.326,14.96219,26.3083,19.58876,14.28702,12.79448,0.38337,An toan,An toan,"Nhi?t ?? 30.7?C, ?? ?m 74.3%, Kh? CO th?p (14.3 ppm), M?c ch?y: An to?n","Kh? CH4 (26.3 ppm), LPG (19.6 ppm), CO (14.3 ppm), M?c kh? gas: An to?n",Auto,OFF,OFF,OFF,OFF,
4/11/2025,8:39:40,29.591,78.157,15.15907,25.37106,19.26526,14.01302,18.56392,0.80492,An toan,An toan,"Nhi?t ?? 29.6?C, ?? ?m 78.2%, Kh? CO th?p (14.0 ppm), M?c ch?y: An to?n","Kh? CH4 (25.4 ppm), LPG (19.3 ppm), CO (14.0 ppm), M?c kh? gas: An to?n",Auto,OFF,OFF,OFF,OFF,
4/11/2025,8:39:41,30.206,74.553,14.32442,24.32586,18.66914,14.4417,11.32004,0.83948,An toan,An toan,"Nhi?t ?? 30.2?C, ?? ?m 74.6%, Kh? CO th?p (14.4 ppm), M?c ch?y: An to?n","Kh? CH4 (24.3 ppm), LPG (18.7 ppm), CO (14.4 ppm), M?c kh? gas: An to?n",Auto,OFF,OFF,OFF,OFF,
4/11/2025,8:41:54,29.94,75.765,15.25495,25.26442,18.44133,14.25439,28.86502,0.93934,An toan,An toan,"Nhi?t ?? 29.9?C, ?? ?m 75.8%, Kh? CO th?p (14.3 ppm), M?c ch?y: An to?n","Kh? CH4 (25.3 ppm), LPG (18.4 ppm), CO (14.3 ppm), M?c kh? gas: An to?n",Auto,OFF,OFF,OFF,OFF,
4/11/2025,8:49:18,30.351,78.941,14.12968,25.25953,19.8348,14.45974,13.71572,0.68905,An toan,An toan,"Nhi?t ?? 30.4?C, ?? ?m 78.9%, Kh? CO th?p (14.5 ppm), M?c ch?y: An to?n","Kh? CH4 (25.3 ppm), LPG (19.8 ppm), CO (14.5 ppm), M?c kh? gas: An to?n",Auto,OFF,OFF,OFF,OFF,
4/11/2025,8:49:28,29.894,72.38,14.1346,24.02673,18.84801,13.32891,11.56344,0.56241,An toan,An toan,"Nhi?t ?? 29.9?C, ?? ?m 72.4%, Kh? CO th?p (13.3 ppm), M?c ch?y: An to?n","Kh? CH4 (24.0 ppm), LPG (18.8 ppm), CO (13.3 ppm), M?c kh? gas: An to?n",Auto,OFF,OFF,OFF,OFF,
4/11/2025,8:53:47,29.205,78.426,14.00862,25.66859,18.67316,14.77044,24.41803,0.2698,An toan,An toan,"Nhi?t ?? 29.2?C, ?? ?m 78.4%, Kh? CO th?p (14.8 ppm), M?c ch?y: An to?n","Kh? CH4 (25.7 ppm), LPG (18.7 ppm), CO (14.8 ppm), M?c kh? gas: An to?n",Auto,OFF,OFF,OFF,OFF,
4/11/2025,9:03:51,30.204,72.901,14.78496,26.33741,17.42044,14.71836,29.47963,0.84864,An toan,An toan,"Nhi?t ?? 30.2?C, ?? ?m 72.9%, Kh? CO th?p (14.7 ppm), M?c ch?y: An to?n","Kh? CH4 (26.3 ppm), LPG (17.4 ppm), CO (14.7 ppm), M?c kh? gas: An to?n",Auto,OFF,OFF,OFF,OFF,
4/11/2025,9:07:34,29.791,70.544,14.05353,25.52214,17.70923,14.3094,12.24493,0.80886,An toan,An toan,"Nhi?t ?? 29.8?C, ?? ?m 70.5%, Kh? CO th?p (14.3 ppm), M?c ch?y: An to?n","Kh? CH4 (25.5 ppm), LPG (17.7 ppm), CO (14.3 ppm), M?c kh? gas: An to?n",Auto,OFF,OFF,OFF,OFF,
4/11/2025,9:12:42,30.428,76.987,15.04103,26.75631,19.556,14.66642,12.35991,0.47887,An toan,An toan,"Nhi?t ?? 30.4?C, ?? ?m 77.0%, Kh? CO th?p (14.7 ppm), M?c ch?y: An to?n","Kh? CH4 (26.8 ppm), LPG (19.6 ppm), CO (14.7 ppm), M?c kh? gas: An to?n",Auto,OFF,OFF,OFF,OFF,
4/11/2025,9:13:59,30.755,76.37,14.14315,25.10763,19.68345,14.47893,13.04897,0.10565,An toan,An toan,"Nhi?t ?? 30.8?C, ?? ?m 76.4%, Kh? CO th?p (14.5 ppm), M?c ch?y: An to?n","Kh? CH4 (25.1 ppm), LPG (19.7 ppm), CO (14.5 ppm), M?c kh? gas: An to?n",Auto,OFF,OFF,OFF,OFF,
4/11/2025,9:14:08,29.856,72.905,14.16298,26.24517,19.66515,13.75408,26.03509,0.37455,An toan,An toan,"Nhi?t ?? 29.9?C, ?? ?m 72.9%, Kh? CO th?p (13.8 ppm), M?c ch?y: An to?n","Kh? CH4 (26.2 ppm), LPG (19.7 ppm), CO (13.8 ppm), M?c kh? gas: An to?n",Auto,OFF,OFF,OFF,OFF,
4/11/2025,9:15:27,29.736,77.133,15.11022,26.87159,18.72711,13.03273,21.47865,0.31958,An toan,An toan,"Nhi?t ?? 29.7?C, ?? ?m 77.1%, Kh? CO th?p (13.0 ppm), M?c ch?y: An to?n","Kh? CH4 (26.9 ppm), LPG (18.7 ppm), CO (13.0 ppm), M?c kh? gas: An to?n",Auto,OFF,OFF,OFF,OFF,
4/11/2025,9:19:58,30.21,72.616,15.48423,26.74634,19.70992,14.20555,27.27411,0.31264,An toan,An toan,"Nhi?t ?? 30.2?C, ?? ?m 72.6%, Kh? CO th?p (14.2 ppm), M?c ch?y: An to?n","Kh? CH4 (26.7 ppm), LPG (19.7 ppm), CO (14.2 ppm), M?c kh? gas: An to?n",Auto,OFF,OFF,OFF,OFF,
4/11/2025,9:20:00,30.401,73.215,14.11785,24.95638,17.02676,14.69708,11.87856,0.41707,An toan,An toan,"Nhi?t ?? 30.4?C, ?? ?m 73.2%, Kh? CO th?p (14.7 ppm), M?c ch?y: An to?n","Kh? CH4 (25.0 ppm), LPG (17.0 ppm), CO (14.7 ppm), M?c kh? gas: An to?n",Auto,OFF,OFF,OFF,OFF,
4/11/2025,9:20:53,30.357,74.215,15.73862,26.53998,18.04618,13.19246,24.41628,0.16101,An toan,An toan,"Nhi?t ?? 30.4?C, ?? ?m 74.2%, Kh? CO th?p (13.2 ppm), M?c ch?y: An to?n","Kh? CH4 (26.5 ppm), LPG (18.0 ppm), CO (13.2 ppm), M?c kh? gas: An to?n",Auto,OFF,OFF,OFF,OFF,
4/11/2025,9:22:25,29.534,75.703,15.91484,26.30363,19.21545,13.09681,27.31365,0.79792,An toan,An toan,"Nhi?t ?? 29.5?C, ?? ?m 75.7%, Kh? CO th?p (13.1 ppm), M?c ch?y: An to?n","Kh? CH4 (26.3 ppm), LPG (19.2 ppm), CO (13.1 ppm), M?c kh? gas: An to?n",Auto,OFF,OFF,OFF,OFF,
4/11/2025,9:23:19,30.57,77.909,14.38663,24.64162,18.16836,14.79361,21.23713,0.63058,An toan,An toan,"Nhi?t ?? 30.6?C, ?? ?m 77.9%, Kh? CO th?p (14.8 ppm), M?c ch?y: An to?n","Kh? CH4 (24.6 ppm), LPG (18.2 ppm), CO (14.8 ppm), M?c kh? gas: An to?n",Auto,OFF,OFF,OFF,OFF,
4/11/2025,9:38:28,30.716,69.129,15.3901,26.9113,17.38937,13.48042,27.94378,0.11351,An toan,An toan,"Nhi?t ?? 30.7?C, ?? ?m 69.1%, Kh? CO th?p (13.5 ppm), M?c ch?y: An to?n","Kh? CH4 (26.9 ppm), LPG (17.4 ppm), CO (13.5 ppm), M?c kh? gas: An to?n",Auto,OFF,OFF,OFF,OFF,
4/11/2025,9:41:09,29.028,79.994,15.39267,24.12966,19.75659,14.16846,12.4775,0.59191,An toan,An toan,"Nhi?t ?? 29.0?C, ?? ?m 80.0%, Kh? CO th?p (14.2 ppm), M?c ch?y: An to?n","Kh? CH4 (24.1 ppm), LPG (19.8 ppm), CO (14.2 ppm), M?c kh? gas: An to?n",Auto,OFF,OFF,OFF,OFF,
4/11/2025,9:41:34,30.575,77.79,14.25005,24.5093,19.30051,13.62426,27.17404,0.74929,An toan,An toan,"Nhi?t ?? 30.6?C, ?? ?m 77.8%, Kh? CO th?p (13.6 ppm), M?c ch?y: An to?n","Kh? CH4 (24.5 ppm), LPG (19.3 ppm), CO (13.6 ppm), M?c kh? gas: An to?n",Auto,OFF,OFF,OFF,OFF,
4/11/2025,9:45:35,29.125,69.567,15.68276,25.06109,18.38178,13.18919,15.00564,0.72921,An toan,An toan,"Nhi?t ?? 29.1?C, ?? ?m 69.6%, Kh? CO th?p (13.2 ppm), M?c ch?y: An to?n","Kh? CH4 (25.1 ppm), LPG (18.4 ppm), CO (13.2 ppm), M?c kh? gas: An to?n",Auto,OFF,OFF,OFF,OFF,
4/11/2025,9:47:37,29.775,79.342,14.37692,24.23308,17.2744,13.8535,17.51392,0.69029,An toan,An toan,"Nhi?t ?? 29.8?C, ?? ?m 79.3%, Kh? CO th?p (13.9 ppm), M?c ch?y: An to?n","Kh? CH4 (24.2 ppm), LPG (17.3 ppm), CO (13.9 ppm), M?c kh? gas: An to?n",Auto,OFF,OFF,OFF,OFF,
4/11/2025,9:49:45,29.343,71.374,15.83963,25.29629,18.01484,13.02538,25.83747,0.28673,An toan,An toan,"Nhi?t ?? 29.3?C, ?? ?m 71.4%, Kh? CO th?p (13.0 ppm), M?c ch?y: An to?n","Kh? CH4 (25.3 ppm), LPG (18.0 ppm), CO (13.0 ppm), M?c kh? gas: An to?n",Auto,OFF,OFF,OFF,OFF,
4/11/2025,9:49:47,29.297,78.917,15.81306,25.04285,19.65687,13.24692,15.25203,0.76685,An toan,An toan,"Nhi?t ?? 29.3?C, ?? ?m 78.9%, Kh? CO th?p (13.2 ppm), M?c ch?y: An to?n","Kh? CH4 (25.0 ppm), LPG (19.7 ppm), CO (13.2 ppm), M?c kh? gas: An to?n",Auto,OFF,OFF,OFF,OFF,
4/11/2025,9:51:22,29.839,76.137,14.87887,24.60058,18.61642,14.71703,19.28863,0.50117,An toan,An toan,"Nhi?t ?? 29.8?C, ?? ?m 76.1%, Kh? CO th?p (14.7 ppm), M?c ch?y: An to?n","Kh? CH4 (24.6 ppm), LPG (18.6 ppm), CO (14.7 ppm), M?c kh? gas: An to?n",Auto,OFF,OFF,OFF,OFF,
4/11/2025,9:53:48,29.412,77.955,14.22282,26.43902,17.03287,14.41006,26.16103,0.9167,An toan,An toan,"Nhi?t ?? 29.4?C, ?? ?m 78.0%, Kh? CO th?p (14.4 ppm), M?c ch?y: An to?n","Kh? CH4 (26.4 ppm), LPG (17.0 ppm), CO (14.4 ppm), M?c kh? gas: An to?n",Auto,OFF,OFF,OFF,OFF,
4/11/2025,10:01:00,29.373,77.692,14.85751,25.51409,18.56444,13.90181,11.73099,0.19831,An toan,An toan,"Nhi?t ?? 29.4?C, ?? ?m 77.7%, Kh? CO th?p (13.9 ppm), M?c ch?y: An to?n","Kh? CH4 (25.5 ppm), LPG (18.6 ppm), CO (13.9 ppm), M?c kh? gas: An to?n",Auto,OFF,OFF,OFF,OFF,
4/11/2025,10:09:23,29.838,78.285,14.20896,25.80677,18.50788,14.41055,24.45619,0.2744,An toan,An toan,"Nhi?t ?? 29.8?C, ?? ?m 78.3%, Kh? CO th?p (14.4 ppm), M?c ch?y: An to?n","Kh? CH4 (25.8 ppm), LPG (18.5 ppm), CO (14.4 ppm), M?c kh? gas: An to?n",Auto,OFF,OFF,OFF,OFF,
4/11/2025,10:14:45,30.255,74.059,14.70901,24.22295,18.5369,14.64468,16.04134,0.3088,An toan,An toan,"Nhi?t ?? 30.3?C, ?? ?m 74.1%, Kh? CO th?p (14.6 ppm), M?c ch?y: An to?n","Kh? CH4 (24.2 ppm), LPG (18.5 ppm), CO (14.6 ppm), M?c kh? gas: An to?n",Auto,OFF,OFF,OFF,OFF,
4/11/2025,10:15:37,30.99,70.204,15.07892,26.22388,18.03697,13.5554,27.60028,0.41164,An toan,An toan,"Nhi?t ?? 31.0?C, ?? ?m 70.2%, Kh? CO th?p (13.6 ppm), M?c ch?y: An to?n","Kh? CH4 (26.2 ppm), LPG (18.0 ppm), CO (13.6 ppm), M?c kh? gas: An to?n",Auto,OFF,OFF,OFF,OFF,
4/11/2025,10:15:54,30.249,74.607,14.27678,24.98965,19.95666,13.18107,13.54827,0.82739,An toan,An toan,"Nhi?t ?? 30.2?C, ?? ?m 74.6%, Kh? CO th?p (13.2 ppm), M?c ch?y: An to?n","Kh? CH4 (25.0 ppm), LPG (20.0 ppm), CO (13.2 ppm), M?c kh? gas: An to?n",Auto,OFF,OFF,OFF,OFF,
4/11/2025,10:18:33,30.132,79.688,15.0831,26.12793,19.14533,13.67037,11.56646,0.45337,An toan,An toan,"Nhi?t ?? 30.1?C, ?? ?m 79.7%, Kh? CO th?p (13.7 ppm), M?c ch?y: An to?n","Kh? CH4 (26.1 ppm), LPG (19.1 ppm), CO (13.7 ppm), M?c kh? gas: An to?n",Auto,OFF,OFF,OFF,OFF,
4/11/2025,10:20:01,29.219,76.398,14.93647,26.52449,19.42206,14.36038,14.26854,0.70637,An toan,An toan,"Nhi?t ?? 29.2?C, ?? ?m 76.4%, Kh? CO th?p (14.4 ppm), M?c ch?y: An to?n","Kh? CH4 (26.5 ppm), LPG (19.4 ppm), CO (14.4 ppm), M?c kh? gas: An to?n",Auto,OFF,OFF,OFF,OFF,
4/11/2025,10:20:09,29.368,72.95,15.47911,25.13166,19.70326,14.4121,26.66928,0.71139,An toan,An toan,"Nhi?t ?? 29.4?C, ?? ?m 73.0%, Kh? CO th?p (14.4 ppm), M?c ch?y: An to?n","Kh? CH4 (25.1 ppm), LPG (19.7 ppm), CO (14.4 ppm), M?c kh? gas: An to?n",Auto,OFF,OFF,OFF,OFF,
4/11/2025,10:22:27,29.179,70.031,14.69616,26.1645,19.51143,14.59261,13.60509,0.17209,An toan,An toan,"Nhi?t ?? 29.2?C, ?? ?m 70.0%, Kh? CO th?p (14.6 ppm), M?c ch?y: An to?n","Kh? CH4 (26.2 ppm), LPG (19.5 ppm), CO (14.6 ppm), M?c kh? gas: An to?n",Auto,OFF,OFF,OFF,OFF,
4/11/2025,10:24:24,29.603,76.947,14.99786,26.85481,17.86255,13.71754,19.99964,0.68135,An toan,An toan,"Nhi?t ?? 29.6?C, ?? ?m 76.9%, Kh? CO th?p (13.7 ppm), M?c ch?y: An to?n","Kh? CH4 (26.9 ppm), LPG (17.9 ppm), CO (13.7 ppm), M?c kh? gas: An to?n",Auto,OFF,OFF,OFF,OFF,
4/11/2025,10:25:00,29.934,72.926,15.70028,24.53695,19.18139,13.00729,13.49309,0.12196,An toan,An toan,"Nhi?t ?? 29.9?C, ?? ?m 72.9%, Kh? CO th?p (13.0 ppm), M?c ch?y: An to?n","Kh? CH4 (24.5 ppm), LPG (19.2 ppm), CO (13.0 ppm), M?c kh? gas: An to?n",Auto,OFF,OFF,OFF,OFF,
4/11/2025,10:27:26,29.284,71.004,14.84715,25.45233,19.63318,13.15969,24.73229,0.34247,An toan,An toan,"Nhi?t ?? 29.3?C, ?? ?m 71.0%, Kh? CO th?p (13.2 ppm), M?c ch?y: An to?n","Kh? CH4 (25.5 ppm), LPG (19.6 ppm), CO (13.2 ppm), M?c kh? gas: An to?n",Auto,OFF,OFF,OFF,OFF,
4/11/2025,10:27:27,30.864,77.146,15.47531,24.65553,18.46936,14.06435,19.8618,0.3284,An toan,An toan,"Nhi?t ?? 30.9?C, ?? ?m 77.1%, Kh? CO th?p (14.1 ppm), M?c ch?y: An to?n","Kh? CH4 (24.7 ppm), LPG (18.5 ppm), CO (14.1 ppm), M?c kh? gas: An to?n",Auto,OFF,OFF,OFF,OFF,
4/11/2025,10:42:16,30.619,79.509,15.8235,26.40119,18.74445,13.88968,11.26589,0.21412,An toan,An toan,"Nhi?t ?? 30.6?C, ?? ?m 79.5%, Kh? CO th?p (13.9 ppm), M?c ch?y: An to?n","Kh? CH4 (26.4 ppm), LPG (18.7 ppm), CO (13.9 ppm), M?c kh? gas: An to?n",Auto,OFF,OFF,OFF,OFF,
4/11/2025,10:42:56,30.236,74.871,15.28031,26.93421,17.88217,13.68036,24.88099,0.78189,An toan,An toan,"Nhi?t ?? 30.2?C, ?? ?m 74.9%, Kh? CO th?p (13.7 ppm), M?c ch?y: An to?n","Kh? CH4 (26.9 ppm), LPG (17.9 ppm), CO (13.7 ppm), M?c kh? gas: An to?n",Auto,OFF,OFF,OFF,OFF,
4/11/2025,10:47:24,29.5,70.851,15.15064,26.32018,17.62516,13.90757,18.79989,0.73353,An toan,An toan,"Nhi?t ?? 29.5?C, ?? ?m 70.9%, Kh? CO th?p (13.9 ppm), M?c ch?y: An to?n","Kh? CH4 (26.3 ppm), LPG (17.6 ppm), CO (13.9 ppm), M?c kh? gas: An to?n",Auto,OFF,OFF,OFF,OFF,
4/11/2025,10:55:26,30.238,73.562,15.83746,25.3748,18.47833,14.78433,27.3364,0.1537,An toan,An toan,"Nhi?t ?? 30.2?C, ?? ?m 73.6%, Kh? CO th?p (14.8 ppm), M?c ch?y: An to?n","Kh? CH4 (25.4 ppm), LPG (18.5 ppm), CO (14.8 ppm), M?c kh? gas: An to?n",Auto,OFF,OFF,OFF,OFF,
4/11/2025,10:55:26,30.198,75.114,15.42277,26.58598,19.54213,14.93446,10.88407,0.54159,An toan,An toan,"Nhi?t ?? 30.2?C, ?? ?m 75.1%, Kh? CO th?p (14.9 ppm), M?c ch?y: An to?n","Kh? CH4 (26.6 ppm), LPG (19.5 ppm), CO (14.9 ppm), M?c kh? gas: An to?n",Auto,OFF,OFF,OFF,OFF,
4/11/2025,10:56:32,29.246,71.546,15.47863,26.3759,17.12166,14.7672,29.89357,0.1872,An toan,An toan,"Nhi?t ?? 29.2?C, ?? ?m 71.5%, Kh? CO th?p (14.8 ppm), M?c ch?y: An to?n","Kh? CH4 (26.4 ppm), LPG (17.1 ppm), CO (14.8 ppm), M?c kh? gas: An to?n",Auto,OFF,OFF,OFF,OFF,
4/11/2025,10:59:59,30.132,69.294,15.3436,26.91866,17.58999,14.40903,23.23799,0.50366,An toan,An toan,"Nhi?t ?? 30.1?C, ?? ?m 69.3%, Kh? CO th?p (14.4 ppm), M?c ch?y: An to?n","Kh? CH4 (26.9 ppm), LPG (17.6 ppm), CO (14.4 ppm), M?c kh? gas: An to?n",Auto,OFF,OFF,OFF,OFF,
4/11/2025,11:02:34,29.954,78.559,14.60318,25.92688,19.08881,14.1503,17.80259,0.91,An toan,An toan,"Nhi?t ?? 30.0?C, ?? ?m 78.6%, Kh? CO th?p (14.2 ppm), M?c ch?y: An to?n","Kh? CH4 (25.9 ppm), LPG (19.1 ppm), CO (14.2 ppm), M?c kh? gas: An to?n",Auto,OFF,OFF,OFF,OFF,
4/11/2025,11:03:00,30.235,75.069,15.71967,25.35271,18.79686,14.825,20.18215,0.44035,An toan,An toan,"Nhi?t ?? 30.2?C, ?? ?m 75.1%, Kh? CO th?p (14.8 ppm), M?c ch?y: An to?n","Kh? CH4 (25.4 ppm), LPG (18.8 ppm), CO (14.8 ppm), M?c kh? gas: An to?n",Auto,OFF,OFF,OFF,OFF,
4/11/2025,11:12:57,29.089,75.599,14.8182,24.56673,18.38725,13.3902,23.52015,0.37194,An toan,An toan,"Nhi?t ?? 29.1?C, ?? ?m 75.6%, Kh? CO th?p (13.4 ppm), M?c ch?y: An to?n","Kh? CH4 (24.6 ppm), LPG (18.4 ppm), CO (13.4 ppm), M?c kh? gas: An to?n",Auto,OFF,OFF,OFF,OFF,
4/11/2025,11:13:26,30.169,74.646,14.75969,24.70015,18.34131,14.51667,27.80232,0.33306,An toan,An toan,"Nhi?t ?? 30.2?C, ?? ?m 74.6%, Kh? CO th?p (14.5 ppm), M?c ch?y: An to?n","Kh? CH4 (24.7 ppm), LPG (18.3 ppm), CO (14.5 ppm), M?c kh? gas: An to?n",Auto,OFF,OFF,OFF,OFF,
4/11/2025,11:15:59,30.51,75.853,14.68613,25.4967,17.89439,13.15391,29.11056,0.42809,An toan,An toan,"Nhi?t ?? 30.5?C, ?? ?m 75.9%, Kh? CO th?p (13.2 ppm), M?c ch?y: An to?n","Kh? CH4 (25.5 ppm), LPG (17.9 ppm), CO (13.2 ppm), M?c kh? gas: An to?n",Auto,OFF,OFF,OFF,OFF,
4/11/2025,11:16:02,29.904,70.159,15.93967,24.68204,17.40739,13.52502,29.50544,0.49532,An toan,An toan,"Nhi?t ?? 29.9?C, ?? ?m 70.2%, Kh? CO th?p (13.5 ppm), M?c ch?y: An to?n","Kh? CH4 (24.7 ppm), LPG (17.4 ppm), CO (13.5 ppm), M?c kh? gas: An to?n",Auto,OFF,OFF,OFF,OFF,
4/11/2025,11:17:27,29.823,73.379,14.07148,25.66375,17.82979,13.17668,18.07731,0.83108,An toan,An toan,"Nhi?t ?? 29.8?C, ?? ?m 73.4%, Kh? CO th?p (13.2 ppm), M?c ch?y: An to?n","Kh? CH4 (25.7 ppm), LPG (17.8 ppm), CO (13.2 ppm), M?c kh? gas: An to?n",Auto,OFF,OFF,OFF,OFF,
4/11/2025,11:23:31,29.949,77.31,14.06561,26.82677,17.21783,14.91083,13.87533,0.21288,An toan,An toan,"Nhi?t ?? 29.9?C, ?? ?m 77.3%, Kh? CO th?p (14.9 ppm), M?c ch?y: An to?n","Kh? CH4 (26.8 ppm), LPG (17.2 ppm), CO (14.9 ppm), M?c kh? gas: An to?n",Auto,OFF,OFF,OFF,OFF,
4/11/2025,11:29:05,30.505,69.333,15.20259,24.1161,19.30075,13.08869,26.26383,0.3908,An toan,An toan,"Nhi?t ?? 30.5?C, ?? ?m 69.3%, Kh? CO th?p (13.1 ppm), M?c ch?y: An to?n","Kh? CH4 (24.1 ppm), LPG (19.3 ppm), CO (13.1 ppm), M?c kh? gas: An to?n",Auto,OFF,OFF,OFF,OFF,
4/11/2025,11:30:04,29.647,72.589,14.86419,24.41383,18.44394,14.5525,24.02875,0.83869,An toan,An toan,"Nhi?t ?? 29.6?C, ?? ?m 72.6%, Kh? CO th?p (14.6 ppm), M?c ch?y: An to?n","Kh? CH4 (24.4 ppm), LPG (18.4 ppm), CO (14.6 ppm), M?c kh? gas: An to?n",Auto,OFF,OFF,OFF,OFF,
4/11/2025,11:35:42,29.657,72.351,15.69415,26.02333,17.84808,14.85841,21.05195,0.11662,An toan,An toan,"Nhi?t ?? 29.7?C, ?? ?m 72.4%, Kh? CO th?p (14.9 ppm), M?c ch?y: An to?n","Kh? CH4 (26.0 ppm), LPG (17.8 ppm), CO (14.9 ppm), M?c kh? gas: An to?n",Auto,OFF,OFF,OFF,OFF,
4/11/2025,11:40:42,30.636,74.872,14.71405,24.71133,18.50675,13.28898,19.08989,0.16487,An toan,An toan,"Nhi?t ?? 30.6?C, ?? ?m 74.9%, Kh? CO th?p (13.3 ppm), M?c ch?y: An to?n","Kh? CH4 (24.7 ppm), LPG (18.5 ppm), CO (13.3 ppm), M?c kh? gas: An to?n",Auto,OFF,OFF,OFF,OFF,
4/11/2025,11:43:01,29.746,77.051,15.42962,26.9571,17.98096,14.37995,17.34759,0.2406,An toan,An toan,"Nhi?t ?? 29.7?C, ?? ?m 77.1%, Kh? CO th?p (14.4 ppm), M?c ch?y: An to?n","Kh? CH4 (27.0 ppm), LPG (18.0 ppm), CO (14.4 ppm), M?c kh? gas: An to?n",Auto,OFF,OFF,OFF,OFF,
4/11/2025,11:45:43,29.756,69.726,14.5404,24.59076,18.69481,13.66134,12.54376,0.33412,An toan,An toan,"Nhi?t ?? 29.8?C, ?? ?m 69.7%, Kh? CO th?p (13.7 ppm), M?c ch?y: An to?n","Kh? CH4 (24.6 ppm), LPG (18.7 ppm), CO (13.7 ppm), M?c kh? gas: An to?n",Auto,OFF,OFF,OFF,OFF,
4/11/2025,11:51:36,29.852,71.602,14.42389,26.96312,19.43955,14.85852,29.37028,0.94651,An toan,An toan,"Nhi?t ?? 29.9?C, ?? ?m 71.6%, Kh? CO th?p (14.9 ppm), M?c ch?y: An to?n","Kh? CH4 (27.0 ppm), LPG (19.4 ppm), CO (14.9 ppm), M?c kh? gas: An to?n",Auto,OFF,OFF,OFF,OFF,
4/11/2025,11:55:19,29.419,75.265,15.62833,24.34542,18.43934,13.24983,15.14011,0.88304,An toan,An toan,"Nhi?t ?? 29.4?C, ?? ?m 75.3%, Kh? CO th?p (13.2 ppm), M?c ch?y: An to?n","Kh? CH4 (24.3 ppm), LPG (18.4 ppm), CO (13.2 ppm), M?c kh? gas: An to?n",Auto,OFF,OFF,OFF,OFF,
4/11/2025,11:56:36,29.359,74.443,14.69336,26.60841,17.76935,13.41532,13.87878,0.27962,An toan,An toan,"Nhi?t ?? 29.4?C, ?? ?m 74.4%, Kh? CO th?p (13.4 ppm), M?c ch?y: An to?n","Kh? CH4 (26.6 ppm), LPG (17.8 ppm), CO (13.4 ppm), M?c kh? gas: An to?n",Auto,OFF,OFF,OFF,OFF,
4/11/2025,11:56:42,29.695,70.991,15.74957,26.58962,19.60157,14.93286,12.54379,0.12323,An toan,An toan,"Nhi?t ?? 29.7?C, ?? ?m 71.0%, Kh? CO th?p (14.9 ppm), M?c ch?y: An to?n","Kh? CH4 (26.6 ppm), LPG (19.6 ppm), CO (14.9 ppm), M?c kh? gas: An to?n",Auto,OFF,OFF,OFF,OFF,
4/11/2025,11:57:06,29.219,73.454,15.02253,26.71969,19.74469,13.19005,14.15031,0.75736,An toan,An toan,"Nhi?t ?? 29.2?C, ?? ?m 73.5%, Kh? CO th?p (13.2 ppm), M?c ch?y: An to?n","Kh? CH4 (26.7 ppm), LPG (19.7 ppm), CO (13.2 ppm), M?c kh? gas: An to?n",Auto,OFF,OFF,OFF,OFF,
4/11/2025,11:59:00,29.762,78.587,14.77722,26.84044,19.46973,14.00185,22.84542,0.15085,An toan,An toan,"Nhi?t ?? 29.8?C, ?? ?m 78.6%, Kh? CO th?p (14.0 ppm), M?c ch?y: An to?n","Kh? CH4 (26.8 ppm), LPG (19.5 ppm), CO (14.0 ppm), M?c kh? gas: An to?n",Auto,OFF,OFF,OFF,OFF,
4/11/2025,12:01:44,30.601,75.295,15.13185,25.43212,19.81389,14.65479,28.67201,0.94024,An toan,An toan,"Nhi?t ?? 30.6?C, ?? ?m 75.3%, Kh? CO th?p (14.7 ppm), M?c ch?y: An to?n","Kh? CH4 (25.4 ppm), LPG (19.8 ppm), CO (14.7 ppm), M?c kh? gas: An to?n",Auto,OFF,OFF,OFF,OFF,
4/11/2025,12:09:37,30.545,74.45,14.05715,26.24278,17.0861,13.76906,10.5749,0.93941,An toan,An toan,"Nhi?t ?? 30.5?C, ?? ?m 74.4%, Kh? CO th?p (13.8 ppm), M?c ch?y: An to?n","Kh? CH4 (26.2 ppm), LPG (17.1 ppm), CO (13.8 ppm), M?c kh? gas: An to?n",Auto,OFF,OFF,OFF,OFF,
4/11/2025,12:10:11,30.859,76.195,14.3891,26.84171,18.75665,13.0934,15.95842,0.49795,An toan,An toan,"Nhi?t ?? 30.9?C, ?? ?m 76.2%, Kh? CO th?p (13.1 ppm), M?c ch?y: An to?n","Kh? CH4 (26.8 ppm), LPG (18.8 ppm), CO (13.1 ppm), M?c kh? gas: An to?n",Auto,OFF,OFF,OFF,OFF,
4/11/2025,12:12:53,29.111,77.565,15.88713,24.55375,18.58121,13.64163,24.17452,0.86086,An toan,An toan,"Nhi?t ?? 29.1?C, ?? ?m 77.6%, Kh? CO th?p (13.6 ppm), M?c ch?y: An to?n","Kh? CH4 (24.6 ppm), LPG (18.6 ppm), CO (13.6 ppm), M?c kh? gas: An to?n",Auto,OFF,OFF,OFF,OFF,
4/11/2025,12:13:00,29.037,76.843,15.47088,26.47767,19.21782,13.28464,14.53722,0.42222,An toan,An toan,"Nhi?t ?? 29.0?C, ?? ?m 76.8%, Kh? CO th?p (13.3 ppm), M?c ch?y: An to?n","Kh? CH4 (26.5 ppm), LPG (19.2 ppm), CO (13.3 ppm), M?c kh? gas: An to?n",Auto,OFF,OFF,OFF,OFF,
4/11/2025,12:21:13,30.504,76.796,15.6404,25.3876,18.03626,13.31513,24.80239,0.53504,An toan,An toan,"Nhi?t ?? 30.5?C, ?? ?m 76.8%, Kh? CO th?p (13.3 ppm), M?c ch?y: An to?n","Kh? CH4 (25.4 ppm), LPG (18.0 ppm), CO (13.3 ppm), M?c kh? gas: An to?n",Auto,OFF,OFF,OFF,OFF,
4/11/2025,12:24:43,30.704,72.501,14.9217,25.87093,17.09729,14.95707,26.64968,0.76046,An toan,An toan,"Nhi?t ?? 30.7?C, ?? ?m 72.5%, Kh? CO th?p (15.0 ppm), M?c ch?y: An to?n","Kh? CH4 (25.9 ppm), LPG (17.1 ppm), CO (15.0 ppm), M?c kh? gas: An to?n",Auto,OFF,OFF,OFF,OFF,
4/11/2025,12:26:59,29.78,79.566,14.34441,26.72878,17.44264,13.55779,14.35671,0.70611,An toan,An toan,"Nhi?t ?? 29.8?C, ?? ?m 79.6%, Kh? CO th?p (13.6 ppm), M?c ch?y: An to?n","Kh? CH4 (26.7 ppm), LPG (17.4 ppm), CO (13.6 ppm), M?c kh? gas: An to?n",Auto,OFF,OFF,OFF,OFF,
4/11/2025,12:29:38,30.014,79.432,15.48438,25.87076,18.09549,13.76933,26.38697,0.24708,An toan,An toan,"Nhi?t ?? 30.0?C, ?? ?m 79.4%, Kh? CO th?p (13.8 ppm), M?c ch?y: An to?n","Kh? CH4 (25.9 ppm), LPG (18.1 ppm), CO (13.8 ppm), M?c kh? gas: An to?n",Auto,OFF,OFF,OFF,OFF,
4/11/2025,12:31:45,30.741,76.425,15.08346,25.47169,19.01386,13.80226,23.40632,0.51356,An toan,An toan,"Nhi?t ?? 30.7?C, ?? ?m 76.4%, Kh? CO th?p (13.8 ppm), M?c ch?y: An to?n","Kh? CH4 (25.5 ppm), LPG (19.0 ppm), CO (13.8 ppm), M?c kh? gas: An to?n",Auto,OFF,OFF,OFF,OFF,
4/11/2025,12:34:04,30.082,79.969,15.87851,25.10652,17.11449,14.29464,16.15012,0.1483,An toan,An toan,"Nhi?t ?? 30.1?C, ?? ?m 80.0%, Kh? CO th?p (14.3 ppm), M?c ch?y: An to?n","Kh? CH4 (25.1 ppm), LPG (17.1 ppm), CO (14.3 ppm), M?c kh? gas: An to?n",Auto,OFF,OFF,OFF,OFF,
4/11/2025,12:34:34,30.516,74.827,14.5654,25.96559,17.81361,14.70341,20.64972,0.14081,An toan,An toan,"Nhi?t ?? 30.5?C, ?? ?m 74.8%, Kh? CO th?p (14.7 ppm), M?c ch?y: An to?n","Kh? CH4 (26.0 ppm), LPG (17.8 ppm), CO (14.7 ppm), M?c kh? gas: An to?n",Auto,OFF,OFF,OFF,OFF,
4/11/2025,12:35:49,30.63,77.333,14.75161,26.1347,18.51347,14.81483,26.50804,0.75535,An toan,An toan,"Nhi?t ?? 30.6?C, ?? ?m 77.3%, Kh? CO th?p (14.8 ppm), M?c ch?y: An to?n","Kh? CH4 (26.1 ppm), LPG (18.5 ppm), CO (14.8 ppm), M?c kh? gas: An to?n",Auto,OFF,OFF,OFF,OFF,
4/11/2025,12:35:57,29.091,72.107,14.31531,26.17527,18.20392,13.46663,23.24096,0.45651,An toan,An toan,"Nhi?t ?? 29.1?C, ?? ?m 72.1%, Kh? CO th?p (13.5 ppm), M?c ch?y: An to?n","Kh? CH4 (26.2 ppm), LPG (18.2 ppm), CO (13.5 ppm), M?c kh? gas: An to?n",Auto,OFF,OFF,OFF,OFF,
4/11/2025,12:49:58,29.46,72.596,14.22665,26.77973,18.13406,14.73214,13.1681,0.137,An toan,An toan,"Nhi?t ?? 29.5?C, ?? ?m 72.6%, Kh? CO th?p (14.7 ppm), M?c ch?y: An to?n","Kh? CH4 (26.8 ppm), LPG (18.1 ppm), CO (14.7 ppm), M?c kh? gas: An to?n",Auto,OFF,OFF,OFF,OFF,
4/11/2025,12:51:12,30.941,77.522,15.33203,26.04884,17.31662,13.06881,23.19009,0.79639,An toan,An toan,"Nhi?t ?? 30.9?C, ?? ?m 77.5%, Kh? CO th?p (13.1 ppm), M?c ch?y: An to?n","Kh? CH4 (26.0 ppm), LPG (17.3 ppm), CO (13.1 ppm), M?c kh? gas: An to?n",Auto,OFF,OFF,OFF,OFF,
4/11/2025,12:54:03,30.023,74.357,15.57584,24.00682,18.65553,14.26592,29.65323,0.30931,An toan,An toan,"Nhi?t ?? 30.0?C, ?? ?m 74.4%, Kh? CO th?p (14.3 ppm), M?c ch?y: An to?n","Kh? CH4 (24.0 ppm), LPG (18.7 ppm), CO (14.3 ppm), M?c kh? gas: An to?n",Auto,OFF,OFF,OFF,OFF,
4/11/2025,12:57:04,29.603,70.613,14.25475,25.62803,18.72454,13.8236,20.92889,0.89287,An toan,An toan,"Nhi?t ?? 29.6?C, ?? ?m 70.6%, Kh? CO th?p (13.8 ppm), M?c ch?y: An to?n","Kh? CH4 (25.6 ppm), LPG (18.7 ppm), CO (13.8 ppm), M?c kh? gas: An to?n",Auto,OFF,OFF,OFF,OFF,
4/11/2025,12:58:36,30.449,70.69,15.31704,24.08472,17.7423,13.69214,28.31618,0.41286,An toan,An toan,"Nhi?t ?? 30.4?C, ?? ?m 70.7%, Kh? CO th?p (13.7 ppm), M?c ch?y: An to?n","Kh? CH4 (24.1 ppm), LPG (17.7 ppm), CO (13.7 ppm), M?c kh? gas: An to?n",Auto,OFF,OFF,OFF,OFF,
4/11/2025,12:59:50,30.058,73.938,15.2303,26.60027,17.58044,13.42486,13.31073,0.9783,An toan,An toan,"Nhi?t ?? 30.1?C, ?? ?m 73.9%, Kh? CO th?p (13.4 ppm), M?c ch?y: An to?n","Kh? CH4 (26.6 ppm), LPG (17.6 ppm), CO (13.4 ppm), M?c kh? gas: An to?n",Auto,OFF,OFF,OFF,OFF,
4/11/2025,13:11:31,30.522,77.939,14.01323,24.47072,18.70356,14.26497,13.25499,0.33167,An toan,An toan,"Nhi?t ?? 30.5?C, ?? ?m 77.9%, Kh? CO th?p (14.3 ppm), M?c ch?y: An to?n","Kh? CH4 (24.5 ppm), LPG (18.7 ppm), CO (14.3 ppm), M?c kh? gas: An to?n",Auto,OFF,OFF,OFF,OFF,
4/11/2025,13:12:12,30.756,72.995,14.50278,24.61223,17.80915,14.95953,16.80536,0.83288,An toan,An toan,"Nhi?t ?? 30.8?C, ?? ?m 73.0%, Kh? CO th?p (15.0 ppm), M?c ch?y: An to?n","Kh? CH4 (24.6 ppm), LPG (17.8 ppm), CO (15.0 ppm), M?c kh? gas: An to?n",Auto,OFF,OFF,OFF,OFF,
4/11/2025,13:13:12,29.676,78.911,15.2878,25.49916,19.70352,13.30637,29.37264,0.61287,An toan,An toan,"Nhi?t ?? 29.7?C, ?? ?m 78.9%, Kh? CO th?p (13.3 ppm), M?c ch?y: An to?n","Kh? CH4 (25.5 ppm), LPG (19.7 ppm), CO (13.3 ppm), M?c kh? gas: An to?n",Auto,OFF,OFF,OFF,OFF,
4/11/2025,13:16:12,29.224,72.464,14.28643,26.46467,19.64625,13.94353,17.86134,0.95455,An toan,An toan,"Nhi?t ?? 29.2?C, ?? ?m 72.5%, Kh? CO th?p (13.9 ppm), M?c ch?y: An to?n","Kh? CH4 (26.5 ppm), LPG (19.6 ppm), CO (13.9 ppm), M?c kh? gas: An to?n",Auto,OFF,OFF,OFF,OFF,
4/11/2025,13:21:43,29.149,69.872,15.51065,25.00906,17.19165,14.95962,23.15798,0.33256,An toan,An toan,"Nhi?t ?? 29.1?C, ?? ?m 69.9%, Kh? CO th?p (15.0 ppm), M?c ch?y: An to?n","Kh? CH4 (25.0 ppm), LPG (17.2 ppm), CO (15.0 ppm), M?c kh? gas: An to?n",Auto,OFF,OFF,OFF,OFF,
4/11/2025,13:22:04,29.747,72.264,14.27983,25.76077,19.74815,14.24969,17.22081,0.73694,An toan,An toan,"Nhi?t ?? 29.7?C, ?? ?m 72.3%, Kh? CO th?p (14.2 ppm), M?c ch?y: An to?n","Kh? CH4 (25.8 ppm), LPG (19.7 ppm), CO (14.2 ppm), M?c kh? gas: An to?n",Auto,OFF,OFF,OFF,OFF,
4/11/2025,13:22:39,30.069,74.807,15.70349,24.3786,17.64623,14.11789,15.22067,0.3867,An toan,An toan,"Nhi?t ?? 30.1?C, ?? ?m 74.8%, Kh? CO th?p (14.1 ppm), M?c ch?y: An to?n","Kh? CH4 (24.4 ppm), LPG (17.6 ppm), CO (14.1 ppm), M?c kh? gas: An to?n",Auto,OFF,OFF,OFF,OFF,
4/11/2025,13:25:57,30.592,73.404,15.72815,24.9867,19.27493,14.17381,26.96942,0.79951,An toan,An toan,"Nhi?t ?? 30.6?C, ?? ?m 73.4%, Kh? CO th?p (14.2 ppm), M?c ch?y: An to?n","Kh? CH4 (25.0 ppm), LPG (19.3 ppm), CO (14.2 ppm), M?c kh? gas: An to?n",Auto,OFF,OFF,OFF,OFF,
4/11/2025,13:29:13,30.843,74.573,14.59739,26.68885,18.1941,13.15355,15.16458,0.69244,An toan,An toan,"Nhi?t ?? 30.8?C, ?? ?m 74.6%, Kh? CO th?p (13.2 ppm), M?c ch?y: An to?n","Kh? CH4 (26.7 ppm), LPG (18.2 ppm), CO (13.2 ppm), M?c kh? gas: An to?n",Auto,OFF,OFF,OFF,OFF,
4/11/2025,13:32:26,29.492,73.797,15.42773,25.57678,19.00373,14.27847,11.2208,0.58329,An toan,An toan,"Nhi?t ?? 29.5?C, ?? ?m 73.8%, Kh? CO th?p (14.3 ppm), M?c ch?y: An to?n","Kh? CH4 (25.6 ppm), LPG (19.0 ppm), CO (14.3 ppm), M?c kh? gas: An to?n",Auto,OFF,OFF,OFF,OFF,
4/11/2025,13:34:33,29.77,77.195,15.02411,24.13634,18.00096,14.91353,17.9913,0.48929,An toan,An toan,"Nhi?t ?? 29.8?C, ?? ?m 77.2%, Kh? CO th?p (14.9 ppm), M?c ch?y: An to?n","Kh? CH4 (24.1 ppm), LPG (18.0 ppm), CO (14.9 ppm), M?c kh? gas: An to?n",Auto,OFF,OFF,OFF,OFF,
4/11/2025,13:34:46,29.162,75.397,14.83331,24.8791,19.21009,14.9482,22.99904,0.86409,An toan,An toan,"Nhi?t ?? 29.2?C, ?? ?m 75.4%, Kh? CO th?p (14.9 ppm), M?c ch?y: An to?n","Kh? CH4 (24.9 ppm), LPG (19.2 ppm), CO (14.9 ppm), M?c kh? gas: An to?n",Auto,OFF,OFF,OFF,OFF,
4/11/2025,13:38:29,29.518,76.134,15.65156,26.07536,18.35897,14.78506,20.65679,0.41049,An toan,An toan,"Nhi?t ?? 29.5?C, ?? ?m 76.1%, Kh? CO th?p (14.8 ppm), M?c ch?y: An to?n","Kh? CH4 (26.1 ppm), LPG (18.4 ppm), CO (14.8 ppm), M?c kh? gas: An to?n",Auto,OFF,OFF,OFF,OFF,
4/11/2025,13:40:12,30.768,76.435,15.24549,24.75658,17.75973,13.38309,22.01086,0.1359,An toan,An toan,"Nhi?t ?? 30.8?C, ?? ?m 76.4%, Kh? CO th?p (13.4 ppm), M?c ch?y: An to?n","Kh? CH4 (24.8 ppm), LPG (17.8 ppm), CO (13.4 ppm), M?c kh? gas: An to?n",Auto,OFF,OFF,OFF,OFF,
4/11/2025,13:41:54,29.937,72.635,15.3587,26.70835,19.25744,13.53447,11.17566,0.71982,An toan,An toan,"Nhi?t ?? 29.9?C, ?? ?m 72.6%, Kh? CO th?p (13.5 ppm), M?c ch?y: An to?n","Kh? CH4 (26.7 ppm), LPG (19.3 ppm), CO (13.5 ppm), M?c kh? gas: An to?n",Auto,OFF,OFF,OFF,OFF,
4/11/2025,13:42:28,30.202,78.913,14.49345,25.5839,17.34614,13.88709,20.53635,0.67533,An toan,An toan,"Nhi?t ?? 30.2?C, ?? ?m 78.9%, Kh? CO th?p (13.9 ppm), M?c ch?y: An to?n","Kh? CH4 (25.6 ppm), LPG (17.3 ppm), CO (13.9 ppm), M?c kh? gas: An to?n",Auto,OFF,OFF,OFF,OFF,
4/11/2025,13:46:04,30.565,69.89,14.35017,24.03047,17.07983,14.02233,12.89242,0.20933,An toan,An toan,"Nhi?t ?? 30.6?C, ?? ?m 69.9%, Kh? CO th?p (14.0 ppm), M?c ch?y: An to?n","Kh? CH4 (24.0 ppm), LPG (17.1 ppm), CO (14.0 ppm), M?c kh? gas: An to?n",Auto,OFF,OFF,OFF,OFF,
4/11/2025,13:54:41,30.996,79.866,15.99745,24.91072,17.14325,14.40871,19.63818,0.43594,An toan,An toan,"Nhi?t ?? 31.0?C, ?? ?m 79.9%, Kh? CO th?p (14.4 ppm), M?c ch?y: An to?n","Kh? CH4 (24.9 ppm), LPG (17.1 ppm), CO (14.4 ppm), M?c kh? gas: An to?n",Auto,OFF,OFF,OFF,OFF,
4/11/2025,13:54:49,30.221,79.811,15.67188,25.07793,19.51987,13.61601,13.38077,0.96202,An toan,An toan,"Nhi?t ?? 30.2?C, ?? ?m 79.8%, Kh? CO th?p (13.6 ppm), M?c ch?y: An to?n","Kh? CH4 (25.1 ppm), LPG (19.5 ppm), CO (13.6 ppm), M?c kh? gas: An to?n",Auto,OFF,OFF,OFF,OFF,
4/11/2025,13:56:37,29.731,78.113,15.08184,24.51051,18.92495,14.99492,21.21526,0.92528,An toan,An toan,"Nhi?t ?? 29.7?C, ?? ?m 78.1%, Kh? CO th?p (15.0 ppm), M?c ch?y: An to?n","Kh? CH4 (24.5 ppm), LPG (18.9 ppm), CO (15.0 ppm), M?c kh? gas: An to?n",Auto,OFF,OFF,OFF,OFF,
4/11/2025,14:00:13,29.883,78.139,15.7974,26.90954,17.23633,13.51885,27.26973,0.46245,An toan,An toan,"Nhi?t ?? 29.9?C, ?? ?m 78.1%, Kh? CO th?p (13.5 ppm), M?c ch?y: An to?n","Kh? CH4 (26.9 ppm), LPG (17.2 ppm), CO (13.5 ppm), M?c kh? gas: An to?n",Auto,OFF,OFF,OFF,OFF,
4/11/2025,14:04:51,29.469,71.349,15.17665,25.03053,18.53853,14.44276,26.49189,0.23648,An toan,An toan,"Nhi?t ?? 29.5?C, ?? ?m 71.3%, Kh? CO th?p (14.4 ppm), M?c ch?y: An to?n","Kh? CH4 (25.0 ppm), LPG (18.5 ppm), CO (14.4 ppm), M?c kh? gas: An to?n",Auto,OFF,OFF,OFF,OFF,
4/11/2025,14:08:53,30.631,69.607,14.86434,25.03437,17.74871,13.68585,15.89422,0.51477,An toan,An toan,"Nhi?t ?? 30.6?C, ?? ?m 69.6%, Kh? CO th?p (13.7 ppm), M?c ch?y: An to?n","Kh? CH4 (25.0 ppm), LPG (17.7 ppm), CO (13.7 ppm), M?c kh? gas: An to?n",Auto,OFF,OFF,OFF,OFF,
4/11/2025,14:09:17,30.808,71.378,15.20943,24.19486,19.8299,14.75328,18.41553,0.88891,An toan,An toan,"Nhi?t ?? 30.8?C, ?? ?m 71.4%, Kh? CO th?p (14.8 ppm), M?c ch?y: An to?n","Kh? CH4 (24.2 ppm), LPG (19.8 ppm), CO (14.8 ppm), M?c kh? gas: An to?n",Auto,OFF,OFF,OFF,OFF,
4/11/2025,14:11:09,29.327,76.097,14.39874,26.4544,18.3389,14.63614,29.14605,0.67618,An toan,An toan,"Nhi?t ?? 29.3?C, ?? ?m 76.1%, Kh? CO th?p (14.6 ppm), M?c ch?y: An to?n","Kh? CH4 (26.5 ppm), LPG (18.3 ppm), CO (14.6 ppm), M?c kh? gas: An to?n",Auto,OFF,OFF,OFF,OFF,
4/11/2025,14:12:22,30.414,73.325,14.78851,25.95359,18.40583,13.19764,13.79643,0.34314,An toan,An toan,"Nhi?t ?? 30.4?C, ?? ?m 73.3%, Kh? CO th?p (13.2 ppm), M?c ch?y: An to?n","Kh? CH4 (26.0 ppm), LPG (18.4 ppm), CO (13.2 ppm), M?c kh? gas: An to?n",Auto,OFF,OFF,OFF,OFF,
4/11/2025,14:13:14,30.102,76.959,15.14359,24.59272,18.95274,13.76781,29.91816,0.72158,An toan,An toan,"Nhi?t ?? 30.1?C, ?? ?m 77.0%, Kh? CO th?p (13.8 ppm), M?c ch?y: An to?n","Kh? CH4 (24.6 ppm), LPG (19.0 ppm), CO (13.8 ppm), M?c kh? gas: An to?n",Auto,OFF,OFF,OFF,OFF,
4/11/2025,14:22:07,29.045,78.813,14.68475,26.37959,18.0602,14.19935,27.24366,0.97964,An toan,An toan,"Nhi?t ?? 29.0?C, ?? ?m 78.8%, Kh? CO th?p (14.2 ppm), M?c ch?y: An to?n","Kh? CH4 (26.4 ppm), LPG (18.1 ppm), CO (14.2 ppm), M?c kh? gas: An to?n",Auto,OFF,OFF,OFF,OFF,
4/11/2025,14:29:05,30.045,75.156,15.81046,25.60736,18.43033,13.25565,11.18615,0.47697,An toan,An toan,"Nhi?t ?? 30.0?C, ?? ?m 75.2%, Kh? CO th?p (13.3 ppm), M?c ch?y: An to?n","Kh? CH4 (25.6 ppm), LPG (18.4 ppm), CO (13.3 ppm), M?c kh? gas: An to?n",Auto,OFF,OFF,OFF,OFF,
4/11/2025,14:29:11,29.007,69.297,14.68517,24.47385,18.99596,14.26813,15.11737,0.37475,An toan,An toan,"Nhi?t ?? 29.0?C, ?? ?m 69.3%, Kh? CO th?p (14.3 ppm), M?c ch?y: An to?n","Kh? CH4 (24.5 ppm), LPG (19.0 ppm), CO (14.3 ppm), M?c kh? gas: An to?n",Auto,OFF,OFF,OFF,OFF,
4/11/2025,14:31:41,29.795,74.066,14.251,25.22252,19.03616,13.80209,18.1632,0.71231,An toan,An toan,"Nhi?t ?? 29.8?C, ?? ?m 74.1%, Kh? CO th?p (13.8 ppm), M?c ch?y: An to?n","Kh? CH4 (25.2 ppm), LPG (19.0 ppm), CO (13.8 ppm), M?c kh? gas: An to?n",Auto,OFF,OFF,OFF,OFF,
4/11/2025,14:37:29,30.928,78.553,15.89538,26.13513,17.74891,14.75877,24.58118,0.56018,An toan,An toan,"Nhi?t ?? 30.9?C, ?? ?m 78.6%, Kh? CO th?p (14.8 ppm), M?c ch?y: An to?n","Kh? CH4 (26.1 ppm), LPG (17.7 ppm), CO (14.8 ppm), M?c kh? gas: An to?n",Auto,OFF,OFF,OFF,OFF,
4/11/2025,14:37:51,29.028,79.766,15.66123,24.2984,18.90433,13.09925,24.64124,0.72708,An toan,An toan,"Nhi?t ?? 29.0?C, ?? ?m 79.8%, Kh? CO th?p (13.1 ppm), M?c ch?y: An to?n","Kh? CH4 (24.3 ppm), LPG (18.9 ppm), CO (13.1 ppm), M?c kh? gas: An to?n",Auto,OFF,OFF,OFF,OFF,
4/11/2025,14:40:08,29.982,79.465,15.2453,25.14693,19.46254,14.71236,17.5313,0.37755,An toan,An toan,"Nhi?t ?? 30.0?C, ?? ?m 79.5%, Kh? CO th?p (14.7 ppm), M?c ch?y: An to?n","Kh? CH4 (25.1 ppm), LPG (19.5 ppm), CO (14.7 ppm), M?c kh? gas: An to?n",Auto,OFF,OFF,OFF,OFF,
4/11/2025,14:40:14,29.289,71.63,15.33728,24.2816,18.96405,13.97552,27.28149,0.94612,An toan,An toan,"Nhi?t ?? 29.3?C, ?? ?m 71.6%, Kh? CO th?p (14.0 ppm), M?c ch?y: An to?n","Kh? CH4 (24.3 ppm), LPG (19.0 ppm), CO (14.0 ppm), M?c kh? gas: An to?n",Auto,OFF,OFF,OFF,OFF,
4/11/2025,14:46:39,29.637,71.737,15.34137,24.84151,19.81789,13.5673,23.44141,0.92203,An toan,An toan,"Nhi?t ?? 29.6?C, ?? ?m 71.7%, Kh? CO th?p (13.6 ppm), M?c ch?y: An to?n","Kh? CH4 (24.8 ppm), LPG (19.8 ppm), CO (13.6 ppm), M?c kh? gas: An to?n",Auto,OFF,OFF,OFF,OFF,
4/11/2025,14:49:35,30.669,73.333,15.67854,25.10126,17.29264,13.4136,22.43609,0.53239,An toan,An toan,"Nhi?t ?? 30.7?C, ?? ?m 73.3%, Kh? CO th?p (13.4 ppm), M?c ch?y: An to?n","Kh? CH4 (25.1 ppm), LPG (17.3 ppm), CO (13.4 ppm), M?c kh? gas: An to?n",Auto,OFF,OFF,OFF,OFF,
4/11/2025,14:50:57,30.122,70.164,15.48296,25.31847,19.52129,13.57325,12.22803,0.14104,An toan,An toan,"Nhi?t ?? 30.1?C, ?? ?m 70.2%, Kh? CO th?p (13.6 ppm), M?c ch?y: An to?n","Kh? CH4 (25.3 ppm), LPG (19.5 ppm), CO (13.6 ppm), M?c kh? gas: An to?n",Auto,OFF,OFF,OFF,OFF,
4/11/2025,14:52:56,29.151,71.607,15.68897,24.73555,17.79174,13.85281,13.38397,0.65324,An toan,An toan,"Nhi?t ?? 29.2?C, ?? ?m 71.6%, Kh? CO th?p (13.9 ppm), M?c ch?y: An to?n","Kh? CH4 (24.7 ppm), LPG (17.8 ppm), CO (13.9 ppm), M?c kh? gas: An to?n",Auto,OFF,OFF,OFF,OFF,
4/11/2025,14:58:00,30.603,70.282,15.66504,25.92345,19.26608,13.5169,19.45293,0.11706,An toan,An toan,"Nhi?t ?? 30.6?C, ?? ?m 70.3%, Kh? CO th?p (13.5 ppm), M?c ch?y: An to?n","Kh? CH4 (25.9 ppm), LPG (19.3 ppm), CO (13.5 ppm), M?c kh? gas: An to?n",Auto,OFF,OFF,OFF,OFF,
4/11/2025,15:09:47,29.241,76.671,14.41408,25.02821,19.43365,14.18943,27.21042,0.51444,An toan,An toan,"Nhi?t ?? 29.2?C, ?? ?m 76.7%, Kh? CO th?p (14.2 ppm), M?c ch?y: An to?n","Kh? CH4 (25.0 ppm), LPG (19.4 ppm), CO (14.2 ppm), M?c kh? gas: An to?n",Auto,OFF,OFF,OFF,OFF,
4/11/2025,15:11:01,29.747,74.017,15.21062,25.69884,18.08985,14.03903,24.35791,0.298,An toan,An toan,"Nhi?t ?? 29.7?C, ?? ?m 74.0%, Kh? CO th?p (14.0 ppm), M?c ch?y: An to?n","Kh? CH4 (25.7 ppm), LPG (18.1 ppm), CO (14.0 ppm), M?c kh? gas: An to?n",Auto,OFF,OFF,OFF,OFF,
4/11/2025,15:11:50,29.463,76.8,14.67226,24.4368,18.66148,13.90119,12.46792,0.51042,An toan,An toan,"Nhi?t ?? 29.5?C, ?? ?m 76.8%, Kh? CO th?p (13.9 ppm), M?c ch?y: An to?n","Kh? CH4 (24.4 ppm), LPG (18.7 ppm), CO (13.9 ppm), M?c kh? gas: An to?n",Auto,OFF,OFF,OFF,OFF,
4/11/2025,15:12:17,30.089,79.086,15.09151,26.38445,18.0099,14.40962,29.04353,0.72683,An toan,An toan,"Nhi?t ?? 30.1?C, ?? ?m 79.1%, Kh? CO th?p (14.4 ppm), M?c ch?y: An to?n","Kh? CH4 (26.4 ppm), LPG (18.0 ppm), CO (14.4 ppm), M?c kh? gas: An to?n",Auto,OFF,OFF,OFF,OFF,
4/11/2025,15:15:33,30.93,70.494,14.2106,25.31921,17.11401,14.38298,21.74501,0.11839,An toan,An toan,"Nhi?t ?? 30.9?C, ?? ?m 70.5%, Kh? CO th?p (14.4 ppm), M?c ch?y: An to?n","Kh? CH4 (25.3 ppm), LPG (17.1 ppm), CO (14.4 ppm), M?c kh? gas: An to?n",Auto,OFF,OFF,OFF,OFF,
4/11/2025,15:16:31,30.3,70.661,15.59052,24.33767,18.52851,13.24274,29.36061,0.15235,An toan,An toan,"Nhi?t ?? 30.3?C, ?? ?m 70.7%, Kh? CO th?p (13.2 ppm), M?c ch?y: An to?n","Kh? CH4 (24.3 ppm), LPG (18.5 ppm), CO (13.2 ppm), M?c kh? gas: An to?n",Auto,OFF,OFF,OFF,OFF,
4/11/2025,15:24:43,30.172,70.34,15.72912,24.83466,18.76572,13.44591,27.95225,0.33577,An toan,An toan,"Nhi?t ?? 30.2?C, ?? ?m 70.3%, Kh? CO th?p (13.4 ppm), M?c ch?y: An to?n","Kh? CH4 (24.8 ppm), LPG (18.8 ppm), CO (13.4 ppm), M?c kh? gas: An to?n",Auto,OFF,OFF,OFF,OFF,
4/11/2025,15:34:55,30.056,79.17,15.17528,24.69766,18.24697,14.03676,14.78841,0.894,An toan,An toan,"Nhi?t ?? 30.1?C, ?? ?m 79.2%, Kh? CO th?p (14.0 ppm), M?c ch?y: An to?n","Kh? CH4 (24.7 ppm), LPG (18.2 ppm), CO (14.0 ppm), M?c kh? gas: An to?n",Auto,OFF,OFF,OFF,OFF,
4/11/2025,15:34:59,29.661,76.228,15.87602,26.58965,17.08545,14.4754,15.12573,0.50211,An toan,An toan,"Nhi?t ?? 29.7?C, ?? ?m 76.2%, Kh? CO th?p (14.5 ppm), M?c ch?y: An to?n","Kh? CH4 (26.6 ppm), LPG (17.1 ppm), CO (14.5 ppm), M?c kh? gas: An to?n",Auto,OFF,OFF,OFF,OFF,
4/11/2025,15:36:00,29.041,70.719,15.47929,26.3031,18.84356,13.56569,23.30219,0.60448,An toan,An toan,"Nhi?t ?? 29.0?C, ?? ?m 70.7%, Kh? CO th?p (13.6 ppm), M?c ch?y: An to?n","Kh? CH4 (26.3 ppm), LPG (18.8 ppm), CO (13.6 ppm), M?c kh? gas: An to?n",Auto,OFF,OFF,OFF,OFF,
4/11/2025,15:44:17,30.667,76.34,14.15913,24.9508,19.42829,13.50424,28.85649,0.85863,An toan,An toan,"Nhi?t ?? 30.7?C, ?? ?m 76.3%, Kh? CO th?p (13.5 ppm), M?c ch?y: An to?n","Kh? CH4 (25.0 ppm), LPG (19.4 ppm), CO (13.5 ppm), M?c kh? gas: An to?n",Auto,OFF,OFF,OFF,OFF,
4/11/2025,15:44:57,29.582,72.751,15.04693,25.31975,17.6962,13.30145,10.30357,0.18761,An toan,An toan,"Nhi?t ?? 29.6?C, ?? ?m 72.8%, Kh? CO th?p (13.3 ppm), M?c ch?y: An to?n","Kh? CH4 (25.3 ppm), LPG (17.7 ppm), CO (13.3 ppm), M?c kh? gas: An to?n",Auto,OFF,OFF,OFF,OFF,
4/11/2025,15:49:31,30.277,71.74,14.51866,25.87613,17.15862,14.19943,18.21406,0.77217,An toan,An toan,"Nhi?t ?? 30.3?C, ?? ?m 71.7%, Kh? CO th?p (14.2 ppm), M?c ch?y: An to?n","Kh? CH4 (25.9 ppm), LPG (17.2 ppm), CO (14.2 ppm), M?c kh? gas: An to?n",Auto,OFF,OFF,OFF,OFF,
4/11/2025,15:50:20,29.697,75.161,15.70654,25.78166,17.32096,14.21175,16.91324,0.36636,An toan,An toan,"Nhi?t ?? 29.7?C, ?? ?m 75.2%, Kh? CO th?p (14.2 ppm), M?c ch?y: An to?n","Kh? CH4 (25.8 ppm), LPG (17.3 ppm), CO (14.2 ppm), M?c kh? gas: An to?n",Auto,OFF,OFF,OFF,OFF,
4/11/2025,15:50:40,29.969,74.309,14.91685,26.79186,19.35242,13.94098,29.85119,0.68569,An toan,An toan,"Nhi?t ?? 30.0?C, ?? ?m 74.3%, Kh? CO th?p (13.9 ppm), M?c ch?y: An to?n","Kh? CH4 (26.8 ppm), LPG (19.4 ppm), CO (13.9 ppm), M?c kh? gas: An to?n",Auto,OFF,OFF,OFF,OFF,
4/11/2025,15:52:14,29.147,76.552,14.17299,24.11633,19.05735,13.75824,23.163,0.89238,An toan,An toan,"Nhi?t ?? 29.1?C, ?? ?m 76.6%, Kh? CO th?p (13.8 ppm), M?c ch?y: An to?n","Kh? CH4 (24.1 ppm), LPG (19.1 ppm), CO (13.8 ppm), M?c kh? gas: An to?n",Auto,OFF,OFF,OFF,OFF,
4/11/2025,15:53:37,29.26,77.218,15.73894,24.95521,18.45801,13.45807,16.69753,0.83597,An toan,An toan,"Nhi?t ?? 29.3?C, ?? ?m 77.2%, Kh? CO th?p (13.5 ppm), M?c ch?y: An to?n","Kh? CH4 (25.0 ppm), LPG (18.5 ppm), CO (13.5 ppm), M?c kh? gas: An to?n",Auto,OFF,OFF,OFF,OFF,
4/11/2025,15:54:29,30.451,79.561,15.23275,26.73618,19.86653,14.70982,21.83422,0.21266,An toan,An toan,"Nhi?t ?? 30.5?C, ?? ?m 79.6%, Kh? CO th?p (14.7 ppm), M?c ch?y: An to?n","Kh? CH4 (26.7 ppm), LPG (19.9 ppm), CO (14.7 ppm), M?c kh? gas: An to?n",Auto,OFF,OFF,OFF,OFF,
4/11/2025,15:55:47,30.029,70.695,15.19541,24.57344,18.35259,14.52109,25.73005,0.26929,An toan,An toan,"Nhi?t ?? 30.0?C, ?? ?m 70.7%, Kh? CO th?p (14.5 ppm), M?c ch?y: An to?n","Kh? CH4 (24.6 ppm), LPG (18.4 ppm), CO (14.5 ppm), M?c kh? gas: An to?n",Auto,OFF,OFF,OFF,OFF,
4/11/2025,15:59:40,29.856,71.531,14.22174,24.07852,19.22649,14.95105,16.37815,0.57451,An toan,An toan,"Nhi?t ?? 29.9?C, ?? ?m 71.5%, Kh? CO th?p (15.0 ppm), M?c ch?y: An to?n","Kh? CH4 (24.1 ppm), LPG (19.2 ppm), CO (15.0 ppm), M?c kh? gas: An to?n",Auto,OFF,OFF,OFF,OFF,
4/11/2025,16:01:08,30.533,75.017,15.72444,25.28646,19.21787,14.90222,18.59828,0.48432,An toan,An toan,"Nhi?t ?? 30.5?C, ?? ?m 75.0%, Kh? CO th?p (14.9 ppm), M?c ch?y: An to?n","Kh? CH4 (25.3 ppm), LPG (19.2 ppm), CO (14.9 ppm), M?c kh? gas: An to?n",Auto,OFF,OFF,OFF,OFF,
4/11/2025,16:08:52,30.096,79.538,15.34055,25.13389,18.44982,14.26101,29.58196,0.50328,An toan,An toan,"Nhi?t ?? 30.1?C, ?? ?m 79.5%, Kh? CO th?p (14.3 ppm), M?c ch?y: An to?n","Kh? CH4 (25.1 ppm), LPG (18.4 ppm), CO (14.3 ppm), M?c kh? gas: An to?n",Auto,OFF,OFF,OFF,OFF,
4/11/2025,16:11:44,29.257,74.89,15.36705,25.09403,17.05684,13.8008,13.35642,0.21526,An toan,An toan,"Nhi?t ?? 29.3?C, ?? ?m 74.9%, Kh? CO th?p (13.8 ppm), M?c ch?y: An to?n","Kh? CH4 (25.1 ppm), LPG (17.1 ppm), CO (13.8 ppm), M?c kh? gas: An to?n",Auto,OFF,OFF,OFF,OFF,
4/11/2025,16:14:55,30.298,71.668,14.29256,25.22123,18.96937,13.22196,27.41984,0.70523,An toan,An toan,"Nhi?t ?? 30.3?C, ?? ?m 71.7%, Kh? CO th?p (13.2 ppm), M?c ch?y: An to?n","Kh? CH4 (25.2 ppm), LPG (19.0 ppm), CO (13.2 ppm), M?c kh? gas: An to?n",Auto,OFF,OFF,OFF,OFF,
4/11/2025,16:16:56,30.408,77.477,14.6995,24.11097,17.51442,13.83016,18.11384,0.51939,An toan,An toan,"Nhi?t ?? 30.4?C, ?? ?m 77.5%, Kh? CO th?p (13.8 ppm), M?c ch?y: An to?n","Kh? CH4 (24.1 ppm), LPG (17.5 ppm), CO (13.8 ppm), M?c kh? gas: An to?n",Auto,OFF,OFF,OFF,OFF,
4/11/2025,16:17:46,30.781,78.635,14.01296,24.34403,17.5794,13.15721,21.89348,0.58682,An toan,An toan,"Nhi?t ?? 30.8?C, ?? ?m 78.6%, Kh? CO th?p (13.2 ppm), M?c ch?y: An to?n","Kh? CH4 (24.3 ppm), LPG (17.6 ppm), CO (13.2 ppm), M?c kh? gas: An to?n",Auto,OFF,OFF,OFF,OFF,
4/11/2025,16:17:51,29.813,78.778,14.91702,25.86712,19.25762,14.17217,28.8519,0.63915,An toan,An toan,"Nhi?t ?? 29.8?C, ?? ?m 78.8%, Kh? CO th?p (14.2 ppm), M?c ch?y: An to?n","Kh? CH4 (25.9 ppm), LPG (19.3 ppm), CO (14.2 ppm), M?c kh? gas: An to?n",Auto,OFF,OFF,OFF,OFF,
4/11/2025,16:28:43,30.267,78.531,15.23655,26.34754,19.41855,14.02699,24.33065,0.62691,An toan,An toan,"Nhi?t ?? 30.3?C, ?? ?m 78.5%, Kh? CO th?p (14.0 ppm), M?c ch?y: An to?n","Kh? CH4 (26.3 ppm), LPG (19.4 ppm), CO (14.0 ppm), M?c kh? gas: An to?n",Auto,OFF,OFF,OFF,OFF,
4/11/2025,16:29:49,30.095,72.478,15.56153,24.53483,19.36917,13.20405,23.74749,0.5178,An toan,An toan,"Nhi?t ?? 30.1?C, ?? ?m 72.5%, Kh? CO th?p (13.2 ppm), M?c ch?y: An to?n","Kh? CH4 (24.5 ppm), LPG (19.4 ppm), CO (13.2 ppm), M?c kh? gas: An to?n",Auto,OFF,OFF,OFF,OFF,
4/11/2025,16:30:24,29.445,70.646,14.44512,24.35696,17.1455,14.24419,20.83383,0.35057,An toan,An toan,"Nhi?t ?? 29.4?C, ?? ?m 70.6%, Kh? CO th?p (14.2 ppm), M?c ch?y: An to?n","Kh? CH4 (24.4 ppm), LPG (17.1 ppm), CO (14.2 ppm), M?c kh? gas: An to?n",Auto,OFF,OFF,OFF,OFF,
4/11/2025,16:30:58,30.775,78.24,15.08684,24.76981,19.32641,14.09227,26.24926,0.67942,An toan,An toan,"Nhi?t ?? 30.8?C, ?? ?m 78.2%, Kh? CO th?p (14.1 ppm), M?c ch?y: An to?n","Kh? CH4 (24.8 ppm), LPG (19.3 ppm), CO (14.1 ppm), M?c kh? gas: An to?n",Auto,OFF,OFF,OFF,OFF,
4/11/2025,16:38:23,30.642,72.714,14.29884,24.04403,17.16588,13.2979,11.24216,0.47074,An toan,An toan,"Nhi?t ?? 30.6?C, ?? ?m 72.7%, Kh? CO th?p (13.3 ppm), M?c ch?y: An to?n","Kh? CH4 (24.0 ppm), LPG (17.2 ppm), CO (13.3 ppm), M?c kh? gas: An to?n",Auto,OFF,OFF,OFF,OFF,
4/11/2025,16:39:05,30.238,79.114,15.47814,25.02139,19.10846,13.82335,26.24267,0.64109,An toan,An toan,"Nhi?t ?? 30.2?C, ?? ?m 79.1%, Kh? CO th?p (13.8 ppm), M?c ch?y: An to?n","Kh? CH4 (25.0 ppm), LPG (19.1 ppm), CO (13.8 ppm), M?c kh? gas: An to?n",Auto,OFF,OFF,OFF,OFF,
4/11/2025,16:40:39,29.473,75.048,15.0735,24.39294,19.60625,13.20284,10.07871,0.3358,An toan,An toan,"Nhi?t ?? 29.5?C, ?? ?m 75.0%, Kh? CO th?p (13.2 ppm), M?c ch?y: An to?n","Kh? CH4 (24.4 ppm), LPG (19.6 ppm), CO (13.2 ppm), M?c kh? gas: An to?n",Auto,OFF,OFF,OFF,OFF,
4/11/2025,16:45:36,30.14,74.038,15.83219,25.78673,17.29931,13.00448,24.27505,0.65197,An toan,An toan,"Nhi?t ?? 30.1?C, ?? ?m 74.0%, Kh? CO th?p (13.0 ppm), M?c ch?y: An to?n","Kh? CH4 (25.8 ppm), LPG (17.3 ppm), CO (13.0 ppm), M?c kh? gas: An to?n",Auto,OFF,OFF,OFF,OFF,
4/11/2025,16:47:06,30.469,70.239,14.4232,25.02445,19.83583,13.81523,14.01461,0.88336,An toan,An toan,"Nhi?t ?? 30.5?C, ?? ?m 70.2%, Kh? CO th?p (13.8 ppm), M?c ch?y: An to?n","Kh? CH4 (25.0 ppm), LPG (19.8 ppm), CO (13.8 ppm), M?c kh? gas: An to?n",Auto,OFF,OFF,OFF,OFF,
4/11/2025,16:48:21,29.198,69.099,14.41228,24.83229,18.5895,13.51188,10.81373,0.60413,An toan,An toan,"Nhi?t ?? 29.2?C, ?? ?m 69.1%, Kh? CO th?p (13.5 ppm), M?c ch?y: An to?n","Kh? CH4 (24.8 ppm), LPG (18.6 ppm), CO (13.5 ppm), M?c kh? gas: An to?n",Auto,OFF,OFF,OFF,OFF,
4/11/2025,16:52:53,30.31,74.625,15.16842,25.19935,18.38906,13.57018,28.15529,0.18995,An toan,An toan,"Nhi?t ?? 30.3?C, ?? ?m 74.6%, Kh? CO th?p (13.6 ppm), M?c ch?y: An to?n","Kh? CH4 (25.2 ppm), LPG (18.4 ppm), CO (13.6 ppm), M?c kh? gas: An to?n",Auto,OFF,OFF,OFF,OFF,
4/11/2025,16:53:50,30.711,74.592,14.44121,26.5699,18.08153,13.53881,21.93332,0.5145,An toan,An toan,"Nhi?t ?? 30.7?C, ?? ?m 74.6%, Kh? CO th?p (13.5 ppm), M?c ch?y: An to?n","Kh? CH4 (26.6 ppm), LPG (18.1 ppm), CO (13.5 ppm), M?c kh? gas: An to?n",Auto,OFF,OFF,OFF,OFF,
4/11/2025,16:56:38,29.669,71.984,15.46802,25.38294,18.76704,13.3488,18.05564,0.7933,An toan,An toan,"Nhi?t ?? 29.7?C, ?? ?m 72.0%, Kh? CO th?p (13.3 ppm), M?c ch?y: An to?n","Kh? CH4 (25.4 ppm), LPG (18.8 ppm), CO (13.3 ppm), M?c kh? gas: An to?n",Auto,OFF,OFF,OFF,OFF,
4/11/2025,17:05:44,29.076,76.981,15.72819,26.839,18.80379,13.86187,12.84433,0.99516,An toan,An toan,"Nhi?t ?? 29.1?C, ?? ?m 77.0%, Kh? CO th?p (13.9 ppm), M?c ch?y: An to?n","Kh? CH4 (26.8 ppm), LPG (18.8 ppm), CO (13.9 ppm), M?c kh? gas: An to?n",Auto,OFF,OFF,OFF,OFF,
4/11/2025,17:07:32,30.272,70.211,14.39451,26.57177,19.03694,14.99457,12.34257,0.36113,An toan,An toan,"Nhi?t ?? 30.3?C, ?? ?m 70.2%, Kh? CO th?p (15.0 ppm), M?c ch?y: An to?n","Kh? CH4 (26.6 ppm), LPG (19.0 ppm), CO (15.0 ppm), M?c kh? gas: An to?n",Auto,OFF,OFF,OFF,OFF,
4/11/2025,17:10:07,30.195,72.346,15.84525,26.39939,17.45454,13.70623,28.0341,0.45255,An toan,An toan,"Nhi?t ?? 30.2?C, ?? ?m 72.3%, Kh? CO th?p (13.7 ppm), M?c ch?y: An to?n","Kh? CH4 (26.4 ppm), LPG (17.5 ppm), CO (13.7 ppm), M?c kh? gas: An to?n",Auto,OFF,OFF,OFF,OFF,
4/11/2025,17:10:12,29.561,79.692,14.78631,25.4055,17.186,13.39286,17.75672,0.1481,An toan,An toan,"Nhi?t ?? 29.6?C, ?? ?m 79.7%, Kh? CO th?p (13.4 ppm), M?c ch?y: An to?n","Kh? CH4 (25.4 ppm), LPG (17.2 ppm), CO (13.4 ppm), M?c kh? gas: An to?n",Auto,OFF,OFF,OFF,OFF,
4/11/2025,17:13:52,30.737,74.447,14.95936,26.65727,18.18369,13.8471,28.17137,0.57979,An toan,An toan,"Nhi?t ?? 30.7?C, ?? ?m 74.4%, Kh? CO th?p (13.8 ppm), M?c ch?y: An to?n","Kh? CH4 (26.7 ppm), LPG (18.2 ppm), CO (13.8 ppm), M?c kh? gas: An to?n",Auto,OFF,OFF,OFF,OFF,
4/11/2025,17:15:07,29.294,71.729,14.23214,24.00941,19.2243,13.35744,16.09901,0.11899,An toan,An toan,"Nhi?t ?? 29.3?C, ?? ?m 71.7%, Kh? CO th?p (13.4 ppm), M?c ch?y: An to?n","Kh? CH4 (24.0 ppm), LPG (19.2 ppm), CO (13.4 ppm), M?c kh? gas: An to?n",Auto,OFF,OFF,OFF,OFF,
4/11/2025,17:16:16,29.205,75.293,14.47512,25.06968,19.25338,14.26595,27.69632,0.54858,An toan,An toan,"Nhi?t ?? 29.2?C, ?? ?m 75.3%, Kh? CO th?p (14.3 ppm), M?c ch?y: An to?n","Kh? CH4 (25.1 ppm), LPG (19.3 ppm), CO (14.3 ppm), M?c kh? gas: An to?n",Auto,OFF,OFF,OFF,OFF,
4/11/2025,17:23:05,30.279,79.596,14.94149,25.00594,17.95283,13.97919,14.02176,0.32481,An toan,An toan,"Nhi?t ?? 30.3?C, ?? ?m 79.6%, Kh? CO th?p (14.0 ppm), M?c ch?y: An to?n","Kh? CH4 (25.0 ppm), LPG (18.0 ppm), CO (14.0 ppm), M?c kh? gas: An to?n",Auto,OFF,OFF,OFF,OFF,
4/11/2025,17:24:32,29.505,76.257,14.29646,24.77929,17.77608,14.84852,24.21661,0.35662,An toan,An toan,"Nhi?t ?? 29.5?C, ?? ?m 76.3%, Kh? CO th?p (14.8 ppm), M?c ch?y: An to?n","Kh? CH4 (24.8 ppm), LPG (17.8 ppm), CO (14.8 ppm), M?c kh? gas: An to?n",Auto,OFF,OFF,OFF,OFF,
4/11/2025,17:27:34,30.702,73.212,14.68606,24.0777,19.63969,14.07881,14.26965,0.13225,An toan,An toan,"Nhi?t ?? 30.7?C, ?? ?m 73.2%, Kh? CO th?p (14.1 ppm), M?c ch?y: An to?n","Kh? CH4 (24.1 ppm), LPG (19.6 ppm), CO (14.1 ppm), M?c kh? gas: An to?n",Auto,OFF,OFF,OFF,OFF,
4/11/2025,17:28:13,30.821,77.03,14.45114,26.88594,19.21007,13.89925,16.10101,0.35344,An toan,An toan,"Nhi?t ?? 30.8?C, ?? ?m 77.0%, Kh? CO th?p (13.9 ppm), M?c ch?y: An to?n","Kh? CH4 (26.9 ppm), LPG (19.2 ppm), CO (13.9 ppm), M?c kh? gas: An to?n",Auto,OFF,OFF,OFF,OFF,
4/11/2025,17:30:17,29.513,79.621,14.62336,25.63617,17.16328,13.82946,19.32012,0.67552,An toan,An toan,"Nhi?t ?? 29.5?C, ?? ?m 79.6%, Kh? CO th?p (13.8 ppm), M?c ch?y: An to?n","Kh? CH4 (25.6 ppm), LPG (17.2 ppm), CO (13.8 ppm), M?c kh? gas: An to?n",Auto,OFF,OFF,OFF,OFF,
4/11/2025,17:36:40,30.497,74.454,14.35344,26.83962,18.15064,13.00835,17.66704,0.10341,An toan,An toan,"Nhi?t ?? 30.5?C, ?? ?m 74.5%, Kh? CO th?p (13.0 ppm), M?c ch?y: An to?n","Kh? CH4 (26.8 ppm), LPG (18.2 ppm), CO (13.0 ppm), M?c kh? gas: An to?n",Auto,OFF,OFF,OFF,OFF,
4/11/2025,17:40:35,30.919,77.445,14.60724,24.31778,18.2173,13.50244,16.22781,0.88017,An toan,An toan,"Nhi?t ?? 30.9?C, ?? ?m 77.4%, Kh? CO th?p (13.5 ppm), M?c ch?y: An to?n","Kh? CH4 (24.3 ppm), LPG (18.2 ppm), CO (13.5 ppm), M?c kh? gas: An to?n",Auto,OFF,OFF,OFF,OFF,
4/11/2025,17:43:09,30.847,72.672,15.08698,26.19803,17.0288,13.98435,22.59594,0.8801,An toan,An toan,"Nhi?t ?? 30.8?C, ?? ?m 72.7%, Kh? CO th?p (14.0 ppm), M?c ch?y: An to?n","Kh? CH4 (26.2 ppm), LPG (17.0 ppm), CO (14.0 ppm), M?c kh? gas: An to?n",Auto,OFF,OFF,OFF,OFF,
4/11/2025,17:44:05,29.44,71.87,15.98174,25.15425,17.64355,14.37395,23.5113,0.17551,An toan,An toan,"Nhi?t ?? 29.4?C, ?? ?m 71.9%, Kh? CO th?p (14.4 ppm), M?c ch?y: An to?n","Kh? CH4 (25.2 ppm), LPG (17.6 ppm), CO (14.4 ppm), M?c kh? gas: An to?n",Auto,OFF,OFF,OFF,OFF,
4/11/2025,17:45:43,29.861,73.027,15.52555,26.48251,18.32667,13.3282,14.87815,0.13908,An toan,An toan,"Nhi?t ?? 29.9?C, ?? ?m 73.0%, Kh? CO th?p (13.3 ppm), M?c ch?y: An to?n","Kh? CH4 (26.5 ppm), LPG (18.3 ppm), CO (13.3 ppm), M?c kh? gas: An to?n",Auto,OFF,OFF,OFF,OFF,
4/11/2025,17:47:34,30.772,74.399,15.87502,26.48825,17.1012,14.0629,12.7221,0.30769,An toan,An toan,"Nhi?t ?? 30.8?C, ?? ?m 74.4%, Kh? CO th?p (14.1 ppm), M?c ch?y: An to?n","Kh? CH4 (26.5 ppm), LPG (17.1 ppm), CO (14.1 ppm), M?c kh? gas: An to?n",Auto,OFF,OFF,OFF,OFF,
4/11/2025,17:49:31,29.757,77.78,15.28416,24.36702,19.1002,13.34973,16.88101,0.50886,An toan,An toan,"Nhi?t ?? 29.8?C, ?? ?m 77.8%, Kh? CO th?p (13.3 ppm), M?c ch?y: An to?n","Kh? CH4 (24.4 ppm), LPG (19.1 ppm), CO (13.3 ppm), M?c kh? gas: An to?n",Auto,OFF,OFF,OFF,OFF,
4/11/2025,17:54:24,30.549,70.894,15.09487,25.31921,17.289,14.76987,23.41527,0.40327,An toan,An toan,"Nhi?t ?? 30.5?C, ?? ?m 70.9%, Kh? CO th?p (14.8 ppm), M?c ch?y: An to?n","Kh? CH4 (25.3 ppm), LPG (17.3 ppm), CO (14.8 ppm), M?c kh? gas: An to?n",Auto,OFF,OFF,OFF,OFF,
4/11/2025,18:01:26,29.915,76.643,14.40391,25.26122,18.15958,13.75438,10.08068,0.35636,An toan,An toan,"Nhi?t ?? 29.9?C, ?? ?m 76.6%, Kh? CO th?p (13.8 ppm), M?c ch?y: An to?n","Kh? CH4 (25.3 ppm), LPG (18.2 ppm), CO (13.8 ppm), M?c kh? gas: An to?n",Auto,OFF,OFF,OFF,OFF,
4/11/2025,18:03:49,30.899,79.602,14.88769,26.53637,18.92649,13.69444,16.86216,0.36958,An toan,An toan,"Nhi?t ?? 30.9?C, ?? ?m 79.6%, Kh? CO th?p (13.7 ppm), M?c ch?y: An to?n","Kh? CH4 (26.5 ppm), LPG (18.9 ppm), CO (13.7 ppm), M?c kh? gas: An to?n",Auto,OFF,OFF,OFF,OFF,
4/11/2025,18:08:39,30.039,75.926,15.71796,26.54424,18.95796,14.87134,11.64302,0.69469,An toan,An toan,"Nhi?t ?? 30.0?C, ?? ?m 75.9%, Kh? CO th?p (14.9 ppm), M?c ch?y: An to?n","Kh? CH4 (26.5 ppm), LPG (19.0 ppm), CO (14.9 ppm), M?c kh? gas: An to?n",Auto,OFF,OFF,OFF,OFF,
4/11/2025,18:09:41,30.287,79.843,14.56112,24.8647,19.27779,13.02311,10.15743,0.58992,An toan,An toan,"Nhi?t ?? 30.3?C, ?? ?m 79.8%, Kh? CO th?p (13.0 ppm), M?c ch?y: An to?n","Kh? CH4 (24.9 ppm), LPG (19.3 ppm), CO (13.0 ppm), M?c kh? gas: An to?n",Auto,OFF,OFF,OFF,OFF,
4/11/2025,18:12:47,30.53,69.466,15.47699,25.99979,18.0027,13.67375,23.70596,0.40943,An toan,An toan,"Nhi?t ?? 30.5?C, ?? ?m 69.5%, Kh? CO th?p (13.7 ppm), M?c ch?y: An to?n","Kh? CH4 (26.0 ppm), LPG (18.0 ppm), CO (13.7 ppm), M?c kh? gas: An to?n",Auto,OFF,OFF,OFF,OFF,
4/11/2025,18:20:18,30.857,71.673,14.23009,26.48572,19.92316,13.93678,22.21072,0.42008,An toan,An toan,"Nhi?t ?? 30.9?C, ?? ?m 71.7%, Kh? CO th?p (13.9 ppm), M?c ch?y: An to?n","Kh? CH4 (26.5 ppm), LPG (19.9 ppm), CO (13.9 ppm), M?c kh? gas: An to?n",Auto,OFF,OFF,OFF,OFF,
4/11/2025,18:26:10,29.103,79.635,15.26375,26.54393,18.15138,14.36899,19.12861,0.73075,An toan,An toan,"Nhi?t ?? 29.1?C, ?? ?m 79.6%, Kh? CO th?p (14.4 ppm), M?c ch?y: An to?n","Kh? CH4 (26.5 ppm), LPG (18.2 ppm), CO (14.4 ppm), M?c kh? gas: An to?n",Auto,OFF,OFF,OFF,OFF,
4/11/2025,18:26:55,29.136,77.481,14.27016,26.21759,18.79906,14.48915,10.63186,0.8247,An toan,An toan,"Nhi?t ?? 29.1?C, ?? ?m 77.5%, Kh? CO th?p (14.5 ppm), M?c ch?y: An to?n","Kh? CH4 (26.2 ppm), LPG (18.8 ppm), CO (14.5 ppm), M?c kh? gas: An to?n",Auto,OFF,OFF,OFF,OFF,
4/11/2025,18:28:43,29.681,70.741,15.13066,24.01203,19.67731,14.24866,17.31405,0.32677,An toan,An toan,"Nhi?t ?? 29.7?C, ?? ?m 70.7%, Kh? CO th?p (14.2 ppm), M?c ch?y: An to?n","Kh? CH4 (24.0 ppm), LPG (19.7 ppm), CO (14.2 ppm), M?c kh? gas: An to?n",Auto,OFF,OFF,OFF,OFF,
4/11/2025,18:35:03,30.16,78.404,14.11825,24.035,17.61163,14.87157,25.70112,0.19755,An toan,An toan,"Nhi?t ?? 30.2?C, ?? ?m 78.4%, Kh? CO th?p (14.9 ppm), M?c ch?y: An to?n","Kh? CH4 (24.0 ppm), LPG (17.6 ppm), CO (14.9 ppm), M?c kh? gas: An to?n",Auto,OFF,OFF,OFF,OFF,
4/11/2025,18:37:04,30.059,79.765,15.68066,25.6276,18.53644,13.20483,14.5912,0.38202,An toan,An toan,"Nhi?t ?? 30.1?C, ?? ?m 79.8%, Kh? CO th?p (13.2 ppm), M?c ch?y: An to?n","Kh? CH4 (25.6 ppm), LPG (18.5 ppm), CO (13.2 ppm), M?c kh? gas: An to?n",Auto,OFF,OFF,OFF,OFF,
4/11/2025,18:37:32,29.253,79.467,14.66621,25.09365,19.09433,13.18509,22.68231,0.20256,An toan,An toan,"Nhi?t ?? 29.3?C, ?? ?m 79.5%, Kh? CO th?p (13.2 ppm), M?c ch?y: An to?n","Kh? CH4 (25.1 ppm), LPG (19.1 ppm), CO (13.2 ppm), M?c kh? gas: An to?n",Auto,OFF,OFF,OFF,OFF,
4/11/2025,18:38:45,30.097,70.887,14.16395,25.77309,18.02937,13.78743,13.72829,0.33485,An toan,An toan,"Nhi?t ?? 30.1?C, ?? ?m 70.9%, Kh? CO th?p (13.8 ppm), M?c ch?y: An to?n","Kh? CH4 (25.8 ppm), LPG (18.0 ppm), CO (13.8 ppm), M?c kh? gas: An to?n",Auto,OFF,OFF,OFF,OFF,
4/11/2025,18:43:11,29.471,79.34,15.75684,26.86706,18.81297,13.82449,17.56913,0.31646,An toan,An toan,"Nhi?t ?? 29.5?C, ?? ?m 79.3%, Kh? CO th?p (13.8 ppm), M?c ch?y: An to?n","Kh? CH4 (26.9 ppm), LPG (18.8 ppm), CO (13.8 ppm), M?c kh? gas: An to?n",Auto,OFF,OFF,OFF,OFF,
4/11/2025,18:45:58,29.116,73.48,14.55881,26.42026,17.90929,13.44668,24.88559,0.75695,An toan,An toan,"Nhi?t ?? 29.1?C, ?? ?m 73.5%, Kh? CO th?p (13.4 ppm), M?c ch?y: An to?n","Kh? CH4 (26.4 ppm), LPG (17.9 ppm), CO (13.4 ppm), M?c kh? gas: An to?n",Auto,OFF,OFF,OFF,OFF,
4/11/2025,18:47:05,29.444,71.255,15.95558,26.74934,19.04418,13.38636,15.95999,0.13068,An toan,An toan,"Nhi?t ?? 29.4?C, ?? ?m 71.3%, Kh? CO th?p (13.4 ppm), M?c ch?y: An to?n","Kh? CH4 (26.7 ppm), LPG (19.0 ppm), CO (13.4 ppm), M?c kh? gas: An to?n",Auto,OFF,OFF,OFF,OFF,
4/11/2025,18:48:08,29.77,72.655,15.00678,24.08476,19.84143,13.9178,29.86944,0.22607,An toan,An toan,"Nhi?t ?? 29.8?C, ?? ?m 72.7%, Kh? CO th?p (13.9 ppm), M?c ch?y: An to?n","Kh? CH4 (24.1 ppm), LPG (19.8 ppm), CO (13.9 ppm), M?c kh? gas: An to?n",Auto,OFF,OFF,OFF,OFF,
4/11/2025,18:53:41,30.876,70.295,15.06231,24.16308,17.77736,14.71503,11.04495,0.41302,An toan,An toan,"Nhi?t ?? 30.9?C, ?? ?m 70.3%, Kh? CO th?p (14.7 ppm), M?c ch?y: An to?n","Kh? CH4 (24.2 ppm), LPG (17.8 ppm), CO (14.7 ppm), M?c kh? gas: An to?n",Auto,OFF,OFF,OFF,OFF,
4/11/2025,18:54:38,29.488,78.495,15.54861,25.66205,19.39175,14.37774,13.90657,0.48303,An toan,An toan,"Nhi?t ?? 29.5?C, ?? ?m 78.5%, Kh? CO th?p (14.4 ppm), M?c ch?y: An to?n","Kh? CH4 (25.7 ppm), LPG (19.4 ppm), CO (14.4 ppm), M?c kh? gas: An to?n",Auto,OFF,OFF,OFF,OFF,
4/11/2025,18:57:37,29.482,71.413,15.15384,26.69788,19.1945,13.52105,14.17807,0.8333,An toan,An toan,"Nhi?t ?? 29.5?C, ?? ?m 71.4%, Kh? CO th?p (13.5 ppm), M?c ch?y: An to?n","Kh? CH4 (26.7 ppm), LPG (19.2 ppm), CO (13.5 ppm), M?c kh? gas: An to?n",Auto,OFF,OFF,OFF,OFF,
4/11/2025,19:01:02,30.835,72.143,14.83951,24.56059,18.07004,14.48791,19.3834,0.66887,An toan,An toan,"Nhi?t ?? 30.8?C, ?? ?m 72.1%, Kh? CO th?p (14.5 ppm), M?c ch?y: An to?n","Kh? CH4 (24.6 ppm), LPG (18.1 ppm), CO (14.5 ppm), M?c kh? gas: An to?n",Auto,OFF,OFF,OFF,OFF,
4/11/2025,19:01:12,30.11,79.307,14.27645,25.85646,18.34446,13.07076,23.41618,0.14412,An toan,An toan,"Nhi?t ?? 30.1?C, ?? ?m 79.3%, Kh? CO th?p (13.1 ppm), M?c ch?y: An to?n","Kh? CH4 (25.9 ppm), LPG (18.3 ppm), CO (13.1 ppm), M?c kh? gas: An to?n",Auto,OFF,OFF,OFF,OFF,
4/11/2025,19:01:37,29.889,73.871,15.29511,25.70254,18.31434,14.61969,21.02777,0.20945,An toan,An toan,"Nhi?t ?? 29.9?C, ?? ?m 73.9%, Kh? CO th?p (14.6 ppm), M?c ch?y: An to?n","Kh? CH4 (25.7 ppm), LPG (18.3 ppm), CO (14.6 ppm), M?c kh? gas: An to?n",Auto,OFF,OFF,OFF,OFF,
4/11/2025,19:04:01,29.421,69.749,15.76803,24.90586,17.56616,14.44525,15.21129,0.10417,An toan,An toan,"Nhi?t ?? 29.4?C, ?? ?m 69.7%, Kh? CO th?p (14.4 ppm), M?c ch?y: An to?n","Kh? CH4 (24.9 ppm), LPG (17.6 ppm), CO (14.4 ppm), M?c kh? gas: An to?n",Auto,OFF,OFF,OFF,OFF,
4/11/2025,19:05:35,29.014,78.223,14.00148,26.5625,18.36788,13.74116,22.07969,0.82512,An toan,An toan,"Nhi?t ?? 29.0?C, ?? ?m 78.2%, Kh? CO th?p (13.7 ppm), M?c ch?y: An to?n","Kh? CH4 (26.6 ppm), LPG (18.4 ppm), CO (13.7 ppm), M?c kh? gas: An to?n",Auto,OFF,OFF,OFF,OFF,
4/11/2025,19:11:25,30.794,77.571,15.81594,25.61134,18.18279,13.74992,12.72897,0.45287,An toan,An toan,"Nhi?t ?? 30.8?C, ?? ?m 77.6%, Kh? CO th?p (13.7 ppm), M?c ch?y: An to?n","Kh? CH4 (25.6 ppm), LPG (18.2 ppm), CO (13.7 ppm), M?c kh? gas: An to?n",Auto,OFF,OFF,OFF,OFF,
4/11/2025,19:11:36,30.015,79.155,15.26874,25.28086,19.85756,14.57894,19.22433,0.53687,An toan,An toan,"Nhi?t ?? 30.0?C, ?? ?m 79.2%, Kh? CO th?p (14.6 ppm), M?c ch?y: An to?n","Kh? CH4 (25.3 ppm), LPG (19.9 ppm), CO (14.6 ppm), M?c kh? gas: An to?n",Auto,OFF,OFF,OFF,OFF,
4/11/2025,19:15:55,29.396,71.314,14.07973,24.42919,17.97814,13.76865,14.04041,0.38612,An toan,An toan,"Nhi?t ?? 29.4?C, ?? ?m 71.3%, Kh? CO th?p (13.8 ppm), M?c ch?y: An to?n","Kh? CH4 (24.4 ppm), LPG (18.0 ppm), CO (13.8 ppm), M?c kh? gas: An to?n",Auto,OFF,OFF,OFF,OFF,
4/11/2025,19:24:12,30.136,79.138,15.24057,24.30672,17.3456,14.43984,24.26294,0.57747,An toan,An toan,"Nhi?t ?? 30.1?C, ?? ?m 79.1%, Kh? CO th?p (14.4 ppm), M?c ch?y: An to?n","Kh? CH4 (24.3 ppm), LPG (17.3 ppm), CO (14.4 ppm), M?c kh? gas: An to?n",Auto,OFF,OFF,OFF,OFF,
4/11/2025,19:34:41,29.645,75.501,14.32148,24.51717,17.4303,13.71524,16.5685,0.85762,An toan,An toan,"Nhi?t ?? 29.6?C, ?? ?m 75.5%, Kh? CO th?p (13.7 ppm), M?c ch?y: An to?n","Kh? CH4 (24.5 ppm), LPG (17.4 ppm), CO (13.7 ppm), M?c kh? gas: An to?n",Auto,OFF,OFF,OFF,OFF,
4/11/2025,19:34:51,30.159,72.828,15.11272,25.94453,18.89753,14.07537,26.2944,0.20291,An toan,An toan,"Nhi?t ?? 30.2?C, ?? ?m 72.8%, Kh? CO th?p (14.1 ppm), M?c ch?y: An to?n","Kh? CH4 (25.9 ppm), LPG (18.9 ppm), CO (14.1 ppm), M?c kh? gas: An to?n",Auto,OFF,OFF,OFF,OFF,
4/11/2025,19:37:19,29.244,70.835,14.17514,26.31163,19.34801,14.3917,26.57376,0.56769,An toan,An toan,"Nhi?t ?? 29.2?C, ?? ?m 70.8%, Kh? CO th?p (14.4 ppm), M?c ch?y: An to?n","Kh? CH4 (26.3 ppm), LPG (19.3 ppm), CO (14.4 ppm), M?c kh? gas: An to?n",Auto,OFF,OFF,OFF,OFF,
4/11/2025,19:38:02,30.912,70.386,15.21864,25.16705,18.08205,14.5747,17.87058,0.95992,An toan,An toan,"Nhi?t ?? 30.9?C, ?? ?m 70.4%, Kh? CO th?p (14.6 ppm), M?c ch?y: An to?n","Kh? CH4 (25.2 ppm), LPG (18.1 ppm), CO (14.6 ppm), M?c kh? gas: An to?n",Auto,OFF,OFF,OFF,OFF,
4/11/2025,19:39:04,30.938,70.666,14.39202,24.55649,18.97599,13.15487,27.08486,0.50854,An toan,An toan,"Nhi?t ?? 30.9?C, ?? ?m 70.7%, Kh? CO th?p (13.2 ppm), M?c ch?y: An to?n","Kh? CH4 (24.6 ppm), LPG (19.0 ppm), CO (13.2 ppm), M?c kh? gas: An to?n",Auto,OFF,OFF,OFF,OFF,
4/11/2025,19:44:31,29.037,74.715,15.79965,25.60317,19.76002,13.38061,28.73418,0.45405,An toan,An toan,"Nhi?t ?? 29.0?C, ?? ?m 74.7%, Kh? CO th?p (13.4 ppm), M?c ch?y: An to?n","Kh? CH4 (25.6 ppm), LPG (19.8 ppm), CO (13.4 ppm), M?c kh? gas: An to?n",Auto,OFF,OFF,OFF,OFF,
4/11/2025,19:46:26,30.911,77.641,14.29078,25.4354,17.50934,14.82311,16.57707,0.75403,An toan,An toan,"Nhi?t ?? 30.9?C, ?? ?m 77.6%, Kh? CO th?p (14.8 ppm), M?c ch?y: An to?n","Kh? CH4 (25.4 ppm), LPG (17.5 ppm), CO (14.8 ppm), M?c kh? gas: An to?n",Auto,OFF,OFF,OFF,OFF,
4/11/2025,19:46:39,29.984,70.189,14.75521,25.61061,18.72155,14.4796,22.98364,0.40613,An toan,An toan,"Nhi?t ?? 30.0?C, ?? ?m 70.2%, Kh? CO th?p (14.5 ppm), M?c ch?y: An to?n","Kh? CH4 (25.6 ppm), LPG (18.7 ppm), CO (14.5 ppm), M?c kh? gas: An to?n",Auto,OFF,OFF,OFF,OFF,
4/11/2025,19:49:44,29.098,69.805,15.53602,24.11533,18.78799,14.01903,13.05353,0.29309,An toan,An toan,"Nhi?t ?? 29.1?C, ?? ?m 69.8%, Kh? CO th?p (14.0 ppm), M?c ch?y: An to?n","Kh? CH4 (24.1 ppm), LPG (18.8 ppm), CO (14.0 ppm), M?c kh? gas: An to?n",Auto,OFF,OFF,OFF,OFF,
4/11/2025,19:52:37,30.633,71.227,14.06462,26.50384,18.45478,14.85372,10.95325,0.95997,An toan,An toan,"Nhi?t ?? 30.6?C, ?? ?m 71.2%, Kh? CO th?p (14.9 ppm), M?c ch?y: An to?n","Kh? CH4 (26.5 ppm), LPG (18.5 ppm), CO (14.9 ppm), M?c kh? gas: An to?n",Auto,OFF,OFF,OFF,OFF,
4/11/2025,19:58:05,30.768,71.971,14.62382,24.17137,18.12885,14.62033,19.14737,0.25713,An toan,An toan,"Nhi?t ?? 30.8?C, ?? ?m 72.0%, Kh? CO th?p (14.6 ppm), M?c ch?y: An to?n","Kh? CH4 (24.2 ppm), LPG (18.1 ppm), CO (14.6 ppm), M?c kh? gas: An to?n",Auto,OFF,OFF,OFF,OFF,
4/11/2025,20:00:35,29.805,73.338,15.42375,24.49848,18.95376,13.27381,17.10949,0.30726,An toan,An toan,"Nhi?t ?? 29.8?C, ?? ?m 73.3%, Kh? CO th?p (13.3 ppm), M?c ch?y: An to?n","Kh? CH4 (24.5 ppm), LPG (19.0 ppm), CO (13.3 ppm), M?c kh? gas: An to?n",Auto,OFF,OFF,OFF,OFF,
4/11/2025,20:05:07,29.096,76.832,15.32764,24.89282,17.96808,14.36164,29.63499,0.62715,An toan,An toan,"Nhi?t ?? 29.1?C, ?? ?m 76.8%, Kh? CO th?p (14.4 ppm), M?c ch?y: An to?n","Kh? CH4 (24.9 ppm), LPG (18.0 ppm), CO (14.4 ppm), M?c kh? gas: An to?n",Auto,OFF,OFF,OFF,OFF,
4/11/2025,20:10:18,29.455,69.324,15.18187,26.61616,19.45259,14.03384,10.2094,0.53977,An toan,An toan,"Nhi?t ?? 29.5?C, ?? ?m 69.3%, Kh? CO th?p (14.0 ppm), M?c ch?y: An to?n","Kh? CH4 (26.6 ppm), LPG (19.5 ppm), CO (14.0 ppm), M?c kh? gas: An to?n",Auto,OFF,OFF,OFF,OFF,
4/11/2025,20:17:33,29.976,73.694,14.13809,25.78125,17.40331,14.40782,20.23073,0.59799,An toan,An toan,"Nhi?t ?? 30.0?C, ?? ?m 73.7%, Kh? CO th?p (14.4 ppm), M?c ch?y: An to?n","Kh? CH4 (25.8 ppm), LPG (17.4 ppm), CO (14.4 ppm), M?c kh? gas: An to?n",Auto,OFF,OFF,OFF,OFF,
4/11/2025,20:17:37,29.421,72.004,15.27366,25.64221,18.08197,13.25788,10.97712,0.15436,An toan,An toan,"Nhi?t ?? 29.4?C, ?? ?m 72.0%, Kh? CO th?p (13.3 ppm), M?c ch?y: An to?n","Kh? CH4 (25.6 ppm), LPG (18.1 ppm), CO (13.3 ppm), M?c kh? gas: An to?n",Auto,OFF,OFF,OFF,OFF,
4/11/2025,20:18:24,29.015,69.947,15.65685,26.62391,17.97197,13.06946,28.04043,0.42192,An toan,An toan,"Nhi?t ?? 29.0?C, ?? ?m 69.9%, Kh? CO th?p (13.1 ppm), M?c ch?y: An to?n","Kh? CH4 (26.6 ppm), LPG (18.0 ppm), CO (13.1 ppm), M?c kh? gas: An to?n",Auto,OFF,OFF,OFF,OFF,
4/11/2025,20:24:54,30.925,77.544,15.14637,24.49116,18.27919,13.90263,20.74351,0.6765,An toan,An toan,"Nhi?t ?? 30.9?C, ?? ?m 77.5%, Kh? CO th?p (13.9 ppm), M?c ch?y: An to?n","Kh? CH4 (24.5 ppm), LPG (18.3 ppm), CO (13.9 ppm), M?c kh? gas: An to?n",Auto,OFF,OFF,OFF,OFF,
4/11/2025,20:26:02,30.355,79.418,14.9672,26.651,17.85492,14.78017,14.06392,0.59407,An toan,An toan,"Nhi?t ?? 30.4?C, ?? ?m 79.4%, Kh? CO th?p (14.8 ppm), M?c ch?y: An to?n","Kh? CH4 (26.7 ppm), LPG (17.9 ppm), CO (14.8 ppm), M?c kh? gas: An to?n",Auto,OFF,OFF,OFF,OFF,
4/11/2025,20:26:15,29.958,71.618,15.90815,25.82544,19.78124,14.32471,27.53077,0.71657,An toan,An toan,"Nhi?t ?? 30.0?C, ?? ?m 71.6%, Kh? CO th?p (14.3 ppm), M?c ch?y: An to?n","Kh? CH4 (25.8 ppm), LPG (19.8 ppm), CO (14.3 ppm), M?c kh? gas: An to?n",Auto,OFF,OFF,OFF,OFF,
4/11/2025,20:33:28,30.904,79.523,15.83615,26.85705,19.20168,13.98534,16.0697,0.19981,An toan,An toan,"Nhi?t ?? 30.9?C, ?? ?m 79.5%, Kh? CO th?p (14.0 ppm), M?c ch?y: An to?n","Kh? CH4 (26.9 ppm), LPG (19.2 ppm), CO (14.0 ppm), M?c kh? gas: An to?n",Auto,OFF,OFF,OFF,OFF,
4/11/2025,20:36:59,30.102,79.169,15.02496,25.11255,19.25706,14.61279,27.4613,0.24087,An toan,An toan,"Nhi?t ?? 30.1?C, ?? ?m 79.2%, Kh? CO th?p (14.6 ppm), M?c ch?y: An to?n","Kh? CH4 (25.1 ppm), LPG (19.3 ppm), CO (14.6 ppm), M?c kh? gas: An to?n",Auto,OFF,OFF,OFF,OFF,
4/11/2025,20:38:55,30.802,75.355,15.12522,25.64095,19.63176,14.52956,12.75806,0.86908,An toan,An toan,"Nhi?t ?? 30.8?C, ?? ?m 75.4%, Kh? CO th?p (14.5 ppm), M?c ch?y: An to?n","Kh? CH4 (25.6 ppm), LPG (19.6 ppm), CO (14.5 ppm), M?c kh? gas: An to?n",Auto,OFF,OFF,OFF,OFF,
4/11/2025,20:40:03,29.798,76.659,15.76548,26.77881,17.51283,14.7723,29.36904,0.6732,An toan,An toan,"Nhi?t ?? 29.8?C, ?? ?m 76.7%, Kh? CO th?p (14.8 ppm), M?c ch?y: An to?n","Kh? CH4 (26.8 ppm), LPG (17.5 ppm), CO (14.8 ppm), M?c kh? gas: An to?n",Auto,OFF,OFF,OFF,OFF,
4/11/2025,20:41:51,30.265,75.335,14.40426,25.56161,19.49791,14.36,27.98145,0.53195,An toan,An toan,"Nhi?t ?? 30.3?C, ?? ?m 75.3%, Kh? CO th?p (14.4 ppm), M?c ch?y: An to?n","Kh? CH4 (25.6 ppm), LPG (19.5 ppm), CO (14.4 ppm), M?c kh? gas: An to?n",Auto,OFF,OFF,OFF,OFF,
4/11/2025,20:42:03,29.803,76.391,14.43298,26.90383,17.60474,14.62145,20.90068,0.33378,An toan,An toan,"Nhi?t ?? 29.8?C, ?? ?m 76.4%, Kh? CO th?p (14.6 ppm), M?c ch?y: An to?n","Kh? CH4 (26.9 ppm), LPG (17.6 ppm), CO (14.6 ppm), M?c kh? gas: An to?n",Auto,OFF,OFF,OFF,OFF,
4/11/2025,20:45:27,29.715,78.593,15.18896,25.8776,17.84516,14.60378,20.19682,0.79344,An toan,An toan,"Nhi?t ?? 29.7?C, ?? ?m 78.6%, Kh? CO th?p (14.6 ppm), M?c ch?y: An to?n","Kh? CH4 (25.9 ppm), LPG (17.8 ppm), CO (14.6 ppm), M?c kh? gas: An to?n",Auto,OFF,OFF,OFF,OFF,
4/11/2025,20:46:58,29.572,76.299,14.76254,24.16076,17.68809,14.50246,14.18064,0.4817,An toan,An toan,"Nhi?t ?? 29.6?C, ?? ?m 76.3%, Kh? CO th?p (14.5 ppm), M?c ch?y: An to?n","Kh? CH4 (24.2 ppm), LPG (17.7 ppm), CO (14.5 ppm), M?c kh? gas: An to?n",Auto,OFF,OFF,OFF,OFF,
4/11/2025,20:49:03,29.123,71.332,14.52771,26.61789,18.57869,14.80975,27.62204,0.371,An toan,An toan,"Nhi?t ?? 29.1?C, ?? ?m 71.3%, Kh? CO th?p (14.8 ppm), M?c ch?y: An to?n","Kh? CH4 (26.6 ppm), LPG (18.6 ppm), CO (14.8 ppm), M?c kh? gas: An to?n",Auto,OFF,OFF,OFF,OFF,
4/11/2025,20:50:31,30.721,71.512,15.8055,25.53897,18.4958,13.19234,18.76014,0.36243,An toan,An toan,"Nhi?t ?? 30.7?C, ?? ?m 71.5%, Kh? CO th?p (13.2 ppm), M?c ch?y: An to?n","Kh? CH4 (25.5 ppm), LPG (18.5 ppm), CO (13.2 ppm), M?c kh? gas: An to?n",Auto,OFF,OFF,OFF,OFF,
4/11/2025,20:59:11,29.919,78.535,15.66622,24.05222,17.98133,14.41983,26.57474,0.83652,An toan,An toan,"Nhi?t ?? 29.9?C, ?? ?m 78.5%, Kh? CO th?p (14.4 ppm), M?c ch?y: An to?n","Kh? CH4 (24.1 ppm), LPG (18.0 ppm), CO (14.4 ppm), M?c kh? gas: An to?n",Auto,OFF,OFF,OFF,OFF,
4/11/2025,21:08:23,29.542,72.94,15.06956,25.71112,19.96287,13.27909,26.04357,0.42972,An toan,An toan,"Nhi?t ?? 29.5?C, ?? ?m 72.9%, Kh? CO th?p (13.3 ppm), M?c ch?y: An to?n","Kh? CH4 (25.7 ppm), LPG (20.0 ppm), CO (13.3 ppm), M?c kh? gas: An to?n",Auto,OFF,OFF,OFF,OFF,
4/11/2025,21:08:53,29.691,79.898,15.00316,25.9043,19.81793,13.88027,28.26774,0.75601,An toan,An toan,"Nhi?t ?? 29.7?C, ?? ?m 79.9%, Kh? CO th?p (13.9 ppm), M?c ch?y: An to?n","Kh? CH4 (25.9 ppm), LPG (19.8 ppm), CO (13.9 ppm), M?c kh? gas: An to?n",Auto,OFF,OFF,OFF,OFF,
4/11/2025,21:11:07,30.439,79.702,14.56082,26.97243,19.96452,13.36059,20.63173,0.15739,An toan,An toan,"Nhi?t ?? 30.4?C, ?? ?m 79.7%, Kh? CO th?p (13.4 ppm), M?c ch?y: An to?n","Kh? CH4 (27.0 ppm), LPG (20.0 ppm), CO (13.4 ppm), M?c kh? gas: An to?n",Auto,OFF,OFF,OFF,OFF,
4/11/2025,21:13:28,30.988,75.845,15.681,25.92797,18.57344,13.92095,12.03362,0.33254,An toan,An toan,"Nhi?t ?? 31.0?C, ?? ?m 75.8%, Kh? CO th?p (13.9 ppm), M?c ch?y: An to?n","Kh? CH4 (25.9 ppm), LPG (18.6 ppm), CO (13.9 ppm), M?c kh? gas: An to?n",Auto,OFF,OFF,OFF,OFF,
4/11/2025,21:15:10,29.46,79.334,15.5323,24.85812,19.86919,14.44041,17.97946,0.84718,An toan,An toan,"Nhi?t ?? 29.5?C, ?? ?m 79.3%, Kh? CO th?p (14.4 ppm), M?c ch?y: An to?n","Kh? CH4 (24.9 ppm), LPG (19.9 ppm), CO (14.4 ppm), M?c kh? gas: An to?n",Auto,OFF,OFF,OFF,OFF,
4/11/2025,21:15:33,30.838,76.738,15.50363,25.39913,17.79448,13.88639,16.62973,0.36562,An toan,An toan,"Nhi?t ?? 30.8?C, ?? ?m 76.7%, Kh? CO th?p (13.9 ppm), M?c ch?y: An to?n","Kh? CH4 (25.4 ppm), LPG (17.8 ppm), CO (13.9 ppm), M?c kh? gas: An to?n",Auto,OFF,OFF,OFF,OFF,
4/11/2025,21:26:05,30.711,75.573,14.12291,24.90867,18.37437,13.64717,18.26553,0.92835,An toan,An toan,"Nhi?t ?? 30.7?C, ?? ?m 75.6%, Kh? CO th?p (13.6 ppm), M?c ch?y: An to?n","Kh? CH4 (24.9 ppm), LPG (18.4 ppm), CO (13.6 ppm), M?c kh? gas: An to?n",Auto,OFF,OFF,OFF,OFF,
4/11/2025,21:28:14,29.527,76.423,15.12959,26.40808,19.64205,14.93892,21.82397,0.38358,An toan,An toan,"Nhi?t ?? 29.5?C, ?? ?m 76.4%, Kh? CO th?p (14.9 ppm), M?c ch?y: An to?n","Kh? CH4 (26.4 ppm), LPG (19.6 ppm), CO (14.9 ppm), M?c kh? gas: An to?n",Auto,OFF,OFF,OFF,OFF,
4/11/2025,21:28:48,29.316,70.653,15.93665,24.92538,19.19929,14.04848,14.81491,0.70941,An toan,An toan,"Nhi?t ?? 29.3?C, ?? ?m 70.7%, Kh? CO th?p (14.0 ppm), M?c ch?y: An to?n","Kh? CH4 (24.9 ppm), LPG (19.2 ppm), CO (14.0 ppm), M?c kh? gas: An to?n",Auto,OFF,OFF,OFF,OFF,
4/11/2025,21:36:42,29.826,70.413,15.17258,25.70657,19.93751,14.92208,19.33364,0.55766,An toan,An toan,"Nhi?t ?? 29.8?C, ?? ?m 70.4%, Kh? CO th?p (14.9 ppm), M?c ch?y: An to?n","Kh? CH4 (25.7 ppm), LPG (19.9 ppm), CO (14.9 ppm), M?c kh? gas: An to?n",Auto,OFF,OFF,OFF,OFF,
4/11/2025,21:36:56,30.788,77.006,14.06425,24.71969,19.69224,13.88559,23.5565,0.81545,An toan,An toan,"Nhi?t ?? 30.8?C, ?? ?m 77.0%, Kh? CO th?p (13.9 ppm), M?c ch?y: An to?n","Kh? CH4 (24.7 ppm), LPG (19.7 ppm), CO (13.9 ppm), M?c kh? gas: An to?n",Auto,OFF,OFF,OFF,OFF,
4/11/2025,21:38:40,29.697,75.76,15.67145,25.78549,19.25201,14.77683,12.79931,0.24088,An toan,An toan,"Nhi?t ?? 29.7?C, ?? ?m 75.8%, Kh? CO th?p (14.8 ppm), M?c ch?y: An to?n","Kh? CH4 (25.8 ppm), LPG (19.3 ppm), CO (14.8 ppm), M?c kh? gas: An to?n",Auto,OFF,OFF,OFF,OFF,
4/11/2025,21:43:30,30.376,75.524,14.39709,25.66402,19.94077,14.75619,10.11244,0.84224,An toan,An toan,"Nhi?t ?? 30.4?C, ?? ?m 75.5%, Kh? CO th?p (14.8 ppm), M?c ch?y: An to?n","Kh? CH4 (25.7 ppm), LPG (19.9 ppm), CO (14.8 ppm), M?c kh? gas: An to?n",Auto,OFF,OFF,OFF,OFF,
4/11/2025,21:43:42,29.309,71.603,15.28338,26.46936,17.25299,14.32206,11.12209,0.41579,An toan,An toan,"Nhi?t ?? 29.3?C, ?? ?m 71.6%, Kh? CO th?p (14.3 ppm), M?c ch?y: An to?n","Kh? CH4 (26.5 ppm), LPG (17.3 ppm), CO (14.3 ppm), M?c kh? gas: An to?n",Auto,OFF,OFF,OFF,OFF,
4/11/2025,21:46:35,30.041,77.593,15.11621,25.54577,18.09541,14.78384,20.77176,0.97276,An toan,An toan,"Nhi?t ?? 30.0?C, ?? ?m 77.6%, Kh? CO th?p (14.8 ppm), M?c ch?y: An to?n","Kh? CH4 (25.5 ppm), LPG (18.1 ppm), CO (14.8 ppm), M?c kh? gas: An to?n",Auto,OFF,OFF,OFF,OFF,
4/11/2025,21:51:22,29.827,77.326,15.64281,24.38059,17.42648,14.15371,19.73657,0.43589,An toan,An toan,"Nhi?t ?? 29.8?C, ?? ?m 77.3%, Kh? CO th?p (14.2 ppm), M?c ch?y: An to?n","Kh? CH4 (24.4 ppm), LPG (17.4 ppm), CO (14.2 ppm), M?c kh? gas: An to?n",Auto,OFF,OFF,OFF,OFF,
4/11/2025,21:51:40,30.626,76.237,15.16583,26.96254,17.97352,13.66896,22.34105,0.91905,An toan,An toan,"Nhi?t ?? 30.6?C, ?? ?m 76.2%, Kh? CO th?p (13.7 ppm), M?c ch?y: An to?n","Kh? CH4 (27.0 ppm), LPG (18.0 ppm), CO (13.7 ppm), M?c kh? gas: An to?n",Auto,OFF,OFF,OFF,OFF,
4/11/2025,21:54:17,30.966,75.322,14.54999,24.62518,19.14202,14.33238,29.63995,0.40408,An toan,An toan,"Nhi?t ?? 31.0?C, ?? ?m 75.3%, Kh? CO th?p (14.3 ppm), M?c ch?y: An to?n","Kh? CH4 (24.6 ppm), LPG (19.1 ppm), CO (14.3 ppm), M?c kh? gas: An to?n",Auto,OFF,OFF,OFF,OFF,
4/11/2025,21:55:05,30.613,73.348,15.46335,25.21844,18.10209,13.52898,20.3799,0.72188,An toan,An toan,"Nhi?t ?? 30.6?C, ?? ?m 73.3%, Kh? CO th?p (13.5 ppm), M?c ch?y: An to?n","Kh? CH4 (25.2 ppm), LPG (18.1 ppm), CO (13.5 ppm), M?c kh? gas: An to?n",Auto,OFF,OFF,OFF,OFF,
4/11/2025,21:56:32,30.726,77.765,14.0239,25.63173,19.57721,14.80867,21.31138,0.46889,An toan,An toan,"Nhi?t ?? 30.7?C, ?? ?m 77.8%, Kh? CO th?p (14.8 ppm), M?c ch?y: An to?n","Kh? CH4 (25.6 ppm), LPG (19.6 ppm), CO (14.8 ppm), M?c kh? gas: An to?n",Auto,OFF,OFF,OFF,OFF,
4/11/2025,22:00:32,29.711,74.476,15.90703,25.59113,17.92224,14.75984,28.99945,0.42805,An toan,An toan,"Nhi?t ?? 29.7?C, ?? ?m 74.5%, Kh? CO th?p (14.8 ppm), M?c ch?y: An to?n","Kh? CH4 (25.6 ppm), LPG (17.9 ppm), CO (14.8 ppm), M?c kh? gas: An to?n",Auto,OFF,OFF,OFF,OFF,
4/11/2025,22:01:49,29.943,69.245,14.56909,24.33986,19.14777,13.09605,22.7028,0.76228,An toan,An toan,"Nhi?t ?? 29.9?C, ?? ?m 69.2%, Kh? CO th?p (13.1 ppm), M?c ch?y: An to?n","Kh? CH4 (24.3 ppm), LPG (19.1 ppm), CO (13.1 ppm), M?c kh? gas: An to?n",Auto,OFF,OFF,OFF,OFF,
4/11/2025,22:05:08,30.372,71.635,14.13684,25.03788,18.38039,14.46202,19.67496,0.45884,An toan,An toan,"Nhi?t ?? 30.4?C, ?? ?m 71.6%, Kh? CO th?p (14.5 ppm), M?c ch?y: An to?n","Kh? CH4 (25.0 ppm), LPG (18.4 ppm), CO (14.5 ppm), M?c kh? gas: An to?n",Auto,OFF,OFF,OFF,OFF,
4/11/2025,22:10:04,29.808,71.277,15.96042,24.54094,18.05204,13.4064,17.64013,0.23663,An toan,An toan,"Nhi?t ?? 29.8?C, ?? ?m 71.3%, Kh? CO th?p (13.4 ppm), M?c ch?y: An to?n","Kh? CH4 (24.5 ppm), LPG (18.1 ppm), CO (13.4 ppm), M?c kh? gas: An to?n",Auto,OFF,OFF,OFF,OFF,
4/11/2025,22:12:20,30.539,79.535,15.7209,25.47811,19.38951,13.74147,25.30524,0.57809,An toan,An toan,"Nhi?t ?? 30.5?C, ?? ?m 79.5%, Kh? CO th?p (13.7 ppm), M?c ch?y: An to?n","Kh? CH4 (25.5 ppm), LPG (19.4 ppm), CO (13.7 ppm), M?c kh? gas: An to?n",Auto,OFF,OFF,OFF,OFF,
4/11/2025,22:14:09,29.374,77.981,15.4236,25.41646,17.41559,14.93564,26.90137,0.59105,An toan,An toan,"Nhi?t ?? 29.4?C, ?? ?m 78.0%, Kh? CO th?p (14.9 ppm), M?c ch?y: An to?n","Kh? CH4 (25.4 ppm), LPG (17.4 ppm), CO (14.9 ppm), M?c kh? gas: An to?n",Auto,OFF,OFF,OFF,OFF,
4/11/2025,22:14:42,29.117,70.734,15.56592,25.3461,17.71257,13.39952,14.87873,0.34847,An toan,An toan,"Nhi?t ?? 29.1?C, ?? ?m 70.7%, Kh? CO th?p (13.4 ppm), M?c ch?y: An to?n","Kh? CH4 (25.3 ppm), LPG (17.7 ppm), CO (13.4 ppm), M?c kh? gas: An to?n",Auto,OFF,OFF,OFF,OFF,
4/11/2025,22:17:43,30.994,75.855,14.6067,25.39647,19.574,14.54082,13.49076,0.9054,An toan,An toan,"Nhi?t ?? 31.0?C, ?? ?m 75.9%, Kh? CO th?p (14.5 ppm), M?c ch?y: An to?n","Kh? CH4 (25.4 ppm), LPG (19.6 ppm), CO (14.5 ppm), M?c kh? gas: An to?n",Auto,OFF,OFF,OFF,OFF,
4/11/2025,22:22:00,29.683,70.823,15.53406,26.57799,17.29189,13.62594,21.92297,0.98538,An toan,An toan,"Nhi?t ?? 29.7?C, ?? ?m 70.8%, Kh? CO th?p (13.6 ppm), M?c ch?y: An to?n","Kh? CH4 (26.6 ppm), LPG (17.3 ppm), CO (13.6 ppm), M?c kh? gas: An to?n",Auto,OFF,OFF,OFF,OFF,
4/11/2025,22:23:45,29.103,77.202,14.37876,24.55887,18.52015,14.39937,25.37629,0.10518,An toan,An toan,"Nhi?t ?? 29.1?C, ?? ?m 77.2%, Kh? CO th?p (14.4 ppm), M?c ch?y: An to?n","Kh? CH4 (24.6 ppm), LPG (18.5 ppm), CO (14.4 ppm), M?c kh? gas: An to?n",Auto,OFF,OFF,OFF,OFF,
4/11/2025,22:24:57,29.914,73.31,15.87885,25.98089,17.93321,13.3991,12.20402,0.85959,An toan,An toan,"Nhi?t ?? 29.9?C, ?? ?m 73.3%, Kh? CO th?p (13.4 ppm), M?c ch?y: An to?n","Kh? CH4 (26.0 ppm), LPG (17.9 ppm), CO (13.4 ppm), M?c kh? gas: An to?n",Auto,OFF,OFF,OFF,OFF,
4/11/2025,22:25:34,29.11,74.278,14.07347,26.96326,19.67411,13.89217,24.02147,0.57033,An toan,An toan,"Nhi?t ?? 29.1?C, ?? ?m 74.3%, Kh? CO th?p (13.9 ppm), M?c ch?y: An to?n","Kh? CH4 (27.0 ppm), LPG (19.7 ppm), CO (13.9 ppm), M?c kh? gas: An to?n",Auto,OFF,OFF,OFF,OFF,
4/11/2025,22:29:09,30.804,70.564,14.5567,26.94128,18.88181,13.6262,24.29776,0.14436,An toan,An toan,"Nhi?t ?? 30.8?C, ?? ?m 70.6%, Kh? CO th?p (13.6 ppm), M?c ch?y: An to?n","Kh? CH4 (26.9 ppm), LPG (18.9 ppm), CO (13.6 ppm), M?c kh? gas: An to?n",Auto,OFF,OFF,OFF,OFF,
4/11/2025,22:36:13,29.47,70.486,14.19316,25.55712,18.11003,14.22058,29.03116,0.46075,An toan,An toan,"Nhi?t ?? 29.5?C, ?? ?m 70.5%, Kh? CO th?p (14.2 ppm), M?c ch?y: An to?n","Kh? CH4 (25.6 ppm), LPG (18.1 ppm), CO (14.2 ppm), M?c kh? gas: An to?n",Auto,OFF,OFF,OFF,OFF,
4/11/2025,22:36:51,30.7,71.681,15.88496,24.55032,18.33148,13.59593,16.93739,0.14331,An toan,An toan,"Nhi?t ?? 30.7?C, ?? ?m 71.7%, Kh? CO th?p (13.6 ppm), M?c ch?y: An to?n","Kh? CH4 (24.6 ppm), LPG (18.3 ppm), CO (13.6 ppm), M?c kh? gas: An to?n",Auto,OFF,OFF,OFF,OFF,
4/11/2025,22:45:48,30.531,76.975,14.8229,24.53703,18.44066,14.58348,12.22629,0.32361,An toan,An toan,"Nhi?t ?? 30.5?C, ?? ?m 77.0%, Kh? CO th?p (14.6 ppm), M?c ch?y: An to?n","Kh? CH4 (24.5 ppm), LPG (18.4 ppm), CO (14.6 ppm), M?c kh? gas: An to?n",Auto,OFF,OFF,OFF,OFF,
4/11/2025,22:47:00,30.38,71.782,14.13556,26.65843,17.57414,14.22884,14.37338,0.38308,An toan,An toan,"Nhi?t ?? 30.4?C, ?? ?m 71.8%, Kh? CO th?p (14.2 ppm), M?c ch?y: An to?n","Kh? CH4 (26.7 ppm), LPG (17.6 ppm), CO (14.2 ppm), M?c kh? gas: An to?n",Auto,OFF,OFF,OFF,OFF,
4/11/2025,22:53:49,29.416,74.585,14.90301,26.8977,18.8906,14.7967,15.03374,0.15079,An toan,An toan,"Nhi?t ?? 29.4?C, ?? ?m 74.6%, Kh? CO th?p (14.8 ppm), M?c ch?y: An to?n","Kh? CH4 (26.9 ppm), LPG (18.9 ppm), CO (14.8 ppm), M?c kh? gas: An to?n",Auto,OFF,OFF,OFF,OFF,
4/11/2025,22:54:03,29.45,71.48,14.80692,26.1667,19.10842,13.84626,29.41521,0.70221,An toan,An toan,"Nhi?t ?? 29.5?C, ?? ?m 71.5%, Kh? CO th?p (13.8 ppm), M?c ch?y: An to?n","Kh? CH4 (26.2 ppm), LPG (19.1 ppm), CO (13.8 ppm), M?c kh? gas: An to?n",Auto,OFF,OFF,OFF,OFF,
4/11/2025,22:57:42,29.094,69.136,14.49821,26.00666,19.90888,14.91769,19.36639,0.98636,An toan,An toan,"Nhi?t ?? 29.1?C, ?? ?m 69.1%, Kh? CO th?p (14.9 ppm), M?c ch?y: An to?n","Kh? CH4 (26.0 ppm), LPG (19.9 ppm), CO (14.9 ppm), M?c kh? gas: An to?n",Auto,OFF,OFF,OFF,OFF,
4/11/2025,23:03:05,30.738,71.901,14.03689,24.82552,18.54557,13.4911,19.22181,0.11215,An toan,An toan,"Nhi?t ?? 30.7?C, ?? ?m 71.9%, Kh? CO th?p (13.5 ppm), M?c ch?y: An to?n","Kh? CH4 (24.8 ppm), LPG (18.5 ppm), CO (13.5 ppm), M?c kh? gas: An to?n",Auto,OFF,OFF,OFF,OFF,
4/11/2025,23:05:24,30.703,72.066,15.23876,24.23261,18.27573,13.0442,28.38805,0.67799,An toan,An toan,"Nhi?t ?? 30.7?C, ?? ?m 72.1%, Kh? CO th?p (13.0 ppm), M?c ch?y: An to?n","Kh? CH4 (24.2 ppm), LPG (18.3 ppm), CO (13.0 ppm), M?c kh? gas: An to?n",Auto,OFF,OFF,OFF,OFF,
4/11/2025,23:09:47,30.86,79.725,14.24664,25.57542,18.93795,13.05367,23.54169,0.34281,An toan,An toan,"Nhi?t ?? 30.9?C, ?? ?m 79.7%, Kh? CO th?p (13.1 ppm), M?c ch?y: An to?n","Kh? CH4 (25.6 ppm), LPG (18.9 ppm), CO (13.1 ppm), M?c kh? gas: An to?n",Auto,OFF,OFF,OFF,OFF,
4/11/2025,23:12:15,30.39,78.578,14.04878,24.31824,17.94626,13.38913,19.13296,0.39557,An toan,An toan,"Nhi?t ?? 30.4?C, ?? ?m 78.6%, Kh? CO th?p (13.4 ppm), M?c ch?y: An to?n","Kh? CH4 (24.3 ppm), LPG (17.9 ppm), CO (13.4 ppm), M?c kh? gas: An to?n",Auto,OFF,OFF,OFF,OFF,
4/11/2025,23:13:55,30.534,69.079,15.43546,26.49366,17.12886,14.08351,28.58187,0.92452,An toan,An toan,"Nhi?t ?? 30.5?C, ?? ?m 69.1%, Kh? CO th?p (14.1 ppm), M?c ch?y: An to?n","Kh? CH4 (26.5 ppm), LPG (17.1 ppm), CO (14.1 ppm), M?c kh? gas: An to?n",Auto,OFF,OFF,OFF,OFF,
4/11/2025,23:15:38,30.124,76.605,14.1553,24.76779,18.11489,14.24572,20.06785,0.46999,An toan,An toan,"Nhi?t ?? 30.1?C, ?? ?m 76.6%, Kh? CO th?p (14.2 ppm), M?c ch?y: An to?n","Kh? CH4 (24.8 ppm), LPG (18.1 ppm), CO (14.2 ppm), M?c kh? gas: An to?n",Auto,OFF,OFF,OFF,OFF,
4/11/2025,23:20:35,30.922,75.572,14.25069,25.32584,19.60995,14.40823,28.84613,0.48477,An toan,An toan,"Nhi?t ?? 30.9?C, ?? ?m 75.6%, Kh? CO th?p (14.4 ppm), M?c ch?y: An to?n","Kh? CH4 (25.3 ppm), LPG (19.6 ppm), CO (14.4 ppm), M?c kh? gas: An to?n",Auto,OFF,OFF,OFF,OFF,
4/11/2025,23:21:56,30.9,76.8,15.82624,24.50169,19.16833,13.65848,21.31067,0.44773,An toan,An toan,"Nhi?t ?? 30.9?C, ?? ?m 76.8%, Kh? CO th?p (13.7 ppm), M?c ch?y: An to?n","Kh? CH4 (24.5 ppm), LPG (19.2 ppm), CO (13.7 ppm), M?c kh? gas: An to?n",Auto,OFF,OFF,OFF,OFF,
4/11/2025,23:25:11,29.318,69.279,15.18409,25.62549,18.92676,13.14651,18.3741,0.71987,An toan,An toan,"Nhi?t ?? 29.3?C, ?? ?m 69.3%, Kh? CO th?p (13.1 ppm), M?c ch?y: An to?n","Kh? CH4 (25.6 ppm), LPG (18.9 ppm), CO (13.1 ppm), M?c kh? gas: An to?n",Auto,OFF,OFF,OFF,OFF,
4/11/2025,23:28:38,30.339,72.273,15.95271,25.27319,17.95935,14.06474,21.68841,0.19183,An toan,An toan,"Nhi?t ?? 30.3?C, ?? ?m 72.3%, Kh? CO th?p (14.1 ppm), M?c ch?y: An to?n","Kh? CH4 (25.3 ppm), LPG (18.0 ppm), CO (14.1 ppm), M?c kh? gas: An to?n",Auto,OFF,OFF,OFF,OFF,
4/11/2025,23:28:45,30.982,79.954,15.32839,26.77425,19.63379,13.88683,16.30225,0.5526,An toan,An toan,"Nhi?t ?? 31.0?C, ?? ?m 80.0%, Kh? CO th?p (13.9 ppm), M?c ch?y: An to?n","Kh? CH4 (26.8 ppm), LPG (19.6 ppm), CO (13.9 ppm), M?c kh? gas: An to?n",Auto,OFF,OFF,OFF,OFF,
4/11/2025,23:29:38,29.69,74.536,14.11926,26.41869,18.35116,13.49166,10.41807,0.45968,An toan,An toan,"Nhi?t ?? 29.7?C, ?? ?m 74.5%, Kh? CO th?p (13.5 ppm), M?c ch?y: An to?n","Kh? CH4 (26.4 ppm), LPG (18.4 ppm), CO (13.5 ppm), M?c kh? gas: An to?n",Auto,OFF,OFF,OFF,OFF,
4/11/2025,23:31:02,29.671,72.461,14.08862,24.75994,17.67473,13.88951,27.7303,0.71858,An toan,An toan,"Nhi?t ?? 29.7?C, ?? ?m 72.5%, Kh? CO th?p (13.9 ppm), M?c ch?y: An to?n","Kh? CH4 (24.8 ppm), LPG (17.7 ppm), CO (13.9 ppm), M?c kh? gas: An to?n",Auto,OFF,OFF,OFF,OFF,
4/11/2025,23:37:54,29.804,73.375,15.32754,24.67443,17.29354,13.37443,29.51314,0.16596,An toan,An toan,"Nhi?t ?? 29.8?C, ?? ?m 73.4%, Kh? CO th?p (13.4 ppm), M?c ch?y: An to?n","Kh? CH4 (24.7 ppm), LPG (17.3 ppm), CO (13.4 ppm), M?c kh? gas: An to?n",Auto,OFF,OFF,OFF,OFF,
4/11/2025,23:39:32,29.372,78.937,14.07427,24.11544,18.39653,13.8732,26.38895,0.68897,An toan,An toan,"Nhi?t ?? 29.4?C, ?? ?m 78.9%, Kh? CO th?p (13.9 ppm), M?c ch?y: An to?n","Kh? CH4 (24.1 ppm), LPG (18.4 ppm), CO (13.9 ppm), M?c kh? gas: An to?n",Auto,OFF,OFF,OFF,OFF,
4/11/2025,23:40:03,30.392,74.595,14.96878,26.92841,18.36353,14.9796,23.15862,0.38035,An toan,An toan,"Nhi?t ?? 30.4?C, ?? ?m 74.6%, Kh? CO th?p (15.0 ppm), M?c ch?y: An to?n","Kh? CH4 (26.9 ppm), LPG (18.4 ppm), CO (15.0 ppm), M?c kh? gas: An to?n",Auto,OFF,OFF,OFF,OFF,
4/11/2025,23:45:39,29.494,70.87,14.11866,25.06101,18.0123,14.75519,21.286,0.58989,An toan,An toan,"Nhi?t ?? 29.5?C, ?? ?m 70.9%, Kh? CO th?p (14.8 ppm), M?c ch?y: An to?n","Kh? CH4 (25.1 ppm), LPG (18.0 ppm), CO (14.8 ppm), M?c kh? gas: An to?n",Auto,OFF,OFF,OFF,OFF,
4/11/2025,23:47:08,29.285,73.479,14.90506,25.53044,18.87242,14.21594,18.06048,0.43454,An toan,An toan,"Nhi?t ?? 29.3?C, ?? ?m 73.5%, Kh? CO th?p (14.2 ppm), M?c ch?y: An to?n","Kh? CH4 (25.5 ppm), LPG (18.9 ppm), CO (14.2 ppm), M?c kh? gas: An to?n",Auto,OFF,OFF,OFF,OFF,
4/11/2025,23:47:11,29.4,72.291,15.50834,26.46407,18.83438,13.34296,10.37602,0.4199,An toan,An toan,"Nhi?t ?? 29.4?C, ?? ?m 72.3%, Kh? CO th?p (13.3 ppm), M?c ch?y: An to?n","Kh? CH4 (26.5 ppm), LPG (18.8 ppm), CO (13.3 ppm), M?c kh? gas: An to?n",Auto,OFF,OFF,OFF,OFF,
4/11/2025,23:59:55,29.181,73.596,14.37134,25.47377,18.79703,14.43178,14.12617,0.43552,An toan,An toan,"Nhi?t ?? 29.2?C, ?? ?m 73.6%, Kh? CO th?p (14.4 ppm), M?c ch?y: An to?n","Kh? CH4 (25.5 ppm), LPG (18.8 ppm), CO (14.4 ppm), M?c kh? gas: An to?n",Auto,OFF,OFF,OFF,OFF,
5/11/2025,0:04:09,30.372,79.086,14.81031,25.03396,18.40813,14.6991,10.6199,0.94458,An toan,An toan,"Nhi?t ?? 30.4?C, ?? ?m 79.1%, Kh? CO th?p (14.7 ppm), M?c ch?y: An to?n","Kh? CH4 (25.0 ppm), LPG (18.4 ppm), CO (14.7 ppm), M?c kh? gas: An to?n",Auto,OFF,OFF,OFF,OFF,
5/11/2025,0:05:45,30.596,69.398,14.56368,26.06752,19.45265,13.53237,22.15072,0.41394,An toan,An toan,"Nhi?t ?? 30.6?C, ?? ?m 69.4%, Kh? CO th?p (13.5 ppm), M?c ch?y: An to?n","Kh? CH4 (26.1 ppm), LPG (19.5 ppm), CO (13.5 ppm), M?c kh? gas: An to?n",Auto,OFF,OFF,OFF,OFF,
5/11/2025,0:08:26,30.357,74.224,15.51438,25.08088,18.76252,13.03916,16.60447,0.65016,An toan,An toan,"Nhi?t ?? 30.4?C, ?? ?m 74.2%, Kh? CO th?p (13.0 ppm), M?c ch?y: An to?n","Kh? CH4 (25.1 ppm), LPG (18.8 ppm), CO (13.0 ppm), M?c kh? gas: An to?n",Auto,OFF,OFF,OFF,OFF,
5/11/2025,0:12:22,29.717,71.464,15.8508,26.40826,18.09529,14.43023,16.56104,0.71727,An toan,An toan,"Nhi?t ?? 29.7?C, ?? ?m 71.5%, Kh? CO th?p (14.4 ppm), M?c ch?y: An to?n","Kh? CH4 (26.4 ppm), LPG (18.1 ppm), CO (14.4 ppm), M?c kh? gas: An to?n",Auto,OFF,OFF,OFF,OFF,
5/11/2025,0:15:24,30.731,69.02,15.84245,26.97236,17.97205,13.06783,20.89666,0.75008,An toan,An toan,"Nhi?t ?? 30.7?C, ?? ?m 69.0%, Kh? CO th?p (13.1 ppm), M?c ch?y: An to?n","Kh? CH4 (27.0 ppm), LPG (18.0 ppm), CO (13.1 ppm), M?c kh? gas: An to?n",Auto,OFF,OFF,OFF,OFF,
5/11/2025,0:16:53,29.378,75.031,14.24034,25.11496,18.36952,14.37661,24.49778,0.32422,An toan,An toan,"Nhi?t ?? 29.4?C, ?? ?m 75.0%, Kh? CO th?p (14.4 ppm), M?c ch?y: An to?n","Kh? CH4 (25.1 ppm), LPG (18.4 ppm), CO (14.4 ppm), M?c kh? gas: An to?n",Auto,OFF,OFF,OFF,OFF,
5/11/2025,0:17:01,30.115,72.137,15.00619,26.74382,19.30948,13.61809,29.40421,0.56177,An toan,An toan,"Nhi?t ?? 30.1?C, ?? ?m 72.1%, Kh? CO th?p (13.6 ppm), M?c ch?y: An to?n","Kh? CH4 (26.7 ppm), LPG (19.3 ppm), CO (13.6 ppm), M?c kh? gas: An to?n",Auto,OFF,OFF,OFF,OFF,
5/11/2025,0:21:11,29.077,74.316,15.73188,24.33973,17.9369,13.935,18.05632,0.6598,An toan,An toan,"Nhi?t ?? 29.1?C, ?? ?m 74.3%, Kh? CO th?p (13.9 ppm), M?c ch?y: An to?n","Kh? CH4 (24.3 ppm), LPG (17.9 ppm), CO (13.9 ppm), M?c kh? gas: An to?n",Auto,OFF,OFF,OFF,OFF,
5/11/2025,0:22:49,30.586,70.362,14.74479,25.5835,19.39069,14.9346,15.81198,0.54205,An toan,An toan,"Nhi?t ?? 30.6?C, ?? ?m 70.4%, Kh? CO th?p (14.9 ppm), M?c ch?y: An to?n","Kh? CH4 (25.6 ppm), LPG (19.4 ppm), CO (14.9 ppm), M?c kh? gas: An to?n",Auto,OFF,OFF,OFF,OFF,
5/11/2025,0:27:46,29.563,73.503,14.68577,26.00238,18.60466,14.5049,20.00828,0.83409,An toan,An toan,"Nhi?t ?? 29.6?C, ?? ?m 73.5%, Kh? CO th?p (14.5 ppm), M?c ch?y: An to?n","Kh? CH4 (26.0 ppm), LPG (18.6 ppm), CO (14.5 ppm), M?c kh? gas: An to?n",Auto,OFF,OFF,OFF,OFF,
5/11/2025,0:28:31,30.219,71.459,14.17568,25.61641,17.20894,13.43417,18.2471,0.32853,An toan,An toan,"Nhi?t ?? 30.2?C, ?? ?m 71.5%, Kh? CO th?p (13.4 ppm), M?c ch?y: An to?n","Kh? CH4 (25.6 ppm), LPG (17.2 ppm), CO (13.4 ppm), M?c kh? gas: An to?n",Auto,OFF,OFF,OFF,OFF,
5/11/2025,0:29:23,30.292,69.818,14.67272,26.09126,17.16817,13.46515,23.58641,0.80095,An toan,An toan,"Nhi?t ?? 30.3?C, ?? ?m 69.8%, Kh? CO th?p (13.5 ppm), M?c ch?y: An to?n","Kh? CH4 (26.1 ppm), LPG (17.2 ppm), CO (13.5 ppm), M?c kh? gas: An to?n",Auto,OFF,OFF,OFF,OFF,
5/11/2025,0:37:12,29.599,72.374,15.54616,25.438,18.22848,13.95168,18.69451,0.38235,An toan,An toan,"Nhi?t ?? 29.6?C, ?? ?m 72.4%, Kh? CO th?p (14.0 ppm), M?c ch?y: An to?n","Kh? CH4 (25.4 ppm), LPG (18.2 ppm), CO (14.0 ppm), M?c kh? gas: An to?n",Auto,OFF,OFF,OFF,OFF,
5/11/2025,0:38:02,30.374,79.617,15.03126,24.84484,18.54083,13.75122,16.44892,0.17103,An toan,An toan,"Nhi?t ?? 30.4?C, ?? ?m 79.6%, Kh? CO th?p (13.8 ppm), M?c ch?y: An to?n","Kh? CH4 (24.8 ppm), LPG (18.5 ppm), CO (13.8 ppm), M?c kh? gas: An to?n",Auto,OFF,OFF,OFF,OFF,
5/11/2025,0:39:52,30.353,70.794,14.31158,25.13556,18.15357,14.13644,21.78681,0.40569,An toan,An toan,"Nhi?t ?? 30.4?C, ?? ?m 70.8%, Kh? CO th?p (14.1 ppm), M?c ch?y: An to?n","Kh? CH4 (25.1 ppm), LPG (18.2 ppm), CO (14.1 ppm), M?c kh? gas: An to?n",Auto,OFF,OFF,OFF,OFF,
5/11/2025,0:41:09,29.3,79.59,15.12907,24.20978,17.13299,13.49048,25.55863,0.38689,An toan,An toan,"Nhi?t ?? 29.3?C, ?? ?m 79.6%, Kh? CO th?p (13.5 ppm), M?c ch?y: An to?n","Kh? CH4 (24.2 ppm), LPG (17.1 ppm), CO (13.5 ppm), M?c kh? gas: An to?n",Auto,OFF,OFF,OFF,OFF,
5/11/2025,0:51:24,29.057,72.555,15.36049,26.47055,17.15104,13.62269,19.92322,0.65745,An toan,An toan,"Nhi?t ?? 29.1?C, ?? ?m 72.6%, Kh? CO th?p (13.6 ppm), M?c ch?y: An to?n","Kh? CH4 (26.5 ppm), LPG (17.2 ppm), CO (13.6 ppm), M?c kh? gas: An to?n",Auto,OFF,OFF,OFF,OFF,
5/11/2025,0:55:20,29.636,75.992,14.65445,24.50354,17.71725,13.27556,21.65074,0.97036,An toan,An toan,"Nhi?t ?? 29.6?C, ?? ?m 76.0%, Kh? CO th?p (13.3 ppm), M?c ch?y: An to?n","Kh? CH4 (24.5 ppm), LPG (17.7 ppm), CO (13.3 ppm), M?c kh? gas: An to?n",Auto,OFF,OFF,OFF,OFF,
5/11/2025,0:56:17,29.432,76.882,15.53318,24.18616,17.16757,14.50536,28.04818,0.60315,An toan,An toan,"Nhi?t ?? 29.4?C, ?? ?m 76.9%, Kh? CO th?p (14.5 ppm), M?c ch?y: An to?n","Kh? CH4 (24.2 ppm), LPG (17.2 ppm), CO (14.5 ppm), M?c kh? gas: An to?n",Auto,OFF,OFF,OFF,OFF,
5/11/2025,0:56:49,30.871,77.657,15.13748,26.71937,18.98414,14.8949,29.52606,0.15544,An toan,An toan,"Nhi?t ?? 30.9?C, ?? ?m 77.7%, Kh? CO th?p (14.9 ppm), M?c ch?y: An to?n","Kh? CH4 (26.7 ppm), LPG (19.0 ppm), CO (14.9 ppm), M?c kh? gas: An to?n",Auto,OFF,OFF,OFF,OFF,
5/11/2025,1:05:45,29.814,74.971,15.79425,26.43632,17.7342,13.35538,14.05092,0.33775,An toan,An toan,"Nhi?t ?? 29.8?C, ?? ?m 75.0%, Kh? CO th?p (13.4 ppm), M?c ch?y: An to?n","Kh? CH4 (26.4 ppm), LPG (17.7 ppm), CO (13.4 ppm), M?c kh? gas: An to?n",Auto,OFF,OFF,OFF,OFF,
5/11/2025,1:10:58,29.118,75.613,14.54717,24.84904,19.15739,13.19894,21.2766,0.1582,An toan,An toan,"Nhi?t ?? 29.1?C, ?? ?m 75.6%, Kh? CO th?p (13.2 ppm), M?c ch?y: An to?n","Kh? CH4 (24.8 ppm), LPG (19.2 ppm), CO (13.2 ppm), M?c kh? gas: An to?n",Auto,OFF,OFF,OFF,OFF,
5/11/2025,1:16:37,30.918,69.071,15.88076,24.96709,17.5924,14.3873,16.8736,0.52506,An toan,An toan,"Nhi?t ?? 30.9?C, ?? ?m 69.1%, Kh? CO th?p (14.4 ppm), M?c ch?y: An to?n","Kh? CH4 (25.0 ppm), LPG (17.6 ppm), CO (14.4 ppm), M?c kh? gas: An to?n",Auto,OFF,OFF,OFF,OFF,
5/11/2025,1:18:21,29.052,69.697,14.27202,26.19724,18.79271,14.89532,28.25232,0.41668,An toan,An toan,"Nhi?t ?? 29.1?C, ?? ?m 69.7%, Kh? CO th?p (14.9 ppm), M?c ch?y: An to?n","Kh? CH4 (26.2 ppm), LPG (18.8 ppm), CO (14.9 ppm), M?c kh? gas: An to?n",Auto,OFF,OFF,OFF,OFF,
5/11/2025,1:19:50,29.066,70.94,14.05284,25.65425,17.34619,14.74924,22.25506,0.29172,An toan,An toan,"Nhi?t ?? 29.1?C, ?? ?m 70.9%, Kh? CO th?p (14.7 ppm), M?c ch?y: An to?n","Kh? CH4 (25.7 ppm), LPG (17.3 ppm), CO (14.7 ppm), M?c kh? gas: An to?n",Auto,OFF,OFF,OFF,OFF,
5/11/2025,1:21:18,29.045,76.834,15.03374,24.30578,18.68939,13.14703,17.64322,0.39863,An toan,An toan,"Nhi?t ?? 29.0?C, ?? ?m 76.8%, Kh? CO th?p (13.1 ppm), M?c ch?y: An to?n","Kh? CH4 (24.3 ppm), LPG (18.7 ppm), CO (13.1 ppm), M?c kh? gas: An to?n",Auto,OFF,OFF,OFF,OFF,
5/11/2025,1:24:05,30.903,77.118,14.78423,25.20426,19.1544,13.60023,26.07818,0.7948,An toan,An toan,"Nhi?t ?? 30.9?C, ?? ?m 77.1%, Kh? CO th?p (13.6 ppm), M?c ch?y: An to?n","Kh? CH4 (25.2 ppm), LPG (19.2 ppm), CO (13.6 ppm), M?c kh? gas: An to?n",Auto,OFF,OFF,OFF,OFF,
5/11/2025,1:26:21,30.13,78.343,14.70112,24.20339,17.08718,13.97035,13.3908,0.7095,An toan,An toan,"Nhi?t ?? 30.1?C, ?? ?m 78.3%, Kh? CO th?p (14.0 ppm), M?c ch?y: An to?n","Kh? CH4 (24.2 ppm), LPG (17.1 ppm), CO (14.0 ppm), M?c kh? gas: An to?n",Auto,OFF,OFF,OFF,OFF,
5/11/2025,1:29:49,29.16,71.823,15.09925,24.39694,17.20245,14.27197,27.10091,0.75613,An toan,An toan,"Nhi?t ?? 29.2?C, ?? ?m 71.8%, Kh? CO th?p (14.3 ppm), M?c ch?y: An to?n","Kh? CH4 (24.4 ppm), LPG (17.2 ppm), CO (14.3 ppm), M?c kh? gas: An to?n",Auto,OFF,OFF,OFF,OFF,
5/11/2025,1:30:08,29.901,75.821,14.54639,26.47187,19.95377,13.42953,15.53374,0.59158,An toan,An toan,"Nhi?t ?? 29.9?C, ?? ?m 75.8%, Kh? CO th?p (13.4 ppm), M?c ch?y: An to?n","Kh? CH4 (26.5 ppm), LPG (20.0 ppm), CO (13.4 ppm), M?c kh? gas: An to?n",Auto,OFF,OFF,OFF,OFF,
5/11/2025,1:33:50,29.379,78.162,15.74243,26.02414,17.69497,13.92247,23.28819,0.93488,An toan,An toan,"Nhi?t ?? 29.4?C, ?? ?m 78.2%, Kh? CO th?p (13.9 ppm), M?c ch?y: An to?n","Kh? CH4 (26.0 ppm), LPG (17.7 ppm), CO (13.9 ppm), M?c kh? gas: An to?n",Auto,OFF,OFF,OFF,OFF,
5/11/2025,1:37:08,30.553,78.53,14.32354,24.60488,18.03521,14.27252,20.60354,0.10319,An toan,An toan,"Nhi?t ?? 30.6?C, ?? ?m 78.5%, Kh? CO th?p (14.3 ppm), M?c ch?y: An to?n","Kh? CH4 (24.6 ppm), LPG (18.0 ppm), CO (14.3 ppm), M?c kh? gas: An to?n",Auto,OFF,OFF,OFF,OFF,
5/11/2025,1:37:35,29.995,75.734,14.79261,25.42933,18.13034,14.55539,16.41265,0.19533,An toan,An toan,"Nhi?t ?? 30.0?C, ?? ?m 75.7%, Kh? CO th?p (14.6 ppm), M?c ch?y: An to?n","Kh? CH4 (25.4 ppm), LPG (18.1 ppm), CO (14.6 ppm), M?c kh? gas: An to?n",Auto,OFF,OFF,OFF,OFF,
5/11/2025,1:38:55,29.45,70.584,15.65336,24.20804,19.10602,14.46296,28.23723,0.80115,An toan,An toan,"Nhi?t ?? 29.4?C, ?? ?m 70.6%, Kh? CO th?p (14.5 ppm), M?c ch?y: An to?n","Kh? CH4 (24.2 ppm), LPG (19.1 ppm), CO (14.5 ppm), M?c kh? gas: An to?n",Auto,OFF,OFF,OFF,OFF,
5/11/2025,1:49:38,30.462,79.656,15.27703,25.29796,19.19086,13.83848,20.16624,0.74403,An toan,An toan,"Nhi?t ?? 30.5?C, ?? ?m 79.7%, Kh? CO th?p (13.8 ppm), M?c ch?y: An to?n","Kh? CH4 (25.3 ppm), LPG (19.2 ppm), CO (13.8 ppm), M?c kh? gas: An to?n",Auto,OFF,OFF,OFF,OFF,
5/11/2025,1:49:38,29.549,69.533,15.16907,24.74631,19.1999,13.61069,27.17247,0.396,An toan,An toan,"Nhi?t ?? 29.5?C, ?? ?m 69.5%, Kh? CO th?p (13.6 ppm), M?c ch?y: An to?n","Kh? CH4 (24.7 ppm), LPG (19.2 ppm), CO (13.6 ppm), M?c kh? gas: An to?n",Auto,OFF,OFF,OFF,OFF,
5/11/2025,1:51:12,29.115,70.261,15.5386,25.80871,17.44721,14.65419,16.78371,0.39466,An toan,An toan,"Nhi?t ?? 29.1?C, ?? ?m 70.3%, Kh? CO th?p (14.7 ppm), M?c ch?y: An to?n","Kh? CH4 (25.8 ppm), LPG (17.4 ppm), CO (14.7 ppm), M?c kh? gas: An to?n",Auto,OFF,OFF,OFF,OFF,
5/11/2025,1:54:50,30.417,71.941,15.35154,24.91225,19.13018,14.55472,12.78401,0.81341,An toan,An toan,"Nhi?t ?? 30.4?C, ?? ?m 71.9%, Kh? CO th?p (14.6 ppm), M?c ch?y: An to?n","Kh? CH4 (24.9 ppm), LPG (19.1 ppm), CO (14.6 ppm), M?c kh? gas: An to?n",Auto,OFF,OFF,OFF,OFF,
5/11/2025,1:58:42,30.844,77.034,14.36713,25.28525,19.77405,14.90785,26.57347,0.45119,An toan,An toan,"Nhi?t ?? 30.8?C, ?? ?m 77.0%, Kh? CO th?p (14.9 ppm), M?c ch?y: An to?n","Kh? CH4 (25.3 ppm), LPG (19.8 ppm), CO (14.9 ppm), M?c kh? gas: An to?n",Auto,OFF,OFF,OFF,OFF,
5/11/2025,1:59:42,30.582,70.983,15.98445,26.43245,17.38444,13.2105,14.95233,0.24663,An toan,An toan,"Nhi?t ?? 30.6?C, ?? ?m 71.0%, Kh? CO th?p (13.2 ppm), M?c ch?y: An to?n","Kh? CH4 (26.4 ppm), LPG (17.4 ppm), CO (13.2 ppm), M?c kh? gas: An to?n",Auto,OFF,OFF,OFF,OFF,
5/11/2025,2:06:02,29.77,73.325,14.89485,24.93196,19.29837,13.36992,28.37423,0.28335,An toan,An toan,"Nhi?t ?? 29.8?C, ?? ?m 73.3%, Kh? CO th?p (13.4 ppm), M?c ch?y: An to?n","Kh? CH4 (24.9 ppm), LPG (19.3 ppm), CO (13.4 ppm), M?c kh? gas: An to?n",Auto,OFF,OFF,OFF,OFF,
5/11/2025,2:08:22,29.94,77.58,15.52463,25.91527,19.82183,13.94234,28.04321,0.79896,An toan,An toan,"Nhi?t ?? 29.9?C, ?? ?m 77.6%, Kh? CO th?p (13.9 ppm), M?c ch?y: An to?n","Kh? CH4 (25.9 ppm), LPG (19.8 ppm), CO (13.9 ppm), M?c kh? gas: An to?n",Auto,OFF,OFF,OFF,OFF,
5/11/2025,2:08:33,29.192,78.774,15.86492,26.4748,19.10886,13.92383,18.57014,0.62102,An toan,An toan,"Nhi?t ?? 29.2?C, ?? ?m 78.8%, Kh? CO th?p (13.9 ppm), M?c ch?y: An to?n","Kh? CH4 (26.5 ppm), LPG (19.1 ppm), CO (13.9 ppm), M?c kh? gas: An to?n",Auto,OFF,OFF,OFF,OFF,
5/11/2025,2:15:14,29.394,76.071,15.55486,26.63431,18.20396,13.83414,11.64411,0.18911,An toan,An toan,"Nhi?t ?? 29.4?C, ?? ?m 76.1%, Kh? CO th?p (13.8 ppm), M?c ch?y: An to?n","Kh? CH4 (26.6 ppm), LPG (18.2 ppm), CO (13.8 ppm), M?c kh? gas: An to?n",Auto,OFF,OFF,OFF,OFF,
5/11/2025,2:16:24,29.746,79.329,14.36634,24.2547,18.64165,14.62606,21.87296,0.53563,An toan,An toan,"Nhi?t ?? 29.7?C, ?? ?m 79.3%, Kh? CO th?p (14.6 ppm), M?c ch?y: An to?n","Kh? CH4 (24.3 ppm), LPG (18.6 ppm), CO (14.6 ppm), M?c kh? gas: An to?n",Auto,OFF,OFF,OFF,OFF,
5/11/2025,2:19:27,29.321,77.287,14.12978,25.46772,18.20185,13.16609,19.42041,0.4229,An toan,An toan,"Nhi?t ?? 29.3?C, ?? ?m 77.3%, Kh? CO th?p (13.2 ppm), M?c ch?y: An to?n","Kh? CH4 (25.5 ppm), LPG (18.2 ppm), CO (13.2 ppm), M?c kh? gas: An to?n",Auto,OFF,OFF,OFF,OFF,
5/11/2025,2:20:12,30.746,75.206,15.78307,24.37682,19.92248,14.93373,14.96747,0.82881,An toan,An toan,"Nhi?t ?? 30.7?C, ?? ?m 75.2%, Kh? CO th?p (14.9 ppm), M?c ch?y: An to?n","Kh? CH4 (24.4 ppm), LPG (19.9 ppm), CO (14.9 ppm), M?c kh? gas: An to?n",Auto,OFF,OFF,OFF,OFF,
5/11/2025,2:20:46,30.087,75.139,15.67089,24.97237,17.53586,13.56893,10.76635,0.35565,An toan,An toan,"Nhi?t ?? 30.1?C, ?? ?m 75.1%, Kh? CO th?p (13.6 ppm), M?c ch?y: An to?n","Kh? CH4 (25.0 ppm), LPG (17.5 ppm), CO (13.6 ppm), M?c kh? gas: An to?n",Auto,OFF,OFF,OFF,OFF,
5/11/2025,2:20:52,30.684,71.08,14.84424,24.96957,19.89403,14.62258,27.91367,0.30519,An toan,An toan,"Nhi?t ?? 30.7?C, ?? ?m 71.1%, Kh? CO th?p (14.6 ppm), M?c ch?y: An to?n","Kh? CH4 (25.0 ppm), LPG (19.9 ppm), CO (14.6 ppm), M?c kh? gas: An to?n",Auto,OFF,OFF,OFF,OFF,
5/11/2025,2:29:45,30.916,70.862,15.15217,26.01382,19.73255,14.69516,17.82173,0.91825,An toan,An toan,"Nhi?t ?? 30.9?C, ?? ?m 70.9%, Kh? CO th?p (14.7 ppm), M?c ch?y: An to?n","Kh? CH4 (26.0 ppm), LPG (19.7 ppm), CO (14.7 ppm), M?c kh? gas: An to?n",Auto,OFF,OFF,OFF,OFF,
5/11/2025,2:32:37,29.197,79.35,15.10217,24.41272,19.72288,14.96092,10.70386,0.53897,An toan,An toan,"Nhi?t ?? 29.2?C, ?? ?m 79.4%, Kh? CO th?p (15.0 ppm), M?c ch?y: An to?n","Kh? CH4 (24.4 ppm), LPG (19.7 ppm), CO (15.0 ppm), M?c kh? gas: An to?n",Auto,OFF,OFF,OFF,OFF,
5/11/2025,2:35:33,29.087,72.68,14.19126,26.47935,17.96002,13.64844,20.46316,0.44467,An toan,An toan,"Nhi?t ?? 29.1?C, ?? ?m 72.7%, Kh? CO th?p (13.6 ppm), M?c ch?y: An to?n","Kh? CH4 (26.5 ppm), LPG (18.0 ppm), CO (13.6 ppm), M?c kh? gas: An to?n",Auto,OFF,OFF,OFF,OFF,
5/11/2025,2:40:40,29.557,70.374,15.70065,26.53286,19.0397,14.06086,17.40638,0.477,An toan,An toan,"Nhi?t ?? 29.6?C, ?? ?m 70.4%, Kh? CO th?p (14.1 ppm), M?c ch?y: An to?n","Kh? CH4 (26.5 ppm), LPG (19.0 ppm), CO (14.1 ppm), M?c kh? gas: An to?n",Auto,OFF,OFF,OFF,OFF,
5/11/2025,2:41:10,30.766,76.089,14.50548,26.52182,17.0853,13.92155,29.24356,0.59034,An toan,An toan,"Nhi?t ?? 30.8?C, ?? ?m 76.1%, Kh? CO th?p (13.9 ppm), M?c ch?y: An to?n","Kh? CH4 (26.5 ppm), LPG (17.1 ppm), CO (13.9 ppm), M?c kh? gas: An to?n",Auto,OFF,OFF,OFF,OFF,
5/11/2025,2:41:37,29.752,77.966,15.4957,24.18749,18.54528,13.04033,10.51454,0.77041,An toan,An toan,"Nhi?t ?? 29.8?C, ?? ?m 78.0%, Kh? CO th?p (13.0 ppm), M?c ch?y: An to?n","Kh? CH4 (24.2 ppm), LPG (18.5 ppm), CO (13.0 ppm), M?c kh? gas: An to?n",Auto,OFF,OFF,OFF,OFF,
5/11/2025,2:47:32,30.459,77.028,15.57852,25.63852,17.61914,13.4473,18.90576,0.87441,An toan,An toan,"Nhi?t ?? 30.5?C, ?? ?m 77.0%, Kh? CO th?p (13.4 ppm), M?c ch?y: An to?n","Kh? CH4 (25.6 ppm), LPG (17.6 ppm), CO (13.4 ppm), M?c kh? gas: An to?n",Auto,OFF,OFF,OFF,OFF,
5/11/2025,2:48:24,29.993,73.68,15.4437,25.53763,17.67616,13.9633,28.52078,0.69204,An toan,An toan,"Nhi?t ?? 30.0?C, ?? ?m 73.7%, Kh? CO th?p (14.0 ppm), M?c ch?y: An to?n","Kh? CH4 (25.5 ppm), LPG (17.7 ppm), CO (14.0 ppm), M?c kh? gas: An to?n",Auto,OFF,OFF,OFF,OFF,
5/11/2025,2:52:54,30.227,78.731,15.80437,25.40147,19.64306,13.48763,15.56206,0.5423,An toan,An toan,"Nhi?t ?? 30.2?C, ?? ?m 78.7%, Kh? CO th?p (13.5 ppm), M?c ch?y: An to?n","Kh? CH4 (25.4 ppm), LPG (19.6 ppm), CO (13.5 ppm), M?c kh? gas: An to?n",Auto,OFF,OFF,OFF,OFF,
5/11/2025,2:53:39,29.879,72.576,14.40023,24.33715,19.82279,13.52401,12.41556,0.39464,An toan,An toan,"Nhi?t ?? 29.9?C, ?? ?m 72.6%, Kh? CO th?p (13.5 ppm), M?c ch?y: An to?n","Kh? CH4 (24.3 ppm), LPG (19.8 ppm), CO (13.5 ppm), M?c kh? gas: An to?n",Auto,OFF,OFF,OFF,OFF,
5/11/2025,2:57:14,29.769,78.914,15.15581,25.40832,19.50438,14.28471,23.86596,0.35673,An toan,An toan,"Nhi?t ?? 29.8?C, ?? ?m 78.9%, Kh? CO th?p (14.3 ppm), M?c ch?y: An to?n","Kh? CH4 (25.4 ppm), LPG (19.5 ppm), CO (14.3 ppm), M?c kh? gas: An to?n",Auto,OFF,OFF,OFF,OFF,
5/11/2025,3:01:04,30.247,73.706,15.7242,25.84279,19.32472,13.95318,18.88834,0.55352,An toan,An toan,"Nhi?t ?? 30.2?C, ?? ?m 73.7%, Kh? CO th?p (14.0 ppm), M?c ch?y: An to?n","Kh? CH4 (25.8 ppm), LPG (19.3 ppm), CO (14.0 ppm), M?c kh? gas: An to?n",Auto,OFF,OFF,OFF,OFF,
5/11/2025,3:06:49,29.278,73.219,15.23184,25.15509,18.04281,13.37589,15.89444,0.272,An toan,An toan,"Nhi?t ?? 29.3?C, ?? ?m 73.2%, Kh? CO th?p (13.4 ppm), M?c ch?y: An to?n","Kh? CH4 (25.2 ppm), LPG (18.0 ppm), CO (13.4 ppm), M?c kh? gas: An to?n",Auto,OFF,OFF,OFF,OFF,
5/11/2025,3:12:40,29.972,75.314,14.84302,24.82543,19.21206,13.2794,16.27684,0.44207,An toan,An toan,"Nhi?t ?? 30.0?C, ?? ?m 75.3%, Kh? CO th?p (13.3 ppm), M?c ch?y: An to?n","Kh? CH4 (24.8 ppm), LPG (19.2 ppm), CO (13.3 ppm), M?c kh? gas: An to?n",Auto,OFF,OFF,OFF,OFF,
5/11/2025,3:13:32,30.147,71.552,15.19386,26.73671,18.67105,13.76297,18.87943,0.20983,An toan,An toan,"Nhi?t ?? 30.1?C, ?? ?m 71.6%, Kh? CO th?p (13.8 ppm), M?c ch?y: An to?n","Kh? CH4 (26.7 ppm), LPG (18.7 ppm), CO (13.8 ppm), M?c kh? gas: An to?n",Auto,OFF,OFF,OFF,OFF,
5/11/2025,3:15:35,29.986,75.835,15.65983,26.65198,19.41526,14.99794,13.06736,0.99276,An toan,An toan,"Nhi?t ?? 30.0?C, ?? ?m 75.8%, Kh? CO th?p (15.0 ppm), M?c ch?y: An to?n","Kh? CH4 (26.7 ppm), LPG (19.4 ppm), CO (15.0 ppm), M?c kh? gas: An to?n",Auto,OFF,OFF,OFF,OFF,
5/11/2025,3:18:47,30.712,69.848,15.93401,24.2848,18.78403,14.85282,15.51739,0.19797,An toan,An toan,"Nhi?t ?? 30.7?C, ?? ?m 69.8%, Kh? CO th?p (14.9 ppm), M?c ch?y: An to?n","Kh? CH4 (24.3 ppm), LPG (18.8 ppm), CO (14.9 ppm), M?c kh? gas: An to?n",Auto,OFF,OFF,OFF,OFF,
5/11/2025,3:24:04,29.6,79.267,15.71864,24.64451,18.70375,13.10252,12.08727,0.13533,An toan,An toan,"Nhi?t ?? 29.6?C, ?? ?m 79.3%, Kh? CO th?p (13.1 ppm), M?c ch?y: An to?n","Kh? CH4 (24.6 ppm), LPG (18.7 ppm), CO (13.1 ppm), M?c kh? gas: An to?n",Auto,OFF,OFF,OFF,OFF,
5/11/2025,3:25:17,30.958,72.062,15.42881,24.59085,17.17939,13.23963,15.43827,0.32604,An toan,An toan,"Nhi?t ?? 31.0?C, ?? ?m 72.1%, Kh? CO th?p (13.2 ppm), M?c ch?y: An to?n","Kh? CH4 (24.6 ppm), LPG (17.2 ppm), CO (13.2 ppm), M?c kh? gas: An to?n",Auto,OFF,OFF,OFF,OFF,
5/11/2025,3:31:16,29.648,77.37,15.1491,25.88927,17.26181,14.98913,16.51462,0.28724,An toan,An toan,"Nhi?t ?? 29.6?C, ?? ?m 77.4%, Kh? CO th?p (15.0 ppm), M?c ch?y: An to?n","Kh? CH4 (25.9 ppm), LPG (17.3 ppm), CO (15.0 ppm), M?c kh? gas: An to?n",Auto,OFF,OFF,OFF,OFF,
5/11/2025,3:32:43,30.028,76.948,14.13271,25.60925,19.33138,14.16876,22.22458,0.45832,An toan,An toan,"Nhi?t ?? 30.0?C, ?? ?m 76.9%, Kh? CO th?p (14.2 ppm), M?c ch?y: An to?n","Kh? CH4 (25.6 ppm), LPG (19.3 ppm), CO (14.2 ppm), M?c kh? gas: An to?n",Auto,OFF,OFF,OFF,OFF,
5/11/2025,3:35:53,30.051,73.463,14.39259,24.47184,19.11715,13.26613,28.25838,0.93044,An toan,An toan,"Nhi?t ?? 30.1?C, ?? ?m 73.5%, Kh? CO th?p (13.3 ppm), M?c ch?y: An to?n","Kh? CH4 (24.5 ppm), LPG (19.1 ppm), CO (13.3 ppm), M?c kh? gas: An to?n",Auto,OFF,OFF,OFF,OFF,
5/11/2025,3:37:18,29.201,69.157,15.39011,26.62523,17.21229,14.45968,20.52463,0.3437,An toan,An toan,"Nhi?t ?? 29.2?C, ?? ?m 69.2%, Kh? CO th?p (14.5 ppm), M?c ch?y: An to?n","Kh? CH4 (26.6 ppm), LPG (17.2 ppm), CO (14.5 ppm), M?c kh? gas: An to?n",Auto,OFF,OFF,OFF,OFF,
5/11/2025,3:38:49,30.745,75.001,14.42298,24.48297,19.75887,14.1702,19.27284,0.50876,An toan,An toan,"Nhi?t ?? 30.7?C, ?? ?m 75.0%, Kh? CO th?p (14.2 ppm), M?c ch?y: An to?n","Kh? CH4 (24.5 ppm), LPG (19.8 ppm), CO (14.2 ppm), M?c kh? gas: An to?n",Auto,OFF,OFF,OFF,OFF,
5/11/2025,3:42:48,30.12,73.665,14.84725,25.12581,17.25678,14.37237,29.59317,0.80789,An toan,An toan,"Nhi?t ?? 30.1?C, ?? ?m 73.7%, Kh? CO th?p (14.4 ppm), M?c ch?y: An to?n","Kh? CH4 (25.1 ppm), LPG (17.3 ppm), CO (14.4 ppm), M?c kh? gas: An to?n",Auto,OFF,OFF,OFF,OFF,
5/11/2025,3:52:30,29.533,73.523,14.39352,24.64954,18.66668,13.05703,21.34927,0.22473,An toan,An toan,"Nhi?t ?? 29.5?C, ?? ?m 73.5%, Kh? CO th?p (13.1 ppm), M?c ch?y: An to?n","Kh? CH4 (24.6 ppm), LPG (18.7 ppm), CO (13.1 ppm), M?c kh? gas: An to?n",Auto,OFF,OFF,OFF,OFF,
5/11/2025,3:53:31,29.944,73.167,14.22691,26.08147,18.6393,14.61523,23.80552,0.67126,An toan,An toan,"Nhi?t ?? 29.9?C, ?? ?m 73.2%, Kh? CO th?p (14.6 ppm), M?c ch?y: An to?n","Kh? CH4 (26.1 ppm), LPG (18.6 ppm), CO (14.6 ppm), M?c kh? gas: An to?n",Auto,OFF,OFF,OFF,OFF,
5/11/2025,3:53:37,29.737,74.628,15.61864,24.55886,19.2758,13.83078,27.85653,0.64478,An toan,An toan,"Nhi?t ?? 29.7?C, ?? ?m 74.6%, Kh? CO th?p (13.8 ppm), M?c ch?y: An to?n","Kh? CH4 (24.6 ppm), LPG (19.3 ppm), CO (13.8 ppm), M?c kh? gas: An to?n",Auto,OFF,OFF,OFF,OFF,
5/11/2025,3:54:26,30.504,77.334,14.00399,25.13613,18.80506,13.7943,15.65184,0.55885,An toan,An toan,"Nhi?t ?? 30.5?C, ?? ?m 77.3%, Kh? CO th?p (13.8 ppm), M?c ch?y: An to?n","Kh? CH4 (25.1 ppm), LPG (18.8 ppm), CO (13.8 ppm), M?c kh? gas: An to?n",Auto,OFF,OFF,OFF,OFF,
5/11/2025,3:55:43,30.524,71.405,15.47649,25.81644,19.56715,13.3546,22.88528,0.30465,An toan,An toan,"Nhi?t ?? 30.5?C, ?? ?m 71.4%, Kh? CO th?p (13.4 ppm), M?c ch?y: An to?n","Kh? CH4 (25.8 ppm), LPG (19.6 ppm), CO (13.4 ppm), M?c kh? gas: An to?n",Auto,OFF,OFF,OFF,OFF,
5/11/2025,3:59:26,30.326,79.617,15.41915,25.8724,17.0606,13.09755,10.71539,0.60787,An toan,An toan,"Nhi?t ?? 30.3?C, ?? ?m 79.6%, Kh? CO th?p (13.1 ppm), M?c ch?y: An to?n","Kh? CH4 (25.9 ppm), LPG (17.1 ppm), CO (13.1 ppm), M?c kh? gas: An to?n",Auto,OFF,OFF,OFF,OFF,
5/11/2025,4:02:08,29.778,74.904,14.14161,24.79257,17.71457,14.27447,24.95626,0.95256,An toan,An toan,"Nhi?t ?? 29.8?C, ?? ?m 74.9%, Kh? CO th?p (14.3 ppm), M?c ch?y: An to?n","Kh? CH4 (24.8 ppm), LPG (17.7 ppm), CO (14.3 ppm), M?c kh? gas: An to?n",Auto,OFF,OFF,OFF,OFF,
5/11/2025,4:09:48,29.585,79.054,15.30689,26.91321,19.97241,14.52721,14.58924,0.29749,An toan,An toan,"Nhi?t ?? 29.6?C, ?? ?m 79.1%, Kh? CO th?p (14.5 ppm), M?c ch?y: An to?n","Kh? CH4 (26.9 ppm), LPG (20.0 ppm), CO (14.5 ppm), M?c kh? gas: An to?n",Auto,OFF,OFF,OFF,OFF,
5/11/2025,4:14:05,30.832,77.502,14.38451,25.31445,17.3899,14.62768,25.9799,0.98483,An toan,An toan,"Nhi?t ?? 30.8?C, ?? ?m 77.5%, Kh? CO th?p (14.6 ppm), M?c ch?y: An to?n","Kh? CH4 (25.3 ppm), LPG (17.4 ppm), CO (14.6 ppm), M?c kh? gas: An to?n",Auto,OFF,OFF,OFF,OFF,
5/11/2025,4:15:20,30.143,69.536,15.61364,24.50981,18.83527,13.57169,19.74085,0.68677,An toan,An toan,"Nhi?t ?? 30.1?C, ?? ?m 69.5%, Kh? CO th?p (13.6 ppm), M?c ch?y: An to?n","Kh? CH4 (24.5 ppm), LPG (18.8 ppm), CO (13.6 ppm), M?c kh? gas: An to?n",Auto,OFF,OFF,OFF,OFF,
5/11/2025,4:15:40,30.336,74.286,14.57031,25.77181,18.88779,14.26415,24.08657,0.8848,An toan,An toan,"Nhi?t ?? 30.3?C, ?? ?m 74.3%, Kh? CO th?p (14.3 ppm), M?c ch?y: An to?n","Kh? CH4 (25.8 ppm), LPG (18.9 ppm), CO (14.3 ppm), M?c kh? gas: An to?n",Auto,OFF,OFF,OFF,OFF,
5/11/2025,4:15:47,29.875,78.468,15.90083,24.89629,19.32702,13.19556,16.06142,0.59753,An toan,An toan,"Nhi?t ?? 29.9?C, ?? ?m 78.5%, Kh? CO th?p (13.2 ppm), M?c ch?y: An to?n","Kh? CH4 (24.9 ppm), LPG (19.3 ppm), CO (13.2 ppm), M?c kh? gas: An to?n",Auto,OFF,OFF,OFF,OFF,
5/11/2025,4:16:57,30.431,69.933,15.55519,25.81495,19.13362,13.5149,10.66694,0.31605,An toan,An toan,"Nhi?t ?? 30.4?C, ?? ?m 69.9%, Kh? CO th?p (13.5 ppm), M?c ch?y: An to?n","Kh? CH4 (25.8 ppm), LPG (19.1 ppm), CO (13.5 ppm), M?c kh? gas: An to?n",Auto,OFF,OFF,OFF,OFF,
5/11/2025,4:17:35,30.947,76.326,14.02798,25.82703,18.80748,13.51131,13.08817,0.32557,An toan,An toan,"Nhi?t ?? 30.9?C, ?? ?m 76.3%, Kh? CO th?p (13.5 ppm), M?c ch?y: An to?n","Kh? CH4 (25.8 ppm), LPG (18.8 ppm), CO (13.5 ppm), M?c kh? gas: An to?n",Auto,OFF,OFF,OFF,OFF,
5/11/2025,4:24:35,30.174,72.512,15.09958,25.11779,18.21939,13.02431,28.06942,0.50972,An toan,An toan,"Nhi?t ?? 30.2?C, ?? ?m 72.5%, Kh? CO th?p (13.0 ppm), M?c ch?y: An to?n","Kh? CH4 (25.1 ppm), LPG (18.2 ppm), CO (13.0 ppm), M?c kh? gas: An to?n",Auto,OFF,OFF,OFF,OFF,
5/11/2025,4:33:19,29.506,78.573,14.07364,24.79685,19.65805,13.43198,25.75536,0.58903,An toan,An toan,"Nhi?t ?? 29.5?C, ?? ?m 78.6%, Kh? CO th?p (13.4 ppm), M?c ch?y: An to?n","Kh? CH4 (24.8 ppm), LPG (19.7 ppm), CO (13.4 ppm), M?c kh? gas: An to?n",Auto,OFF,OFF,OFF,OFF,
5/11/2025,4:34:45,30.775,75.66,15.28521,26.35298,19.5685,13.307,14.72337,0.62588,An toan,An toan,"Nhi?t ?? 30.8?C, ?? ?m 75.7%, Kh? CO th?p (13.3 ppm), M?c ch?y: An to?n","Kh? CH4 (26.4 ppm), LPG (19.6 ppm), CO (13.3 ppm), M?c kh? gas: An to?n",Auto,OFF,OFF,OFF,OFF,
5/11/2025,4:36:20,29.375,74.578,14.83377,24.60644,19.65262,14.01987,20.6482,0.87956,An toan,An toan,"Nhi?t ?? 29.4?C, ?? ?m 74.6%, Kh? CO th?p (14.0 ppm), M?c ch?y: An to?n","Kh? CH4 (24.6 ppm), LPG (19.7 ppm), CO (14.0 ppm), M?c kh? gas: An to?n",Auto,OFF,OFF,OFF,OFF,
5/11/2025,4:39:34,30.657,76.848,15.55585,24.43289,19.83868,14.66476,10.79345,0.72442,An toan,An toan,"Nhi?t ?? 30.7?C, ?? ?m 76.8%, Kh? CO th?p (14.7 ppm), M?c ch?y: An to?n","Kh? CH4 (24.4 ppm), LPG (19.8 ppm), CO (14.7 ppm), M?c kh? gas: An to?n",Auto,OFF,OFF,OFF,OFF,
5/11/2025,4:40:51,30.874,76.805,14.96784,24.50906,18.69049,14.61549,28.00821,0.52063,An toan,An toan,"Nhi?t ?? 30.9?C, ?? ?m 76.8%, Kh? CO th?p (14.6 ppm), M?c ch?y: An to?n","Kh? CH4 (24.5 ppm), LPG (18.7 ppm), CO (14.6 ppm), M?c kh? gas: An to?n",Auto,OFF,OFF,OFF,OFF,
5/11/2025,4:42:53,30.862,70.438,15.46275,26.96687,18.28442,14.16758,21.26818,0.91456,An toan,An toan,"Nhi?t ?? 30.9?C, ?? ?m 70.4%, Kh? CO th?p (14.2 ppm), M?c ch?y: An to?n","Kh? CH4 (27.0 ppm), LPG (18.3 ppm), CO (14.2 ppm), M?c kh? gas: An to?n",Auto,OFF,OFF,OFF,OFF,
5/11/2025,4:47:54,30.513,70.742,15.69427,26.87289,19.34193,14.72791,21.72878,0.56563,An toan,An toan,"Nhi?t ?? 30.5?C, ?? ?m 70.7%, Kh? CO th?p (14.7 ppm), M?c ch?y: An to?n","Kh? CH4 (26.9 ppm), LPG (19.3 ppm), CO (14.7 ppm), M?c kh? gas: An to?n",Auto,OFF,OFF,OFF,OFF,
5/11/2025,4:50:20,29.179,75.07,15.28597,24.2747,17.99858,13.65545,20.74403,0.70308,An toan,An toan,"Nhi?t ?? 29.2?C, ?? ?m 75.1%, Kh? CO th?p (13.7 ppm), M?c ch?y: An to?n","Kh? CH4 (24.3 ppm), LPG (18.0 ppm), CO (13.7 ppm), M?c kh? gas: An to?n",Auto,OFF,OFF,OFF,OFF,
5/11/2025,4:58:44,29.671,75.924,14.82355,25.20107,19.98371,14.29084,22.62082,0.5133,An toan,An toan,"Nhi?t ?? 29.7?C, ?? ?m 75.9%, Kh? CO th?p (14.3 ppm), M?c ch?y: An to?n","Kh? CH4 (25.2 ppm), LPG (20.0 ppm), CO (14.3 ppm), M?c kh? gas: An to?n",Auto,OFF,OFF,OFF,OFF,
5/11/2025,4:58:59,30.717,69.255,15.54767,24.33922,17.35214,14.74106,18.86075,0.31666,An toan,An toan,"Nhi?t ?? 30.7?C, ?? ?m 69.3%, Kh? CO th?p (14.7 ppm), M?c ch?y: An to?n","Kh? CH4 (24.3 ppm), LPG (17.4 ppm), CO (14.7 ppm), M?c kh? gas: An to?n",Auto,OFF,OFF,OFF,OFF,
5/11/2025,4:59:25,29.197,75.148,14.14408,25.31632,17.36831,14.44167,14.58098,0.3648,An toan,An toan,"Nhi?t ?? 29.2?C, ?? ?m 75.1%, Kh? CO th?p (14.4 ppm), M?c ch?y: An to?n","Kh? CH4 (25.3 ppm), LPG (17.4 ppm), CO (14.4 ppm), M?c kh? gas: An to?n",Auto,OFF,OFF,OFF,OFF,
5/11/2025,5:01:23,29.645,78.924,14.56865,26.27942,17.15153,14.10751,29.89086,0.32465,An toan,An toan,"Nhi?t ?? 29.6?C, ?? ?m 78.9%, Kh? CO th?p (14.1 ppm), M?c ch?y: An to?n","Kh? CH4 (26.3 ppm), LPG (17.2 ppm), CO (14.1 ppm), M?c kh? gas: An to?n",Auto,OFF,OFF,OFF,OFF,
5/11/2025,5:05:38,30.583,74.723,14.18152,26.07191,17.6637,13.42182,16.23116,0.32132,An toan,An toan,"Nhi?t ?? 30.6?C, ?? ?m 74.7%, Kh? CO th?p (13.4 ppm), M?c ch?y: An to?n","Kh? CH4 (26.1 ppm), LPG (17.7 ppm), CO (13.4 ppm), M?c kh? gas: An to?n",Auto,OFF,OFF,OFF,OFF,
5/11/2025,5:14:04,30.087,74.766,15.36479,24.84689,19.15214,14.02392,22.28342,0.67637,An toan,An toan,"Nhi?t ?? 30.1?C, ?? ?m 74.8%, Kh? CO th?p (14.0 ppm), M?c ch?y: An to?n","Kh? CH4 (24.8 ppm), LPG (19.2 ppm), CO (14.0 ppm), M?c kh? gas: An to?n",Auto,OFF,OFF,OFF,OFF,
5/11/2025,5:18:03,29.704,76.244,14.43429,25.37898,18.7601,13.17891,15.15421,0.54746,An toan,An toan,"Nhi?t ?? 29.7?C, ?? ?m 76.2%, Kh? CO th?p (13.2 ppm), M?c ch?y: An to?n","Kh? CH4 (25.4 ppm), LPG (18.8 ppm), CO (13.2 ppm), M?c kh? gas: An to?n",Auto,OFF,OFF,OFF,OFF,
5/11/2025,5:23:08,30.1,77.273,15.30129,25.43732,19.59345,13.10193,24.57361,0.71498,An toan,An toan,"Nhi?t ?? 30.1?C, ?? ?m 77.3%, Kh? CO th?p (13.1 ppm), M?c ch?y: An to?n","Kh? CH4 (25.4 ppm), LPG (19.6 ppm), CO (13.1 ppm), M?c kh? gas: An to?n",Auto,OFF,OFF,OFF,OFF,
5/11/2025,5:24:46,30.97,71.623,15.07959,26.96684,19.363,14.62298,29.26637,0.19781,An toan,An toan,"Nhi?t ?? 31.0?C, ?? ?m 71.6%, Kh? CO th?p (14.6 ppm), M?c ch?y: An to?n","Kh? CH4 (27.0 ppm), LPG (19.4 ppm), CO (14.6 ppm), M?c kh? gas: An to?n",Auto,OFF,OFF,OFF,OFF,
5/11/2025,5:28:48,30.71,75.794,14.61852,25.12033,18.63013,13.46338,27.34361,0.83016,An toan,An toan,"Nhi?t ?? 30.7?C, ?? ?m 75.8%, Kh? CO th?p (13.5 ppm), M?c ch?y: An to?n","Kh? CH4 (25.1 ppm), LPG (18.6 ppm), CO (13.5 ppm), M?c kh? gas: An to?n",Auto,OFF,OFF,OFF,OFF,
5/11/2025,5:31:52,29.966,70.953,14.47816,25.11524,17.58152,13.39235,21.74339,0.59519,An toan,An toan,"Nhi?t ?? 30.0?C, ?? ?m 71.0%, Kh? CO th?p (13.4 ppm), M?c ch?y: An to?n","Kh? CH4 (25.1 ppm), LPG (17.6 ppm), CO (13.4 ppm), M?c kh? gas: An to?n",Auto,OFF,OFF,OFF,OFF,
5/11/2025,5:35:51,30.85,73.148,15.65649,24.50508,19.39828,14.9714,24.24902,0.77344,An toan,An toan,"Nhi?t ?? 30.9?C, ?? ?m 73.1%, Kh? CO th?p (15.0 ppm), M?c ch?y: An to?n","Kh? CH4 (24.5 ppm), LPG (19.4 ppm), CO (15.0 ppm), M?c kh? gas: An to?n",Auto,OFF,OFF,OFF,OFF,
5/11/2025,5:36:42,29.161,76.66,14.51147,24.29154,18.26405,14.41062,27.39716,0.41678,An toan,An toan,"Nhi?t ?? 29.2?C, ?? ?m 76.7%, Kh? CO th?p (14.4 ppm), M?c ch?y: An to?n","Kh? CH4 (24.3 ppm), LPG (18.3 ppm), CO (14.4 ppm), M?c kh? gas: An to?n",Auto,OFF,OFF,OFF,OFF,
5/11/2025,5:38:16,30.017,71.177,14.1945,24.81135,17.61695,14.12439,23.13698,0.34773,An toan,An toan,"Nhi?t ?? 30.0?C, ?? ?m 71.2%, Kh? CO th?p (14.1 ppm), M?c ch?y: An to?n","Kh? CH4 (24.8 ppm), LPG (17.6 ppm), CO (14.1 ppm), M?c kh? gas: An to?n",Auto,OFF,OFF,OFF,OFF,
5/11/2025,5:42:32,29.53,74.741,15.54505,24.9258,18.40688,13.40687,16.30531,0.55197,An toan,An toan,"Nhi?t ?? 29.5?C, ?? ?m 74.7%, Kh? CO th?p (13.4 ppm), M?c ch?y: An to?n","Kh? CH4 (24.9 ppm), LPG (18.4 ppm), CO (13.4 ppm), M?c kh? gas: An to?n",Auto,OFF,OFF,OFF,OFF,
5/11/2025,5:43:43,30.641,72.934,15.00229,24.19812,19.89773,14.57025,14.73881,0.79193,An toan,An toan,"Nhi?t ?? 30.6?C, ?? ?m 72.9%, Kh? CO th?p (14.6 ppm), M?c ch?y: An to?n","Kh? CH4 (24.2 ppm), LPG (19.9 ppm), CO (14.6 ppm), M?c kh? gas: An to?n",Auto,OFF,OFF,OFF,OFF,
5/11/2025,5:46:44,29.698,77.183,15.73653,25.16409,18.55753,14.16462,27.26188,0.38384,An toan,An toan,"Nhi?t ?? 29.7?C, ?? ?m 77.2%, Kh? CO th?p (14.2 ppm), M?c ch?y: An to?n","Kh? CH4 (25.2 ppm), LPG (18.6 ppm), CO (14.2 ppm), M?c kh? gas: An to?n",Auto,OFF,OFF,OFF,OFF,
5/11/2025,5:49:57,30.538,72.535,14.47103,26.38652,17.15989,13.6352,15.30399,0.94847,An toan,An toan,"Nhi?t ?? 30.5?C, ?? ?m 72.5%, Kh? CO th?p (13.6 ppm), M?c ch?y: An to?n","Kh? CH4 (26.4 ppm), LPG (17.2 ppm), CO (13.6 ppm), M?c kh? gas: An to?n",Auto,OFF,OFF,OFF,OFF,
5/11/2025,5:53:07,29.509,70.377,14.52293,24.73974,19.33272,14.30151,19.76569,0.28144,An toan,An toan,"Nhi?t ?? 29.5?C, ?? ?m 70.4%, Kh? CO th?p (14.3 ppm), M?c ch?y: An to?n","Kh? CH4 (24.7 ppm), LPG (19.3 ppm), CO (14.3 ppm), M?c kh? gas: An to?n",Auto,OFF,OFF,OFF,OFF,
5/11/2025,5:55:33,30.457,74.145,15.61475,25.51815,19.38057,14.36935,29.86389,0.95163,An toan,An toan,"Nhi?t ?? 30.5?C, ?? ?m 74.1%, Kh? CO th?p (14.4 ppm), M?c ch?y: An to?n","Kh? CH4 (25.5 ppm), LPG (19.4 ppm), CO (14.4 ppm), M?c kh? gas: An to?n",Auto,OFF,OFF,OFF,OFF,
5/11/2025,5:56:40,29.253,69.618,14.46972,25.80469,18.34308,13.30655,28.61484,0.1931,An toan,An toan,"Nhi?t ?? 29.3?C, ?? ?m 69.6%, Kh? CO th?p (13.3 ppm), M?c ch?y: An to?n","Kh? CH4 (25.8 ppm), LPG (18.3 ppm), CO (13.3 ppm), M?c kh? gas: An to?n",Auto,OFF,OFF,OFF,OFF,
5/11/2025,5:59:10,29.75,78.874,15.21246,25.75666,19.95471,13.76734,28.42859,0.77849,An toan,An toan,"Nhi?t ?? 29.8?C, ?? ?m 78.9%, Kh? CO th?p (13.8 ppm), M?c ch?y: An to?n","Kh? CH4 (25.8 ppm), LPG (20.0 ppm), CO (13.8 ppm), M?c kh? gas: An to?n",Auto,OFF,OFF,OFF,OFF,
5/11/2025,5:59:34,29.995,79.781,14.16896,25.44238,19.15471,13.74894,22.06665,0.75553,An toan,An toan,"Nhi?t ?? 30.0?C, ?? ?m 79.8%, Kh? CO th?p (13.7 ppm), M?c ch?y: An to?n","Kh? CH4 (25.4 ppm), LPG (19.2 ppm), CO (13.7 ppm), M?c kh? gas: An to?n",Auto,OFF,OFF,OFF,OFF,
5/11/2025,6:01:36,30.573,70.933,14.22767,25.00719,18.69855,14.79542,12.71476,0.28955,An toan,An toan,"Nhi?t ?? 30.6?C, ?? ?m 70.9%, Kh? CO th?p (14.8 ppm), M?c ch?y: An to?n","Kh? CH4 (25.0 ppm), LPG (18.7 ppm), CO (14.8 ppm), M?c kh? gas: An to?n",Auto,OFF,OFF,OFF,OFF,
5/11/2025,6:01:53,29.807,77.645,15.90258,26.95742,19.03164,14.93562,23.68502,0.54568,An toan,An toan,"Nhi?t ?? 29.8?C, ?? ?m 77.6%, Kh? CO th?p (14.9 ppm), M?c ch?y: An to?n","Kh? CH4 (27.0 ppm), LPG (19.0 ppm), CO (14.9 ppm), M?c kh? gas: An to?n",Auto,OFF,OFF,OFF,OFF,
5/11/2025,6:03:40,29.224,77.597,15.3827,24.9444,17.46143,13.58988,28.79536,0.16487,An toan,An toan,"Nhi?t ?? 29.2?C, ?? ?m 77.6%, Kh? CO th?p (13.6 ppm), M?c ch?y: An to?n","Kh? CH4 (24.9 ppm), LPG (17.5 ppm), CO (13.6 ppm), M?c kh? gas: An to?n",Auto,OFF,OFF,OFF,OFF,
5/11/2025,6:04:55,30.125,73.049,15.25837,24.61392,17.8889,14.61367,21.28731,0.40908,An toan,An toan,"Nhi?t ?? 30.1?C, ?? ?m 73.0%, Kh? CO th?p (14.6 ppm), M?c ch?y: An to?n","Kh? CH4 (24.6 ppm), LPG (17.9 ppm), CO (14.6 ppm), M?c kh? gas: An to?n",Auto,OFF,OFF,OFF,OFF,
5/11/2025,6:05:08,30.963,77.486,15.14723,25.68373,19.64192,14.98815,26.10331,0.58949,An toan,An toan,"Nhi?t ?? 31.0?C, ?? ?m 77.5%, Kh? CO th?p (15.0 ppm), M?c ch?y: An to?n","Kh? CH4 (25.7 ppm), LPG (19.6 ppm), CO (15.0 ppm), M?c kh? gas: An to?n",Auto,OFF,OFF,OFF,OFF,
5/11/2025,6:07:55,29.312,73.916,14.92337,24.4334,17.27044,13.66141,29.10813,0.7459,An toan,An toan,"Nhi?t ?? 29.3?C, ?? ?m 73.9%, Kh? CO th?p (13.7 ppm), M?c ch?y: An to?n","Kh? CH4 (24.4 ppm), LPG (17.3 ppm), CO (13.7 ppm), M?c kh? gas: An to?n",Auto,OFF,OFF,OFF,OFF,
5/11/2025,6:22:51,30.764,75.487,15.98783,26.2244,18.94153,13.67787,17.01881,0.70138,An toan,An toan,"Nhi?t ?? 30.8?C, ?? ?m 75.5%, Kh? CO th?p (13.7 ppm), M?c ch?y: An to?n","Kh? CH4 (26.2 ppm), LPG (18.9 ppm), CO (13.7 ppm), M?c kh? gas: An to?n",Auto,OFF,OFF,OFF,OFF,
5/11/2025,6:25:35,30,72.504,14.21237,25.65239,17.47618,14.15552,29.58424,0.31644,An toan,An toan,"Nhi?t ?? 30.0?C, ?? ?m 72.5%, Kh? CO th?p (14.2 ppm), M?c ch?y: An to?n","Kh? CH4 (25.7 ppm), LPG (17.5 ppm), CO (14.2 ppm), M?c kh? gas: An to?n",Auto,OFF,OFF,OFF,OFF,
5/11/2025,6:30:34,30.924,79.833,14.80647,26.33753,19.68763,14.05959,12.46981,0.69099,An toan,An toan,"Nhi?t ?? 30.9?C, ?? ?m 79.8%, Kh? CO th?p (14.1 ppm), M?c ch?y: An to?n","Kh? CH4 (26.3 ppm), LPG (19.7 ppm), CO (14.1 ppm), M?c kh? gas: An to?n",Auto,OFF,OFF,OFF,OFF,
5/11/2025,6:31:06,29.071,74.1,15.78091,24.96425,18.82085,13.15492,28.79728,0.45452,An toan,An toan,"Nhi?t ?? 29.1?C, ?? ?m 74.1%, Kh? CO th?p (13.2 ppm), M?c ch?y: An to?n","Kh? CH4 (25.0 ppm), LPG (18.8 ppm), CO (13.2 ppm), M?c kh? gas: An to?n",Auto,OFF,OFF,OFF,OFF,
5/11/2025,6:36:08,30.426,73.06,14.3155,25.82992,17.40987,14.89163,10.44043,0.97833,An toan,An toan,"Nhi?t ?? 30.4?C, ?? ?m 73.1%, Kh? CO th?p (14.9 ppm), M?c ch?y: An to?n","Kh? CH4 (25.8 ppm), LPG (17.4 ppm), CO (14.9 ppm), M?c kh? gas: An to?n",Auto,OFF,OFF,OFF,OFF,
5/11/2025,6:37:06,30.908,71.15,15.52273,26.31943,19.50756,14.21494,18.85697,0.60918,An toan,An toan,"Nhi?t ?? 30.9?C, ?? ?m 71.1%, Kh? CO th?p (14.2 ppm), M?c ch?y: An to?n","Kh? CH4 (26.3 ppm), LPG (19.5 ppm), CO (14.2 ppm), M?c kh? gas: An to?n",Auto,OFF,OFF,OFF,OFF,
5/11/2025,6:39:08,30.75,69.905,15.51769,24.8391,19.57102,13.69897,24.12313,0.51789,An toan,An toan,"Nhi?t ?? 30.7?C, ?? ?m 69.9%, Kh? CO th?p (13.7 ppm), M?c ch?y: An to?n","Kh? CH4 (24.8 ppm), LPG (19.6 ppm), CO (13.7 ppm), M?c kh? gas: An to?n",Auto,OFF,OFF,OFF,OFF,
5/11/2025,6:41:54,29.037,74.817,15.04585,24.5295,18.61027,13.4877,16.3176,0.1731,An toan,An toan,"Nhi?t ?? 29.0?C, ?? ?m 74.8%, Kh? CO th?p (13.5 ppm), M?c ch?y: An to?n","Kh? CH4 (24.5 ppm), LPG (18.6 ppm), CO (13.5 ppm), M?c kh? gas: An to?n",Auto,OFF,OFF,OFF,OFF,
5/11/2025,6:46:46,30.599,79.492,14.25643,24.73939,19.21612,14.95883,17.93898,0.52165,An toan,An toan,"Nhi?t ?? 30.6?C, ?? ?m 79.5%, Kh? CO th?p (15.0 ppm), M?c ch?y: An to?n","Kh? CH4 (24.7 ppm), LPG (19.2 ppm), CO (15.0 ppm), M?c kh? gas: An to?n",Auto,OFF,OFF,OFF,OFF,
5/11/2025,6:47:31,29.43,75.345,15.81661,24.94659,19.64023,13.80028,29.26532,0.212,An toan,An toan,"Nhi?t ?? 29.4?C, ?? ?m 75.3%, Kh? CO th?p (13.8 ppm), M?c ch?y: An to?n","Kh? CH4 (24.9 ppm), LPG (19.6 ppm), CO (13.8 ppm), M?c kh? gas: An to?n",Auto,OFF,OFF,OFF,OFF,
5/11/2025,6:51:09,30.404,78.081,15.06176,24.6385,18.90929,13.84291,17.80839,0.83391,An toan,An toan,"Nhi?t ?? 30.4?C, ?? ?m 78.1%, Kh? CO th?p (13.8 ppm), M?c ch?y: An to?n","Kh? CH4 (24.6 ppm), LPG (18.9 ppm), CO (13.8 ppm), M?c kh? gas: An to?n",Auto,OFF,OFF,OFF,OFF,
5/11/2025,6:51:32,30.865,78.704,15.03351,24.94118,18.46266,13.87907,29.85044,0.88947,An toan,An toan,"Nhi?t ?? 30.9?C, ?? ?m 78.7%, Kh? CO th?p (13.9 ppm), M?c ch?y: An to?n","Kh? CH4 (24.9 ppm), LPG (18.5 ppm), CO (13.9 ppm), M?c kh? gas: An to?n",Auto,OFF,OFF,OFF,OFF,
5/11/2025,6:51:45,30.318,70.12,15.34447,25.50521,17.05862,14.78158,15.37641,0.82736,An toan,An toan,"Nhi?t ?? 30.3?C, ?? ?m 70.1%, Kh? CO th?p (14.8 ppm), M?c ch?y: An to?n","Kh? CH4 (25.5 ppm), LPG (17.1 ppm), CO (14.8 ppm), M?c kh? gas: An to?n",Auto,OFF,OFF,OFF,OFF,
5/11/2025,6:54:17,30.755,77.473,15.24538,24.58622,17.89018,14.55999,22.85916,0.97262,An toan,An toan,"Nhi?t ?? 30.8?C, ?? ?m 77.5%, Kh? CO th?p (14.6 ppm), M?c ch?y: An to?n","Kh? CH4 (24.6 ppm), LPG (17.9 ppm), CO (14.6 ppm), M?c kh? gas: An to?n",Auto,OFF,OFF,OFF,OFF,
5/11/2025,7:01:31,29.011,69.177,14.0221,24.46482,17.65059,14.7361,15.60423,0.78137,An toan,An toan,"Nhi?t ?? 29.0?C, ?? ?m 69.2%, Kh? CO th?p (14.7 ppm), M?c ch?y: An to?n","Kh? CH4 (24.5 ppm), LPG (17.7 ppm), CO (14.7 ppm), M?c kh? gas: An to?n",Auto,OFF,OFF,OFF,OFF,
5/11/2025,7:02:30,30.603,77.137,15.25228,26.92481,19.35753,13.69197,11.15049,0.54318,An toan,An toan,"Nhi?t ?? 30.6?C, ?? ?m 77.1%, Kh? CO th?p (13.7 ppm), M?c ch?y: An to?n","Kh? CH4 (26.9 ppm), LPG (19.4 ppm), CO (13.7 ppm), M?c kh? gas: An to?n",Auto,OFF,OFF,OFF,OFF,
5/11/2025,7:05:21,29.383,75.328,15.13445,24.31894,18.40989,14.90002,12.50032,0.93118,An toan,An toan,"Nhi?t ?? 29.4?C, ?? ?m 75.3%, Kh? CO th?p (14.9 ppm), M?c ch?y: An to?n","Kh? CH4 (24.3 ppm), LPG (18.4 ppm), CO (14.9 ppm), M?c kh? gas: An to?n",Auto,OFF,OFF,OFF,OFF,
5/11/2025,7:08:14,29.998,76.194,14.08559,25.89643,19.07068,14.76124,19.07248,0.50121,An toan,An toan,"Nhi?t ?? 30.0?C, ?? ?m 76.2%, Kh? CO th?p (14.8 ppm), M?c ch?y: An to?n","Kh? CH4 (25.9 ppm), LPG (19.1 ppm), CO (14.8 ppm), M?c kh? gas: An to?n",Auto,OFF,OFF,OFF,OFF,
5/11/2025,7:08:46,29.229,72.807,15.23178,26.57553,18.7252,13.45646,23.40301,0.73992,An toan,An toan,"Nhi?t ?? 29.2?C, ?? ?m 72.8%, Kh? CO th?p (13.5 ppm), M?c ch?y: An to?n","Kh? CH4 (26.6 ppm), LPG (18.7 ppm), CO (13.5 ppm), M?c kh? gas: An to?n",Auto,OFF,OFF,OFF,OFF,
5/11/2025,7:10:45,30.458,74.084,15.59344,26.1053,18.29735,14.81684,24.30616,0.11041,An toan,An toan,"Nhi?t ?? 30.5?C, ?? ?m 74.1%, Kh? CO th?p (14.8 ppm), M?c ch?y: An to?n","Kh? CH4 (26.1 ppm), LPG (18.3 ppm), CO (14.8 ppm), M?c kh? gas: An to?n",Auto,OFF,OFF,OFF,OFF,
5/11/2025,7:13:22,30.394,71.032,15.97264,24.96595,17.69581,14.79332,14.16735,0.79913,An toan,An toan,"Nhi?t ?? 30.4?C, ?? ?m 71.0%, Kh? CO th?p (14.8 ppm), M?c ch?y: An to?n","Kh? CH4 (25.0 ppm), LPG (17.7 ppm), CO (14.8 ppm), M?c kh? gas: An to?n",Auto,OFF,OFF,OFF,OFF,
5/11/2025,7:17:18,30.562,75.822,15.62597,24.63652,18.52422,14.35771,24.88692,0.20947,An toan,An toan,"Nhi?t ?? 30.6?C, ?? ?m 75.8%, Kh? CO th?p (14.4 ppm), M?c ch?y: An to?n","Kh? CH4 (24.6 ppm), LPG (18.5 ppm), CO (14.4 ppm), M?c kh? gas: An to?n",Auto,OFF,OFF,OFF,OFF,
5/11/2025,7:18:03,29.12,79.161,15.10001,24.81285,18.84214,13.06894,10.41256,0.82948,An toan,An toan,"Nhi?t ?? 29.1?C, ?? ?m 79.2%, Kh? CO th?p (13.1 ppm), M?c ch?y: An to?n","Kh? CH4 (24.8 ppm), LPG (18.8 ppm), CO (13.1 ppm), M?c kh? gas: An to?n",Auto,OFF,OFF,OFF,OFF,
5/11/2025,7:23:02,30.343,72.433,14.04218,26.29276,18.77715,14.79238,25.46233,0.91654,An toan,An toan,"Nhi?t ?? 30.3?C, ?? ?m 72.4%, Kh? CO th?p (14.8 ppm), M?c ch?y: An to?n","Kh? CH4 (26.3 ppm), LPG (18.8 ppm), CO (14.8 ppm), M?c kh? gas: An to?n",Auto,OFF,OFF,OFF,OFF,
5/11/2025,7:33:11,29.4,73.848,14.93895,25.3072,17.03624,13.91308,21.86976,0.29543,An toan,An toan,"Nhi?t ?? 29.4?C, ?? ?m 73.8%, Kh? CO th?p (13.9 ppm), M?c ch?y: An to?n","Kh? CH4 (25.3 ppm), LPG (17.0 ppm), CO (13.9 ppm), M?c kh? gas: An to?n",Auto,OFF,OFF,OFF,OFF,
5/11/2025,7:34:00,30.628,69.951,15.44408,25.55942,19.58342,14.13345,14.53116,0.57921,An toan,An toan,"Nhi?t ?? 30.6?C, ?? ?m 70.0%, Kh? CO th?p (14.1 ppm), M?c ch?y: An to?n","Kh? CH4 (25.6 ppm), LPG (19.6 ppm), CO (14.1 ppm), M?c kh? gas: An to?n",Auto,OFF,OFF,OFF,OFF,
5/11/2025,7:34:36,29.019,71.951,15.41245,24.93245,17.01532,14.35029,12.81789,0.72521,An toan,An toan,"Nhi?t ?? 29.0?C, ?? ?m 72.0%, Kh? CO th?p (14.4 ppm), M?c ch?y: An to?n","Kh? CH4 (24.9 ppm), LPG (17.0 ppm), CO (14.4 ppm), M?c kh? gas: An to?n",Auto,OFF,OFF,OFF,OFF,
5/11/2025,7:34:55,29.149,78.822,15.73215,24.74754,19.4663,13.62865,27.61304,0.25461,An toan,An toan,"Nhi?t ?? 29.1?C, ?? ?m 78.8%, Kh? CO th?p (13.6 ppm), M?c ch?y: An to?n","Kh? CH4 (24.7 ppm), LPG (19.5 ppm), CO (13.6 ppm), M?c kh? gas: An to?n",Auto,OFF,OFF,OFF,OFF,
5/11/2025,7:35:04,29.625,78.752,14.67444,25.08823,19.41143,14.92793,16.1942,0.13551,An toan,An toan,"Nhi?t ?? 29.6?C, ?? ?m 78.8%, Kh? CO th?p (14.9 ppm), M?c ch?y: An to?n","Kh? CH4 (25.1 ppm), LPG (19.4 ppm), CO (14.9 ppm), M?c kh? gas: An to?n",Auto,OFF,OFF,OFF,OFF,
5/11/2025,7:39:32,30.22,75.581,15.0634,26.55793,19.32522,14.03092,28.74815,0.19046,An toan,An toan,"Nhi?t ?? 30.2?C, ?? ?m 75.6%, Kh? CO th?p (14.0 ppm), M?c ch?y: An to?n","Kh? CH4 (26.6 ppm), LPG (19.3 ppm), CO (14.0 ppm), M?c kh? gas: An to?n",Auto,OFF,OFF,OFF,OFF,
5/11/2025,7:40:16,30.175,73.952,15.50583,25.01524,18.17562,13.20427,24.59626,0.81903,An toan,An toan,"Nhi?t ?? 30.2?C, ?? ?m 74.0%, Kh? CO th?p (13.2 ppm), M?c ch?y: An to?n","Kh? CH4 (25.0 ppm), LPG (18.2 ppm), CO (13.2 ppm), M?c kh? gas: An to?n",Auto,OFF,OFF,OFF,OFF,
5/11/2025,7:40:55,29.93,74.378,14.59322,24.22876,18.62008,13.40761,10.2033,0.93001,An toan,An toan,"Nhi?t ?? 29.9?C, ?? ?m 74.4%, Kh? CO th?p (13.4 ppm), M?c ch?y: An to?n","Kh? CH4 (24.2 ppm), LPG (18.6 ppm), CO (13.4 ppm), M?c kh? gas: An to?n",Auto,OFF,OFF,OFF,OFF,
5/11/2025,7:57:29,30.972,75.556,14.56496,25.15527,18.53173,14.34777,13.21843,0.19394,An toan,An toan,"Nhi?t ?? 31.0?C, ?? ?m 75.6%, Kh? CO th?p (14.3 ppm), M?c ch?y: An to?n","Kh? CH4 (25.2 ppm), LPG (18.5 ppm), CO (14.3 ppm), M?c kh? gas: An to?n",Auto,OFF,OFF,OFF,OFF,
5/11/2025,7:59:30,30.573,74.014,15.9533,25.14195,17.57886,14.05733,11.07249,0.46849,An toan,An toan,"Nhi?t ?? 30.6?C, ?? ?m 74.0%, Kh? CO th?p (14.1 ppm), M?c ch?y: An to?n","Kh? CH4 (25.1 ppm), LPG (17.6 ppm), CO (14.1 ppm), M?c kh? gas: An to?n",Auto,OFF,OFF,OFF,OFF,
5/11/2025,8:01:55,30.831,71.338,14.52063,26.62923,18.44693,13.79959,24.38328,0.17091,An toan,An toan,"Nhi?t ?? 30.8?C, ?? ?m 71.3%, Kh? CO th?p (13.8 ppm), M?c ch?y: An to?n","Kh? CH4 (26.6 ppm), LPG (18.4 ppm), CO (13.8 ppm), M?c kh? gas: An to?n",Auto,OFF,OFF,OFF,OFF,
5/11/2025,8:02:55,29.289,73.326,14.73732,26.97657,18.92301,13.09446,20.2544,0.26148,An toan,An toan,"Nhi?t ?? 29.3?C, ?? ?m 73.3%, Kh? CO th?p (13.1 ppm), M?c ch?y: An to?n","Kh? CH4 (27.0 ppm), LPG (18.9 ppm), CO (13.1 ppm), M?c kh? gas: An to?n",Auto,OFF,OFF,OFF,OFF,
5/11/2025,8:03:53,30.686,75.609,15.73471,26.33111,18.64733,14.81824,29.00497,0.71296,An toan,An toan,"Nhi?t ?? 30.7?C, ?? ?m 75.6%, Kh? CO th?p (14.8 ppm), M?c ch?y: An to?n","Kh? CH4 (26.3 ppm), LPG (18.6 ppm), CO (14.8 ppm), M?c kh? gas: An to?n",Auto,OFF,OFF,OFF,OFF,
5/11/2025,8:04:50,29.455,70.517,15.50305,26.36967,18.36538,13.76837,19.63592,0.8589,An toan,An toan,"Nhi?t ?? 29.5?C, ?? ?m 70.5%, Kh? CO th?p (13.8 ppm), M?c ch?y: An to?n","Kh? CH4 (26.4 ppm), LPG (18.4 ppm), CO (13.8 ppm), M?c kh? gas: An to?n",Auto,OFF,OFF,OFF,OFF,
5/11/2025,8:08:10,30.81,73.924,15.10635,24.87557,19.44901,14.22734,26.74559,0.5837,An toan,An toan,"Nhi?t ?? 30.8?C, ?? ?m 73.9%, Kh? CO th?p (14.2 ppm), M?c ch?y: An to?n","Kh? CH4 (24.9 ppm), LPG (19.4 ppm), CO (14.2 ppm), M?c kh? gas: An to?n",Auto,OFF,OFF,OFF,OFF,
5/11/2025,8:16:58,29.209,70.655,15.4455,25.08367,18.187,14.47552,26.17825,0.818,An toan,An toan,"Nhi?t ?? 29.2?C, ?? ?m 70.7%, Kh? CO th?p (14.5 ppm), M?c ch?y: An to?n","Kh? CH4 (25.1 ppm), LPG (18.2 ppm), CO (14.5 ppm), M?c kh? gas: An to?n",Auto,OFF,OFF,OFF,OFF,
5/11/2025,8:17:06,29.112,79.434,15.31382,26.6741,17.97631,13.74196,23.70851,0.17065,An toan,An toan,"Nhi?t ?? 29.1?C, ?? ?m 79.4%, Kh? CO th?p (13.7 ppm), M?c ch?y: An to?n","Kh? CH4 (26.7 ppm), LPG (18.0 ppm), CO (13.7 ppm), M?c kh? gas: An to?n",Auto,OFF,OFF,OFF,OFF,
5/11/2025,8:23:01,29.144,76.018,14.682,26.9953,18.3788,14.06596,18.39882,0.5959,An toan,An toan,"Nhi?t ?? 29.1?C, ?? ?m 76.0%, Kh? CO th?p (14.1 ppm), M?c ch?y: An to?n","Kh? CH4 (27.0 ppm), LPG (18.4 ppm), CO (14.1 ppm), M?c kh? gas: An to?n",Auto,OFF,OFF,OFF,OFF,
5/11/2025,8:24:45,29.674,73.092,14.95549,24.32348,17.07432,13.20048,23.67682,0.48099,An toan,An toan,"Nhi?t ?? 29.7?C, ?? ?m 73.1%, Kh? CO th?p (13.2 ppm), M?c ch?y: An to?n","Kh? CH4 (24.3 ppm), LPG (17.1 ppm), CO (13.2 ppm), M?c kh? gas: An to?n",Auto,OFF,OFF,OFF,OFF,
5/11/2025,8:25:52,29.899,79.124,14.73053,26.5541,18.48524,13.41705,26.2225,0.38896,An toan,An toan,"Nhi?t ?? 29.9?C, ?? ?m 79.1%, Kh? CO th?p (13.4 ppm), M?c ch?y: An to?n","Kh? CH4 (26.6 ppm), LPG (18.5 ppm), CO (13.4 ppm), M?c kh? gas: An to?n",Auto,OFF,OFF,OFF,OFF,
5/11/2025,8:28:33,29.007,75.678,14.68639,25.36861,18.69945,14.69574,27.69713,0.47307,An toan,An toan,"Nhi?t ?? 29.0?C, ?? ?m 75.7%, Kh? CO th?p (14.7 ppm), M?c ch?y: An to?n","Kh? CH4 (25.4 ppm), LPG (18.7 ppm), CO (14.7 ppm), M?c kh? gas: An to?n",Auto,OFF,OFF,OFF,OFF,
5/11/2025,8:33:11,29.317,69.331,14.96483,24.22595,19.24157,14.66697,23.19247,0.97422,An toan,An toan,"Nhi?t ?? 29.3?C, ?? ?m 69.3%, Kh? CO th?p (14.7 ppm), M?c ch?y: An to?n","Kh? CH4 (24.2 ppm), LPG (19.2 ppm), CO (14.7 ppm), M?c kh? gas: An to?n",Auto,OFF,OFF,OFF,OFF,
5/11/2025,8:35:42,30.213,74.623,14.85747,25.59402,17.64392,13.59412,13.76594,0.11234,An toan,An toan,"Nhi?t ?? 30.2?C, ?? ?m 74.6%, Kh? CO th?p (13.6 ppm), M?c ch?y: An to?n","Kh? CH4 (25.6 ppm), LPG (17.6 ppm), CO (13.6 ppm), M?c kh? gas: An to?n",Auto,OFF,OFF,OFF,OFF,
5/11/2025,8:35:58,30.245,70.089,14.8009,25.57076,19.09844,14.00795,27.48806,0.79687,An toan,An toan,"Nhi?t ?? 30.2?C, ?? ?m 70.1%, Kh? CO th?p (14.0 ppm), M?c ch?y: An to?n","Kh? CH4 (25.6 ppm), LPG (19.1 ppm), CO (14.0 ppm), M?c kh? gas: An to?n",Auto,OFF,OFF,OFF,OFF,
5/11/2025,8:41:36,29.225,76.871,14.66571,26.71196,18.44817,13.85506,13.72883,0.68256,An toan,An toan,"Nhi?t ?? 29.2?C, ?? ?m 76.9%, Kh? CO th?p (13.9 ppm), M?c ch?y: An to?n","Kh? CH4 (26.7 ppm), LPG (18.4 ppm), CO (13.9 ppm), M?c kh? gas: An to?n",Auto,OFF,OFF,OFF,OFF,
5/11/2025,8:43:28,29.856,71.771,15.56851,26.89637,18.51647,14.05396,24.02402,0.51962,An toan,An toan,"Nhi?t ?? 29.9?C, ?? ?m 71.8%, Kh? CO th?p (14.1 ppm), M?c ch?y: An to?n","Kh? CH4 (26.9 ppm), LPG (18.5 ppm), CO (14.1 ppm), M?c kh? gas: An to?n",Auto,OFF,OFF,OFF,OFF,
5/11/2025,8:44:55,29.721,71.053,14.9298,25.8841,17.79708,13.674,21.2686,0.75686,An toan,An toan,"Nhi?t ?? 29.7?C, ?? ?m 71.1%, Kh? CO th?p (13.7 ppm), M?c ch?y: An to?n","Kh? CH4 (25.9 ppm), LPG (17.8 ppm), CO (13.7 ppm), M?c kh? gas: An to?n",Auto,OFF,OFF,OFF,OFF,
5/11/2025,8:46:58,29.439,75.416,14.5871,24.86076,19.32494,14.15185,21.69507,0.2057,An toan,An toan,"Nhi?t ?? 29.4?C, ?? ?m 75.4%, Kh? CO th?p (14.2 ppm), M?c ch?y: An to?n","Kh? CH4 (24.9 ppm), LPG (19.3 ppm), CO (14.2 ppm), M?c kh? gas: An to?n",Auto,OFF,OFF,OFF,OFF,
5/11/2025,8:47:04,29.511,75.382,15.21803,25.13551,19.57952,13.68362,25.01092,0.36603,An toan,An toan,"Nhi?t ?? 29.5?C, ?? ?m 75.4%, Kh? CO th?p (13.7 ppm), M?c ch?y: An to?n","Kh? CH4 (25.1 ppm), LPG (19.6 ppm), CO (13.7 ppm), M?c kh? gas: An to?n",Auto,OFF,OFF,OFF,OFF,
5/11/2025,8:50:22,29.37,78.052,14.02495,26.41396,19.18187,14.40835,12.22814,0.309,An toan,An toan,"Nhi?t ?? 29.4?C, ?? ?m 78.1%, Kh? CO th?p (14.4 ppm), M?c ch?y: An to?n","Kh? CH4 (26.4 ppm), LPG (19.2 ppm), CO (14.4 ppm), M?c kh? gas: An to?n",Auto,OFF,OFF,OFF,OFF,
5/11/2025,9:04:07,30.642,69.451,14.51408,24.79601,19.51112,14.72487,11.78765,0.6,An toan,An toan,"Nhi?t ?? 30.6?C, ?? ?m 69.5%, Kh? CO th?p (14.7 ppm), M?c ch?y: An to?n","Kh? CH4 (24.8 ppm), LPG (19.5 ppm), CO (14.7 ppm), M?c kh? gas: An to?n",Auto,OFF,OFF,OFF,OFF,
5/11/2025,9:05:33,29.838,77.609,14.13376,24.2462,19.83548,13.60943,28.73827,0.35261,An toan,An toan,"Nhi?t ?? 29.8?C, ?? ?m 77.6%, Kh? CO th?p (13.6 ppm), M?c ch?y: An to?n","Kh? CH4 (24.2 ppm), LPG (19.8 ppm), CO (13.6 ppm), M?c kh? gas: An to?n",Auto,OFF,OFF,OFF,OFF,
5/11/2025,9:08:05,30.732,72.085,15.70183,24.18859,17.3426,14.45597,21.8948,0.50635,An toan,An toan,"Nhi?t ?? 30.7?C, ?? ?m 72.1%, Kh? CO th?p (14.5 ppm), M?c ch?y: An to?n","Kh? CH4 (24.2 ppm), LPG (17.3 ppm), CO (14.5 ppm), M?c kh? gas: An to?n",Auto,OFF,OFF,OFF,OFF,
5/11/2025,9:08:19,30.322,75.12,15.00801,26.88203,18.95155,13.75204,21.4465,0.16767,An toan,An toan,"Nhi?t ?? 30.3?C, ?? ?m 75.1%, Kh? CO th?p (13.8 ppm), M?c ch?y: An to?n","Kh? CH4 (26.9 ppm), LPG (19.0 ppm), CO (13.8 ppm), M?c kh? gas: An to?n",Auto,OFF,OFF,OFF,OFF,
5/11/2025,9:15:41,30.028,70.188,14.09043,25.2502,19.37819,14.48008,21.45317,0.57359,An toan,An toan,"Nhi?t ?? 30.0?C, ?? ?m 70.2%, Kh? CO th?p (14.5 ppm), M?c ch?y: An to?n","Kh? CH4 (25.3 ppm), LPG (19.4 ppm), CO (14.5 ppm), M?c kh? gas: An to?n",Auto,OFF,OFF,OFF,OFF,
5/11/2025,9:19:48,30.336,78.239,15.55105,24.27074,17.05173,13.69283,21.56555,0.94922,An toan,An toan,"Nhi?t ?? 30.3?C, ?? ?m 78.2%, Kh? CO th?p (13.7 ppm), M?c ch?y: An to?n","Kh? CH4 (24.3 ppm), LPG (17.1 ppm), CO (13.7 ppm), M?c kh? gas: An to?n",Auto,OFF,OFF,OFF,OFF,
5/11/2025,9:22:11,30.198,74.046,15.64518,26.53854,17.06631,14.77758,14.19899,0.76469,An toan,An toan,"Nhi?t ?? 30.2?C, ?? ?m 74.0%, Kh? CO th?p (14.8 ppm), M?c ch?y: An to?n","Kh? CH4 (26.5 ppm), LPG (17.1 ppm), CO (14.8 ppm), M?c kh? gas: An to?n",Auto,OFF,OFF,OFF,OFF,
5/11/2025,9:22:37,30.429,69.871,15.41596,26.15045,19.9842,14.1046,18.27929,0.96867,An toan,An toan,"Nhi?t ?? 30.4?C, ?? ?m 69.9%, Kh? CO th?p (14.1 ppm), M?c ch?y: An to?n","Kh? CH4 (26.2 ppm), LPG (20.0 ppm), CO (14.1 ppm), M?c kh? gas: An to?n",Auto,OFF,OFF,OFF,OFF,
5/11/2025,9:24:03,30.49,72.615,14.07396,26.83593,17.23602,13.78725,21.63837,0.82621,An toan,An toan,"Nhi?t ?? 30.5?C, ?? ?m 72.6%, Kh? CO th?p (13.8 ppm), M?c ch?y: An to?n","Kh? CH4 (26.8 ppm), LPG (17.2 ppm), CO (13.8 ppm), M?c kh? gas: An to?n",Auto,OFF,OFF,OFF,OFF,
5/11/2025,9:29:48,30.168,70.116,14.96822,26.93427,19.15354,14.50088,25.72832,0.8116,An toan,An toan,"Nhi?t ?? 30.2?C, ?? ?m 70.1%, Kh? CO th?p (14.5 ppm), M?c ch?y: An to?n","Kh? CH4 (26.9 ppm), LPG (19.2 ppm), CO (14.5 ppm), M?c kh? gas: An to?n",Auto,OFF,OFF,OFF,OFF,
5/11/2025,9:31:31,29.993,74.367,14.96985,25.93815,17.49975,13.93239,11.74658,0.99024,An toan,An toan,"Nhi?t ?? 30.0?C, ?? ?m 74.4%, Kh? CO th?p (13.9 ppm), M?c ch?y: An to?n","Kh? CH4 (25.9 ppm), LPG (17.5 ppm), CO (13.9 ppm), M?c kh? gas: An to?n",Auto,OFF,OFF,OFF,OFF,
5/11/2025,9:37:55,30.677,76.152,15.00348,25.22241,19.52284,14.32511,10.23829,0.86134,An toan,An toan,"Nhi?t ?? 30.7?C, ?? ?m 76.2%, Kh? CO th?p (14.3 ppm), M?c ch?y: An to?n","Kh? CH4 (25.2 ppm), LPG (19.5 ppm), CO (14.3 ppm), M?c kh? gas: An to?n",Auto,OFF,OFF,OFF,OFF,
5/11/2025,9:42:19,29.691,74.148,15.36172,26.41204,19.86864,14.99838,14.97292,0.21127,An toan,An toan,"Nhi?t ?? 29.7?C, ?? ?m 74.1%, Kh? CO th?p (15.0 ppm), M?c ch?y: An to?n","Kh? CH4 (26.4 ppm), LPG (19.9 ppm), CO (15.0 ppm), M?c kh? gas: An to?n",Auto,OFF,OFF,OFF,OFF,
5/11/2025,9:42:46,29.886,79.381,14.72019,24.00663,19.08355,13.92629,29.11164,0.91976,An toan,An toan,"Nhi?t ?? 29.9?C, ?? ?m 79.4%, Kh? CO th?p (13.9 ppm), M?c ch?y: An to?n","Kh? CH4 (24.0 ppm), LPG (19.1 ppm), CO (13.9 ppm), M?c kh? gas: An to?n",Auto,OFF,OFF,OFF,OFF,
5/11/2025,9:46:29,29.504,71.768,14.41052,24.06897,18.5018,13.42176,21.50483,0.48592,An toan,An toan,"Nhi?t ?? 29.5?C, ?? ?m 71.8%, Kh? CO th?p (13.4 ppm), M?c ch?y: An to?n","Kh? CH4 (24.1 ppm), LPG (18.5 ppm), CO (13.4 ppm), M?c kh? gas: An to?n",Auto,OFF,OFF,OFF,OFF,
5/11/2025,9:50:40,29.377,77.38,15.08796,25.47673,19.20606,14.44099,29.97192,0.93847,An toan,An toan,"Nhi?t ?? 29.4?C, ?? ?m 77.4%, Kh? CO th?p (14.4 ppm), M?c ch?y: An to?n","Kh? CH4 (25.5 ppm), LPG (19.2 ppm), CO (14.4 ppm), M?c kh? gas: An to?n",Auto,OFF,OFF,OFF,OFF,
5/11/2025,9:53:02,30.02,79.405,14.93721,24.67491,19.66502,14.38246,22.73126,0.99776,An toan,An toan,"Nhi?t ?? 30.0?C, ?? ?m 79.4%, Kh? CO th?p (14.4 ppm), M?c ch?y: An to?n","Kh? CH4 (24.7 ppm), LPG (19.7 ppm), CO (14.4 ppm), M?c kh? gas: An to?n",Auto,OFF,OFF,OFF,OFF,
5/11/2025,9:53:25,30.248,79.164,14.24658,26.8538,19.05417,13.53372,26.45717,0.66627,An toan,An toan,"Nhi?t ?? 30.2?C, ?? ?m 79.2%, Kh? CO th?p (13.5 ppm), M?c ch?y: An to?n","Kh? CH4 (26.9 ppm), LPG (19.1 ppm), CO (13.5 ppm), M?c kh? gas: An to?n",Auto,OFF,OFF,OFF,OFF,
5/11/2025,9:55:58,30.356,77.48,14.91451,25.47148,17.26048,14.83252,12.45476,0.74011,An toan,An toan,"Nhi?t ?? 30.4?C, ?? ?m 77.5%, Kh? CO th?p (14.8 ppm), M?c ch?y: An to?n","Kh? CH4 (25.5 ppm), LPG (17.3 ppm), CO (14.8 ppm), M?c kh? gas: An to?n",Auto,OFF,OFF,OFF,OFF,
5/11/2025,9:56:30,30.24,72.985,14.79485,26.87487,18.78386,14.05572,12.04748,0.82507,An toan,An toan,"Nhi?t ?? 30.2?C, ?? ?m 73.0%, Kh? CO th?p (14.1 ppm), M?c ch?y: An to?n","Kh? CH4 (26.9 ppm), LPG (18.8 ppm), CO (14.1 ppm), M?c kh? gas: An to?n",Auto,OFF,OFF,OFF,OFF,
5/11/2025,10:06:44,30.016,74.736,14.06455,25.40495,17.68894,13.31868,15.89581,0.44226,An toan,An toan,"Nhi?t ?? 30.0?C, ?? ?m 74.7%, Kh? CO th?p (13.3 ppm), M?c ch?y: An to?n","Kh? CH4 (25.4 ppm), LPG (17.7 ppm), CO (13.3 ppm), M?c kh? gas: An to?n",Auto,OFF,OFF,OFF,OFF,
5/11/2025,10:08:18,29.851,70.302,14.76221,24.09486,18.6282,13.06883,20.47067,0.79094,An toan,An toan,"Nhi?t ?? 29.9?C, ?? ?m 70.3%, Kh? CO th?p (13.1 ppm), M?c ch?y: An to?n","Kh? CH4 (24.1 ppm), LPG (18.6 ppm), CO (13.1 ppm), M?c kh? gas: An to?n",Auto,OFF,OFF,OFF,OFF,
5/11/2025,10:13:50,30.178,79.788,14.57398,26.89074,19.79916,14.51724,28.34442,0.32515,An toan,An toan,"Nhi?t ?? 30.2?C, ?? ?m 79.8%, Kh? CO th?p (14.5 ppm), M?c ch?y: An to?n","Kh? CH4 (26.9 ppm), LPG (19.8 ppm), CO (14.5 ppm), M?c kh? gas: An to?n",Auto,OFF,OFF,OFF,OFF,
5/11/2025,10:16:42,30.467,74.39,14.99499,24.80312,18.93856,13.82442,19.02821,0.43351,An toan,An toan,"Nhi?t ?? 30.5?C, ?? ?m 74.4%, Kh? CO th?p (13.8 ppm), M?c ch?y: An to?n","Kh? CH4 (24.8 ppm), LPG (18.9 ppm), CO (13.8 ppm), M?c kh? gas: An to?n",Auto,OFF,OFF,OFF,OFF,
5/11/2025,10:20:28,30.035,70.259,14.85726,24.95563,18.24571,14.41245,17.83215,0.64022,An toan,An toan,"Nhi?t ?? 30.0?C, ?? ?m 70.3%, Kh? CO th?p (14.4 ppm), M?c ch?y: An to?n","Kh? CH4 (25.0 ppm), LPG (18.2 ppm), CO (14.4 ppm), M?c kh? gas: An to?n",Auto,OFF,OFF,OFF,OFF,
5/11/2025,10:22:35,30.091,78.187,15.2405,25.56848,17.41713,14.65524,16.35318,0.92803,An toan,An toan,"Nhi?t ?? 30.1?C, ?? ?m 78.2%, Kh? CO th?p (14.7 ppm), M?c ch?y: An to?n","Kh? CH4 (25.6 ppm), LPG (17.4 ppm), CO (14.7 ppm), M?c kh? gas: An to?n",Auto,OFF,OFF,OFF,OFF,
5/11/2025,10:23:37,30.421,79.395,14.84373,25.3121,17.45547,13.57657,23.10125,0.19184,An toan,An toan,"Nhi?t ?? 30.4?C, ?? ?m 79.4%, Kh? CO th?p (13.6 ppm), M?c ch?y: An to?n","Kh? CH4 (25.3 ppm), LPG (17.5 ppm), CO (13.6 ppm), M?c kh? gas: An to?n",Auto,OFF,OFF,OFF,OFF,
5/11/2025,10:25:30,30.034,69.012,14.37925,26.21924,17.10752,14.14225,14.74359,0.51269,An toan,An toan,"Nhi?t ?? 30.0?C, ?? ?m 69.0%, Kh? CO th?p (14.1 ppm), M?c ch?y: An to?n","Kh? CH4 (26.2 ppm), LPG (17.1 ppm), CO (14.1 ppm), M?c kh? gas: An to?n",Auto,OFF,OFF,OFF,OFF,
5/11/2025,10:30:17,30.928,79.909,15.81777,26.86595,17.46929,14.72878,29.08645,0.77779,An toan,An toan,"Nhi?t ?? 30.9?C, ?? ?m 79.9%, Kh? CO th?p (14.7 ppm), M?c ch?y: An to?n","Kh? CH4 (26.9 ppm), LPG (17.5 ppm), CO (14.7 ppm), M?c kh? gas: An to?n",Auto,OFF,OFF,OFF,OFF,
5/11/2025,10:30:37,30.014,76.147,14.40567,24.92065,17.75873,13.06493,11.24522,0.36689,An toan,An toan,"Nhi?t ?? 30.0?C, ?? ?m 76.1%, Kh? CO th?p (13.1 ppm), M?c ch?y: An to?n","Kh? CH4 (24.9 ppm), LPG (17.8 ppm), CO (13.1 ppm), M?c kh? gas: An to?n",Auto,OFF,OFF,OFF,OFF,
5/11/2025,10:31:33,30.822,79.95,14.36663,26.88876,19.66336,13.63879,20.5392,0.97886,An toan,An toan,"Nhi?t ?? 30.8?C, ?? ?m 79.9%, Kh? CO th?p (13.6 ppm), M?c ch?y: An to?n","Kh? CH4 (26.9 ppm), LPG (19.7 ppm), CO (13.6 ppm), M?c kh? gas: An to?n",Auto,OFF,OFF,OFF,OFF,
5/11/2025,10:43:17,30.559,72.33,14.02704,25.08202,17.42128,13.80144,28.60682,0.56302,An toan,An toan,"Nhi?t ?? 30.6?C, ?? ?m 72.3%, Kh? CO th?p (13.8 ppm), M?c ch?y: An to?n","Kh? CH4 (25.1 ppm), LPG (17.4 ppm), CO (13.8 ppm), M?c kh? gas: An to?n",Auto,OFF,OFF,OFF,OFF,
5/11/2025,10:46:36,30.058,71.823,15.02134,26.83475,18.73329,14.96324,24.09087,0.1124,An toan,An toan,"Nhi?t ?? 30.1?C, ?? ?m 71.8%, Kh? CO th?p (15.0 ppm), M?c ch?y: An to?n","Kh? CH4 (26.8 ppm), LPG (18.7 ppm), CO (15.0 ppm), M?c kh? gas: An to?n",Auto,OFF,OFF,OFF,OFF,
5/11/2025,10:47:03,30.777,77.541,14.90409,24.59432,19.4621,13.9669,18.08538,0.29507,An toan,An toan,"Nhi?t ?? 30.8?C, ?? ?m 77.5%, Kh? CO th?p (14.0 ppm), M?c ch?y: An to?n","Kh? CH4 (24.6 ppm), LPG (19.5 ppm), CO (14.0 ppm), M?c kh? gas: An to?n",Auto,OFF,OFF,OFF,OFF,
5/11/2025,10:48:54,29.541,72.855,14.91543,25.51316,17.59127,14.41684,27.90066,0.95234,An toan,An toan,"Nhi?t ?? 29.5?C, ?? ?m 72.9%, Kh? CO th?p (14.4 ppm), M?c ch?y: An to?n","Kh? CH4 (25.5 ppm), LPG (17.6 ppm), CO (14.4 ppm), M?c kh? gas: An to?n",Auto,OFF,OFF,OFF,OFF,
5/11/2025,10:53:02,29.913,77.935,15.74868,24.60938,18.6684,13.95876,29.26541,0.11688,An toan,An toan,"Nhi?t ?? 29.9?C, ?? ?m 77.9%, Kh? CO th?p (14.0 ppm), M?c ch?y: An to?n","Kh? CH4 (24.6 ppm), LPG (18.7 ppm), CO (14.0 ppm), M?c kh? gas: An to?n",Auto,OFF,OFF,OFF,OFF,
5/11/2025,10:55:47,29.657,69.519,14.43376,24.12498,18.68909,13.01407,12.35179,0.95493,An toan,An toan,"Nhi?t ?? 29.7?C, ?? ?m 69.5%, Kh? CO th?p (13.0 ppm), M?c ch?y: An to?n","Kh? CH4 (24.1 ppm), LPG (18.7 ppm), CO (13.0 ppm), M?c kh? gas: An to?n",Auto,OFF,OFF,OFF,OFF,
5/11/2025,10:56:04,29.04,76.189,15.94995,24.24238,19.94795,14.04771,20.16658,0.79271,An toan,An toan,"Nhi?t ?? 29.0?C, ?? ?m 76.2%, Kh? CO th?p (14.0 ppm), M?c ch?y: An to?n","Kh? CH4 (24.2 ppm), LPG (19.9 ppm), CO (14.0 ppm), M?c kh? gas: An to?n",Auto,OFF,OFF,OFF,OFF,
5/11/2025,10:57:22,30.697,70.52,14.51691,26.60638,19.45209,14.34807,23.48852,0.34561,An toan,An toan,"Nhi?t ?? 30.7?C, ?? ?m 70.5%, Kh? CO th?p (14.3 ppm), M?c ch?y: An to?n","Kh? CH4 (26.6 ppm), LPG (19.5 ppm), CO (14.3 ppm), M?c kh? gas: An to?n",Auto,OFF,OFF,OFF,OFF,
5/11/2025,10:58:00,29.7,69.737,15.61721,25.49158,19.7416,14.53482,23.30466,0.39253,An toan,An toan,"Nhi?t ?? 29.7?C, ?? ?m 69.7%, Kh? CO th?p (14.5 ppm), M?c ch?y: An to?n","Kh? CH4 (25.5 ppm), LPG (19.7 ppm), CO (14.5 ppm), M?c kh? gas: An to?n",Auto,OFF,OFF,OFF,OFF,
5/11/2025,11:01:04,30.744,79.302,15.81046,26.52033,17.87265,14.82575,16.71593,0.85273,An toan,An toan,"Nhi?t ?? 30.7?C, ?? ?m 79.3%, Kh? CO th?p (14.8 ppm), M?c ch?y: An to?n","Kh? CH4 (26.5 ppm), LPG (17.9 ppm), CO (14.8 ppm), M?c kh? gas: An to?n",Auto,OFF,OFF,OFF,OFF,
5/11/2025,11:01:44,29.626,70.227,14.4913,26.99041,18.51585,13.4442,14.03424,0.45439,An toan,An toan,"Nhi?t ?? 29.6?C, ?? ?m 70.2%, Kh? CO th?p (13.4 ppm), M?c ch?y: An to?n","Kh? CH4 (27.0 ppm), LPG (18.5 ppm), CO (13.4 ppm), M?c kh? gas: An to?n",Auto,OFF,OFF,OFF,OFF,
5/11/2025,11:05:13,29.891,77.46,15.07209,25.26481,18.72227,13.97987,29.85091,0.34843,An toan,An toan,"Nhi?t ?? 29.9?C, ?? ?m 77.5%, Kh? CO th?p (14.0 ppm), M?c ch?y: An to?n","Kh? CH4 (25.3 ppm), LPG (18.7 ppm), CO (14.0 ppm), M?c kh? gas: An to?n",Auto,OFF,OFF,OFF,OFF,
5/11/2025,11:15:43,30.37,73.036,14.49791,25.09307,17.97503,13.63744,25.05138,0.33732,An toan,An toan,"Nhi?t ?? 30.4?C, ?? ?m 73.0%, Kh? CO th?p (13.6 ppm), M?c ch?y: An to?n","Kh? CH4 (25.1 ppm), LPG (18.0 ppm), CO (13.6 ppm), M?c kh? gas: An to?n",Auto,OFF,OFF,OFF,OFF,
5/11/2025,11:15:59,30.848,79.764,15.02536,24.86246,19.84164,14.23547,21.94467,0.48432,An toan,An toan,"Nhi?t ?? 30.8?C, ?? ?m 79.8%, Kh? CO th?p (14.2 ppm), M?c ch?y: An to?n","Kh? CH4 (24.9 ppm), LPG (19.8 ppm), CO (14.2 ppm), M?c kh? gas: An to?n",Auto,OFF,OFF,OFF,OFF,
5/11/2025,11:16:45,30.389,75.496,14.03255,26.73808,17.52948,13.57856,24.94268,0.96676,An toan,An toan,"Nhi?t ?? 30.4?C, ?? ?m 75.5%, Kh? CO th?p (13.6 ppm), M?c ch?y: An to?n","Kh? CH4 (26.7 ppm), LPG (17.5 ppm), CO (13.6 ppm), M?c kh? gas: An to?n",Auto,OFF,OFF,OFF,OFF,
5/11/2025,11:17:57,29.191,73.677,15.41782,26.42373,18.24553,13.66349,16.55515,0.67272,An toan,An toan,"Nhi?t ?? 29.2?C, ?? ?m 73.7%, Kh? CO th?p (13.7 ppm), M?c ch?y: An to?n","Kh? CH4 (26.4 ppm), LPG (18.2 ppm), CO (13.7 ppm), M?c kh? gas: An to?n",Auto,OFF,OFF,OFF,OFF,
5/11/2025,11:20:01,30.782,69.552,15.83179,25.22579,19.89563,13.02918,13.8121,0.30257,An toan,An toan,"Nhi?t ?? 30.8?C, ?? ?m 69.6%, Kh? CO th?p (13.0 ppm), M?c ch?y: An to?n","Kh? CH4 (25.2 ppm), LPG (19.9 ppm), CO (13.0 ppm), M?c kh? gas: An to?n",Auto,OFF,OFF,OFF,OFF,
5/11/2025,11:21:00,29.969,75.368,14.88528,24.13835,17.95064,14.68069,16.71336,0.60912,An toan,An toan,"Nhi?t ?? 30.0?C, ?? ?m 75.4%, Kh? CO th?p (14.7 ppm), M?c ch?y: An to?n","Kh? CH4 (24.1 ppm), LPG (18.0 ppm), CO (14.7 ppm), M?c kh? gas: An to?n",Auto,OFF,OFF,OFF,OFF,
5/11/2025,11:32:55,29.616,73.041,14.15208,25.07701,17.11986,13.9651,16.66886,0.44104,An toan,An toan,"Nhi?t ?? 29.6?C, ?? ?m 73.0%, Kh? CO th?p (14.0 ppm), M?c ch?y: An to?n","Kh? CH4 (25.1 ppm), LPG (17.1 ppm), CO (14.0 ppm), M?c kh? gas: An to?n",Auto,OFF,OFF,OFF,OFF,
5/11/2025,11:34:31,30.47,74.626,15.77729,26.08457,17.10067,14.91901,29.05153,0.90348,An toan,An toan,"Nhi?t ?? 30.5?C, ?? ?m 74.6%, Kh? CO th?p (14.9 ppm), M?c ch?y: An to?n","Kh? CH4 (26.1 ppm), LPG (17.1 ppm), CO (14.9 ppm), M?c kh? gas: An to?n",Auto,OFF,OFF,OFF,OFF,
5/11/2025,11:34:52,29.665,77.948,14.00227,26.87603,18.61784,13.95924,17.42976,0.91006,An toan,An toan,"Nhi?t ?? 29.7?C, ?? ?m 77.9%, Kh? CO th?p (14.0 ppm), M?c ch?y: An to?n","Kh? CH4 (26.9 ppm), LPG (18.6 ppm), CO (14.0 ppm), M?c kh? gas: An to?n",Auto,OFF,OFF,OFF,OFF,
5/11/2025,11:42:03,30.764,71.465,15.97225,25.1127,17.57176,14.10108,24.52324,0.79459,An toan,An toan,"Nhi?t ?? 30.8?C, ?? ?m 71.5%, Kh? CO th?p (14.1 ppm), M?c ch?y: An to?n","Kh? CH4 (25.1 ppm), LPG (17.6 ppm), CO (14.1 ppm), M?c kh? gas: An to?n",Auto,OFF,OFF,OFF,OFF,
5/11/2025,11:44:57,30.271,76.3,15.58298,24.67894,18.1421,13.94182,14.62638,0.55482,An toan,An toan,"Nhi?t ?? 30.3?C, ?? ?m 76.3%, Kh? CO th?p (13.9 ppm), M?c ch?y: An to?n","Kh? CH4 (24.7 ppm), LPG (18.1 ppm), CO (13.9 ppm), M?c kh? gas: An to?n",Auto,OFF,OFF,OFF,OFF,
5/11/2025,11:47:04,29.94,70.161,14.57638,24.24265,19.12786,13.06,23.14937,0.96,An toan,An toan,"Nhi?t ?? 29.9?C, ?? ?m 70.2%, Kh? CO th?p (13.1 ppm), M?c ch?y: An to?n","Kh? CH4 (24.2 ppm), LPG (19.1 ppm), CO (13.1 ppm), M?c kh? gas: An to?n",Auto,OFF,OFF,OFF,OFF,
5/11/2025,11:51:49,29.178,71.364,14.31351,24.78391,17.93462,14.98303,10.60562,0.15364,An toan,An toan,"Nhi?t ?? 29.2?C, ?? ?m 71.4%, Kh? CO th?p (15.0 ppm), M?c ch?y: An to?n","Kh? CH4 (24.8 ppm), LPG (17.9 ppm), CO (15.0 ppm), M?c kh? gas: An to?n",Auto,OFF,OFF,OFF,OFF,
5/11/2025,11:52:03,29.878,72.036,14.65084,24.67521,19.40824,14.30817,15.82002,0.42322,An toan,An toan,"Nhi?t ?? 29.9?C, ?? ?m 72.0%, Kh? CO th?p (14.3 ppm), M?c ch?y: An to?n","Kh? CH4 (24.7 ppm), LPG (19.4 ppm), CO (14.3 ppm), M?c kh? gas: An to?n",Auto,OFF,OFF,OFF,OFF,
5/11/2025,11:55:27,29.62,69.367,14.31557,25.5006,18.30967,13.5691,25.24909,0.72918,An toan,An toan,"Nhi?t ?? 29.6?C, ?? ?m 69.4%, Kh? CO th?p (13.6 ppm), M?c ch?y: An to?n","Kh? CH4 (25.5 ppm), LPG (18.3 ppm), CO (13.6 ppm), M?c kh? gas: An to?n",Auto,OFF,OFF,OFF,OFF,
5/11/2025,11:56:52,29.43,79.394,14.70288,26.0769,19.88015,13.93567,19.95745,0.59988,An toan,An toan,"Nhi?t ?? 29.4?C, ?? ?m 79.4%, Kh? CO th?p (13.9 ppm), M?c ch?y: An to?n","Kh? CH4 (26.1 ppm), LPG (19.9 ppm), CO (13.9 ppm), M?c kh? gas: An to?n",Auto,OFF,OFF,OFF,OFF,
5/11/2025,11:59:51,30.945,69.631,14.07334,25.34949,18.62098,13.73923,24.40889,0.55739,An toan,An toan,"Nhi?t ?? 30.9?C, ?? ?m 69.6%, Kh? CO th?p (13.7 ppm), M?c ch?y: An to?n","Kh? CH4 (25.3 ppm), LPG (18.6 ppm), CO (13.7 ppm), M?c kh? gas: An to?n",Auto,OFF,OFF,OFF,OFF,
5/11/2025,12:00:14,29.567,75.715,14.52652,26.78375,19.80648,13.38847,22.39721,0.63615,An toan,An toan,"Nhi?t ?? 29.6?C, ?? ?m 75.7%, Kh? CO th?p (13.4 ppm), M?c ch?y: An to?n","Kh? CH4 (26.8 ppm), LPG (19.8 ppm), CO (13.4 ppm), M?c kh? gas: An to?n",Auto,OFF,OFF,OFF,OFF,
5/11/2025,12:01:11,30.714,69.611,15.59008,26.66571,17.49137,14.7404,12.71116,0.13863,An toan,An toan,"Nhi?t ?? 30.7?C, ?? ?m 69.6%, Kh? CO th?p (14.7 ppm), M?c ch?y: An to?n","Kh? CH4 (26.7 ppm), LPG (17.5 ppm), CO (14.7 ppm), M?c kh? gas: An to?n",Auto,OFF,OFF,OFF,OFF,
5/11/2025,12:05:46,30.087,77.451,14.4392,25.70798,18.11489,14.50629,16.11291,0.67759,An toan,An toan,"Nhi?t ?? 30.1?C, ?? ?m 77.5%, Kh? CO th?p (14.5 ppm), M?c ch?y: An to?n","Kh? CH4 (25.7 ppm), LPG (18.1 ppm), CO (14.5 ppm), M?c kh? gas: An to?n",Auto,OFF,OFF,OFF,OFF,
5/11/2025,12:10:52,29.752,72.014,15.03574,24.26156,18.04958,14.17184,14.50971,0.88106,An toan,An toan,"Nhi?t ?? 29.8?C, ?? ?m 72.0%, Kh? CO th?p (14.2 ppm), M?c ch?y: An to?n","Kh? CH4 (24.3 ppm), LPG (18.0 ppm), CO (14.2 ppm), M?c kh? gas: An to?n",Auto,OFF,OFF,OFF,OFF,
5/11/2025,12:13:24,29.832,69.658,15.40999,24.45455,17.49029,13.72916,23.59128,0.15196,An toan,An toan,"Nhi?t ?? 29.8?C, ?? ?m 69.7%, Kh? CO th?p (13.7 ppm), M?c ch?y: An to?n","Kh? CH4 (24.5 ppm), LPG (17.5 ppm), CO (13.7 ppm), M?c kh? gas: An to?n",Auto,OFF,OFF,OFF,OFF,
5/11/2025,12:23:21,29.85,78.186,14.36812,25.59656,17.44406,14.52323,16.70134,0.18359,An toan,An toan,"Nhi?t ?? 29.9?C, ?? ?m 78.2%, Kh? CO th?p (14.5 ppm), M?c ch?y: An to?n","Kh? CH4 (25.6 ppm), LPG (17.4 ppm), CO (14.5 ppm), M?c kh? gas: An to?n",Auto,OFF,OFF,OFF,OFF,
5/11/2025,12:26:24,29.737,79.934,14.90966,24.67606,17.35402,14.55727,24.36695,0.53943,An toan,An toan,"Nhi?t ?? 29.7?C, ?? ?m 79.9%, Kh? CO th?p (14.6 ppm), M?c ch?y: An to?n","Kh? CH4 (24.7 ppm), LPG (17.4 ppm), CO (14.6 ppm), M?c kh? gas: An to?n",Auto,OFF,OFF,OFF,OFF,
5/11/2025,12:26:51,29.378,77.632,15.13776,25.5137,17.25779,14.09384,24.22405,0.85046,An toan,An toan,"Nhi?t ?? 29.4?C, ?? ?m 77.6%, Kh? CO th?p (14.1 ppm), M?c ch?y: An to?n","Kh? CH4 (25.5 ppm), LPG (17.3 ppm), CO (14.1 ppm), M?c kh? gas: An to?n",Auto,OFF,OFF,OFF,OFF,
5/11/2025,12:30:47,30.042,78.256,14.07371,24.91928,19.8658,14.85146,28.02094,0.11645,An toan,An toan,"Nhi?t ?? 30.0?C, ?? ?m 78.3%, Kh? CO th?p (14.9 ppm), M?c ch?y: An to?n","Kh? CH4 (24.9 ppm), LPG (19.9 ppm), CO (14.9 ppm), M?c kh? gas: An to?n",Auto,OFF,OFF,OFF,OFF,
5/11/2025,12:36:59,29.04,71.776,14.75936,24.50689,18.03382,14.61531,20.21168,0.78031,An toan,An toan,"Nhi?t ?? 29.0?C, ?? ?m 71.8%, Kh? CO th?p (14.6 ppm), M?c ch?y: An to?n","Kh? CH4 (24.5 ppm), LPG (18.0 ppm), CO (14.6 ppm), M?c kh? gas: An to?n",Auto,OFF,OFF,OFF,OFF,
5/11/2025,12:37:32,29.276,73.592,14.66134,24.57522,18.53735,13.34666,19.52101,0.65061,An toan,An toan,"Nhi?t ?? 29.3?C, ?? ?m 73.6%, Kh? CO th?p (13.3 ppm), M?c ch?y: An to?n","Kh? CH4 (24.6 ppm), LPG (18.5 ppm), CO (13.3 ppm), M?c kh? gas: An to?n",Auto,OFF,OFF,OFF,OFF,
5/11/2025,12:40:49,29.683,77.29,14.37143,26.88918,19.15015,14.47179,29.84308,0.98377,An toan,An toan,"Nhi?t ?? 29.7?C, ?? ?m 77.3%, Kh? CO th?p (14.5 ppm), M?c ch?y: An to?n","Kh? CH4 (26.9 ppm), LPG (19.2 ppm), CO (14.5 ppm), M?c kh? gas: An to?n",Auto,OFF,OFF,OFF,OFF,
5/11/2025,12:42:43,30.589,77.818,14.1658,24.63878,19.33594,14.08083,16.81638,0.52956,An toan,An toan,"Nhi?t ?? 30.6?C, ?? ?m 77.8%, Kh? CO th?p (14.1 ppm), M?c ch?y: An to?n","Kh? CH4 (24.6 ppm), LPG (19.3 ppm), CO (14.1 ppm), M?c kh? gas: An to?n",Auto,OFF,OFF,OFF,OFF,
5/11/2025,12:45:19,30.358,70.471,14.67495,24.97972,17.41652,13.7997,13.94634,0.76356,An toan,An toan,"Nhi?t ?? 30.4?C, ?? ?m 70.5%, Kh? CO th?p (13.8 ppm), M?c ch?y: An to?n","Kh? CH4 (25.0 ppm), LPG (17.4 ppm), CO (13.8 ppm), M?c kh? gas: An to?n",Auto,OFF,OFF,OFF,OFF,
5/11/2025,12:48:24,30.066,78.897,15.16669,26.6434,17.10902,14.04616,22.20899,0.476,An toan,An toan,"Nhi?t ?? 30.1?C, ?? ?m 78.9%, Kh? CO th?p (14.0 ppm), M?c ch?y: An to?n","Kh? CH4 (26.6 ppm), LPG (17.1 ppm), CO (14.0 ppm), M?c kh? gas: An to?n",Auto,OFF,OFF,OFF,OFF,
5/11/2025,12:50:28,29.956,69.199,14.33054,25.6541,19.88299,13.02259,15.27613,0.97788,An toan,An toan,"Nhi?t ?? 30.0?C, ?? ?m 69.2%, Kh? CO th?p (13.0 ppm), M?c ch?y: An to?n","Kh? CH4 (25.7 ppm), LPG (19.9 ppm), CO (13.0 ppm), M?c kh? gas: An to?n",Auto,OFF,OFF,OFF,OFF,
5/11/2025,12:52:56,29.665,79.86,15.00238,24.20991,19.74055,13.96872,10.93909,0.73802,An toan,An toan,"Nhi?t ?? 29.7?C, ?? ?m 79.9%, Kh? CO th?p (14.0 ppm), M?c ch?y: An to?n","Kh? CH4 (24.2 ppm), LPG (19.7 ppm), CO (14.0 ppm), M?c kh? gas: An to?n",Auto,OFF,OFF,OFF,OFF,
5/11/2025,12:53:00,30.799,69.073,15.407,26.32542,19.24186,13.41625,23.0944,0.48499,An toan,An toan,"Nhi?t ?? 30.8?C, ?? ?m 69.1%, Kh? CO th?p (13.4 ppm), M?c ch?y: An to?n","Kh? CH4 (26.3 ppm), LPG (19.2 ppm), CO (13.4 ppm), M?c kh? gas: An to?n",Auto,OFF,OFF,OFF,OFF,
5/11/2025,12:57:22,30.366,75.466,15.69199,24.72185,18.44006,14.53198,20.2548,0.34214,An toan,An toan,"Nhi?t ?? 30.4?C, ?? ?m 75.5%, Kh? CO th?p (14.5 ppm), M?c ch?y: An to?n","Kh? CH4 (24.7 ppm), LPG (18.4 ppm), CO (14.5 ppm), M?c kh? gas: An to?n",Auto,OFF,OFF,OFF,OFF,
5/11/2025,12:59:22,30.517,75.251,15.02042,26.03759,17.95289,13.92148,14.86387,0.51356,An toan,An toan,"Nhi?t ?? 30.5?C, ?? ?m 75.3%, Kh? CO th?p (13.9 ppm), M?c ch?y: An to?n","Kh? CH4 (26.0 ppm), LPG (18.0 ppm), CO (13.9 ppm), M?c kh? gas: An to?n",Auto,OFF,OFF,OFF,OFF,
5/11/2025,13:02:31,29.38,72.175,14.3475,24.67733,19.53656,14.24645,25.60344,0.66273,An toan,An toan,"Nhi?t ?? 29.4?C, ?? ?m 72.2%, Kh? CO th?p (14.2 ppm), M?c ch?y: An to?n","Kh? CH4 (24.7 ppm), LPG (19.5 ppm), CO (14.2 ppm), M?c kh? gas: An to?n",Auto,OFF,OFF,OFF,OFF,
5/11/2025,13:04:28,30.89,71.084,14.5177,25.63716,17.69976,13.5647,16.29073,0.32217,An toan,An toan,"Nhi?t ?? 30.9?C, ?? ?m 71.1%, Kh? CO th?p (13.6 ppm), M?c ch?y: An to?n","Kh? CH4 (25.6 ppm), LPG (17.7 ppm), CO (13.6 ppm), M?c kh? gas: An to?n",Auto,OFF,OFF,OFF,OFF,
5/11/2025,13:04:35,29.391,79.354,15.01523,24.33176,17.32255,14.05845,15.70836,0.26792,An toan,An toan,"Nhi?t ?? 29.4?C, ?? ?m 79.4%, Kh? CO th?p (14.1 ppm), M?c ch?y: An to?n","Kh? CH4 (24.3 ppm), LPG (17.3 ppm), CO (14.1 ppm), M?c kh? gas: An to?n",Auto,OFF,OFF,OFF,OFF,
5/11/2025,13:07:13,30.153,69.072,15.89409,26.12136,17.9751,13.69592,16.71903,0.88775,An toan,An toan,"Nhi?t ?? 30.2?C, ?? ?m 69.1%, Kh? CO th?p (13.7 ppm), M?c ch?y: An to?n","Kh? CH4 (26.1 ppm), LPG (18.0 ppm), CO (13.7 ppm), M?c kh? gas: An to?n",Auto,OFF,OFF,OFF,OFF,
5/11/2025,13:21:03,30.399,73.455,14.08242,24.27977,19.37138,13.47832,18.83814,0.42942,An toan,An toan,"Nhi?t ?? 30.4?C, ?? ?m 73.5%, Kh? CO th?p (13.5 ppm), M?c ch?y: An to?n","Kh? CH4 (24.3 ppm), LPG (19.4 ppm), CO (13.5 ppm), M?c kh? gas: An to?n",Auto,OFF,OFF,OFF,OFF,
5/11/2025,13:23:40,29.669,75.267,15.47926,26.72148,18.60417,13.54242,27.94816,0.10358,An toan,An toan,"Nhi?t ?? 29.7?C, ?? ?m 75.3%, Kh? CO th?p (13.5 ppm), M?c ch?y: An to?n","Kh? CH4 (26.7 ppm), LPG (18.6 ppm), CO (13.5 ppm), M?c kh? gas: An to?n",Auto,OFF,OFF,OFF,OFF,
5/11/2025,13:25:11,30.822,69.731,15.97576,24.45517,18.7053,14.75006,28.51301,0.89049,An toan,An toan,"Nhi?t ?? 30.8?C, ?? ?m 69.7%, Kh? CO th?p (14.8 ppm), M?c ch?y: An to?n","Kh? CH4 (24.5 ppm), LPG (18.7 ppm), CO (14.8 ppm), M?c kh? gas: An to?n",Auto,OFF,OFF,OFF,OFF,
5/11/2025,13:29:21,29.847,73.257,15.23298,26.21826,17.82797,14.55267,13.61464,0.8065,An toan,An toan,"Nhi?t ?? 29.8?C, ?? ?m 73.3%, Kh? CO th?p (14.6 ppm), M?c ch?y: An to?n","Kh? CH4 (26.2 ppm), LPG (17.8 ppm), CO (14.6 ppm), M?c kh? gas: An to?n",Auto,OFF,OFF,OFF,OFF,
5/11/2025,13:29:47,29.975,70.39,15.59816,26.26697,18.60963,13.51025,22.06078,0.27124,An toan,An toan,"Nhi?t ?? 30.0?C, ?? ?m 70.4%, Kh? CO th?p (13.5 ppm), M?c ch?y: An to?n","Kh? CH4 (26.3 ppm), LPG (18.6 ppm), CO (13.5 ppm), M?c kh? gas: An to?n",Auto,OFF,OFF,OFF,OFF,
5/11/2025,13:30:03,30.107,72.629,15.42639,26.96082,19.52769,13.89353,15.3199,0.82353,An toan,An toan,"Nhi?t ?? 30.1?C, ?? ?m 72.6%, Kh? CO th?p (13.9 ppm), M?c ch?y: An to?n","Kh? CH4 (27.0 ppm), LPG (19.5 ppm), CO (13.9 ppm), M?c kh? gas: An to?n",Auto,OFF,OFF,OFF,OFF,
5/11/2025,13:36:25,29.887,74.322,15.45024,26.76057,17.70116,14.45981,21.50126,0.42411,An toan,An toan,"Nhi?t ?? 29.9?C, ?? ?m 74.3%, Kh? CO th?p (14.5 ppm), M?c ch?y: An to?n","Kh? CH4 (26.8 ppm), LPG (17.7 ppm), CO (14.5 ppm), M?c kh? gas: An to?n",Auto,OFF,OFF,OFF,OFF,
5/11/2025,13:36:46,29.682,76.739,14.39922,26.95344,18.19279,13.18317,13.67795,0.41859,An toan,An toan,"Nhi?t ?? 29.7?C, ?? ?m 76.7%, Kh? CO th?p (13.2 ppm), M?c ch?y: An to?n","Kh? CH4 (27.0 ppm), LPG (18.2 ppm), CO (13.2 ppm), M?c kh? gas: An to?n",Auto,OFF,OFF,OFF,OFF,
5/11/2025,13:36:48,30.174,72.64,15.21087,24.73136,17.70563,13.9697,25.79453,0.93187,An toan,An toan,"Nhi?t ?? 30.2?C, ?? ?m 72.6%, Kh? CO th?p (14.0 ppm), M?c ch?y: An to?n","Kh? CH4 (24.7 ppm), LPG (17.7 ppm), CO (14.0 ppm), M?c kh? gas: An to?n",Auto,OFF,OFF,OFF,OFF,
5/11/2025,13:40:50,30.458,69.722,14.22036,24.99546,19.64009,14.79159,23.54847,0.95483,An toan,An toan,"Nhi?t ?? 30.5?C, ?? ?m 69.7%, Kh? CO th?p (14.8 ppm), M?c ch?y: An to?n","Kh? CH4 (25.0 ppm), LPG (19.6 ppm), CO (14.8 ppm), M?c kh? gas: An to?n",Auto,OFF,OFF,OFF,OFF,
5/11/2025,13:43:01,29.886,71.585,14.62411,26.5346,17.28526,14.07212,16.05038,0.10998,An toan,An toan,"Nhi?t ?? 29.9?C, ?? ?m 71.6%, Kh? CO th?p (14.1 ppm), M?c ch?y: An to?n","Kh? CH4 (26.5 ppm), LPG (17.3 ppm), CO (14.1 ppm), M?c kh? gas: An to?n",Auto,OFF,OFF,OFF,OFF,
5/11/2025,13:44:44,30.293,69.641,14.64502,26.73958,17.73736,14.44807,25.21877,0.91285,An toan,An toan,"Nhi?t ?? 30.3?C, ?? ?m 69.6%, Kh? CO th?p (14.4 ppm), M?c ch?y: An to?n","Kh? CH4 (26.7 ppm), LPG (17.7 ppm), CO (14.4 ppm), M?c kh? gas: An to?n",Auto,OFF,OFF,OFF,OFF,
5/11/2025,13:46:12,29.745,77.311,15.91573,24.6848,17.62746,14.39413,26.04643,0.78025,An toan,An toan,"Nhi?t ?? 29.7?C, ?? ?m 77.3%, Kh? CO th?p (14.4 ppm), M?c ch?y: An to?n","Kh? CH4 (24.7 ppm), LPG (17.6 ppm), CO (14.4 ppm), M?c kh? gas: An to?n",Auto,OFF,OFF,OFF,OFF,
5/11/2025,13:52:47,29.227,78.157,15.60714,24.34202,17.04238,14.67733,18.64853,0.45486,An toan,An toan,"Nhi?t ?? 29.2?C, ?? ?m 78.2%, Kh? CO th?p (14.7 ppm), M?c ch?y: An to?n","Kh? CH4 (24.3 ppm), LPG (17.0 ppm), CO (14.7 ppm), M?c kh? gas: An to?n",Auto,OFF,OFF,OFF,OFF,
5/11/2025,13:54:38,29.347,79.628,14.21331,24.04276,19.31807,14.4188,26.74326,0.89561,An toan,An toan,"Nhi?t ?? 29.3?C, ?? ?m 79.6%, Kh? CO th?p (14.4 ppm), M?c ch?y: An to?n","Kh? CH4 (24.0 ppm), LPG (19.3 ppm), CO (14.4 ppm), M?c kh? gas: An to?n",Auto,OFF,OFF,OFF,OFF,
5/11/2025,13:55:00,29.166,78.078,14.40382,25.76065,19.16504,13.59196,29.37547,0.46678,An toan,An toan,"Nhi?t ?? 29.2?C, ?? ?m 78.1%, Kh? CO th?p (13.6 ppm), M?c ch?y: An to?n","Kh? CH4 (25.8 ppm), LPG (19.2 ppm), CO (13.6 ppm), M?c kh? gas: An to?n",Auto,OFF,OFF,OFF,OFF,
5/11/2025,14:00:14,30.931,70.668,14.1232,24.9941,17.60277,14.9751,29.33648,0.3784,An toan,An toan,"Nhi?t ?? 30.9?C, ?? ?m 70.7%, Kh? CO th?p (15.0 ppm), M?c ch?y: An to?n","Kh? CH4 (25.0 ppm), LPG (17.6 ppm), CO (15.0 ppm), M?c kh? gas: An to?n",Auto,OFF,OFF,OFF,OFF,
5/11/2025,14:18:09,29.736,74.878,14.96718,26.10353,18.3377,14.67005,21.8082,0.48997,An toan,An toan,"Nhi?t ?? 29.7?C, ?? ?m 74.9%, Kh? CO th?p (14.7 ppm), M?c ch?y: An to?n","Kh? CH4 (26.1 ppm), LPG (18.3 ppm), CO (14.7 ppm), M?c kh? gas: An to?n",Auto,OFF,OFF,OFF,OFF,
5/11/2025,14:19:19,29.288,78.373,14.43169,26.02607,18.90905,13.83496,26.03458,0.10554,An toan,An toan,"Nhi?t ?? 29.3?C, ?? ?m 78.4%, Kh? CO th?p (13.8 ppm), M?c ch?y: An to?n","Kh? CH4 (26.0 ppm), LPG (18.9 ppm), CO (13.8 ppm), M?c kh? gas: An to?n",Auto,OFF,OFF,OFF,OFF,
5/11/2025,14:19:47,30.902,75.577,14.69261,25.70353,17.71616,13.48027,25.44501,0.85848,An toan,An toan,"Nhi?t ?? 30.9?C, ?? ?m 75.6%, Kh? CO th?p (13.5 ppm), M?c ch?y: An to?n","Kh? CH4 (25.7 ppm), LPG (17.7 ppm), CO (13.5 ppm), M?c kh? gas: An to?n",Auto,OFF,OFF,OFF,OFF,
5/11/2025,14:19:52,29.613,70.16,15.22308,26.32107,17.77851,14.63122,18.47025,0.25965,An toan,An toan,"Nhi?t ?? 29.6?C, ?? ?m 70.2%, Kh? CO th?p (14.6 ppm), M?c ch?y: An to?n","Kh? CH4 (26.3 ppm), LPG (17.8 ppm), CO (14.6 ppm), M?c kh? gas: An to?n",Auto,OFF,OFF,OFF,OFF,
5/11/2025,14:19:58,30.428,75.224,15.27057,24.49979,19.34511,14.34629,27.73389,0.72428,An toan,An toan,"Nhi?t ?? 30.4?C, ?? ?m 75.2%, Kh? CO th?p (14.3 ppm), M?c ch?y: An to?n","Kh? CH4 (24.5 ppm), LPG (19.3 ppm), CO (14.3 ppm), M?c kh? gas: An to?n",Auto,OFF,OFF,OFF,OFF,
5/11/2025,14:22:27,30.833,69.935,15.51614,26.02992,17.23438,14.53056,15.0036,0.33473,An toan,An toan,"Nhi?t ?? 30.8?C, ?? ?m 69.9%, Kh? CO th?p (14.5 ppm), M?c ch?y: An to?n","Kh? CH4 (26.0 ppm), LPG (17.2 ppm), CO (14.5 ppm), M?c kh? gas: An to?n",Auto,OFF,OFF,OFF,OFF,
5/11/2025,14:23:03,30.016,71.243,14.33892,24.83357,18.46833,14.11972,20.67582,0.26391,An toan,An toan,"Nhi?t ?? 30.0?C, ?? ?m 71.2%, Kh? CO th?p (14.1 ppm), M?c ch?y: An to?n","Kh? CH4 (24.8 ppm), LPG (18.5 ppm), CO (14.1 ppm), M?c kh? gas: An to?n",Auto,OFF,OFF,OFF,OFF,
5/11/2025,14:23:28,29.134,70.242,14.65202,25.76384,17.8559,13.90848,24.62007,0.23447,An toan,An toan,"Nhi?t ?? 29.1?C, ?? ?m 70.2%, Kh? CO th?p (13.9 ppm), M?c ch?y: An to?n","Kh? CH4 (25.8 ppm), LPG (17.9 ppm), CO (13.9 ppm), M?c kh? gas: An to?n",Auto,OFF,OFF,OFF,OFF,
5/11/2025,14:29:20,30.614,71.783,14.01755,24.25381,17.72499,14.89387,10.5126,0.38281,An toan,An toan,"Nhi?t ?? 30.6?C, ?? ?m 71.8%, Kh? CO th?p (14.9 ppm), M?c ch?y: An to?n","Kh? CH4 (24.3 ppm), LPG (17.7 ppm), CO (14.9 ppm), M?c kh? gas: An to?n",Auto,OFF,OFF,OFF,OFF,
5/11/2025,14:33:25,30.376,78.446,14.29248,26.968,18.23484,14.01291,12.68409,0.24753,An toan,An toan,"Nhi?t ?? 30.4?C, ?? ?m 78.4%, Kh? CO th?p (14.0 ppm), M?c ch?y: An to?n","Kh? CH4 (27.0 ppm), LPG (18.2 ppm), CO (14.0 ppm), M?c kh? gas: An to?n",Auto,OFF,OFF,OFF,OFF,
5/11/2025,14:33:53,30.966,76.148,15.45527,26.83198,18.08645,14.58651,25.82706,0.58195,An toan,An toan,"Nhi?t ?? 31.0?C, ?? ?m 76.1%, Kh? CO th?p (14.6 ppm), M?c ch?y: An to?n","Kh? CH4 (26.8 ppm), LPG (18.1 ppm), CO (14.6 ppm), M?c kh? gas: An to?n",Auto,OFF,OFF,OFF,OFF,
5/11/2025,14:33:55,29.191,76.844,14.16906,24.70435,17.22775,13.6712,12.80329,0.11,An toan,An toan,"Nhi?t ?? 29.2?C, ?? ?m 76.8%, Kh? CO th?p (13.7 ppm), M?c ch?y: An to?n","Kh? CH4 (24.7 ppm), LPG (17.2 ppm), CO (13.7 ppm), M?c kh? gas: An to?n",Auto,OFF,OFF,OFF,OFF,
5/11/2025,14:35:28,30.376,73.99,14.83222,26.97609,19.75994,13.65508,17.57749,0.38643,An toan,An toan,"Nhi?t ?? 30.4?C, ?? ?m 74.0%, Kh? CO th?p (13.7 ppm), M?c ch?y: An to?n","Kh? CH4 (27.0 ppm), LPG (19.8 ppm), CO (13.7 ppm), M?c kh? gas: An to?n",Auto,OFF,OFF,OFF,OFF,
5/11/2025,14:44:31,29.405,77.137,15.4938,25.45811,19.27686,14.22127,16.41422,0.37289,An toan,An toan,"Nhi?t ?? 29.4?C, ?? ?m 77.1%, Kh? CO th?p (14.2 ppm), M?c ch?y: An to?n","Kh? CH4 (25.5 ppm), LPG (19.3 ppm), CO (14.2 ppm), M?c kh? gas: An to?n",Auto,OFF,OFF,OFF,OFF,
5/11/2025,14:45:10,29.502,72.855,14.9347,26.45811,19.615,13.81858,11.21265,0.70718,An toan,An toan,"Nhi?t ?? 29.5?C, ?? ?m 72.9%, Kh? CO th?p (13.8 ppm), M?c ch?y: An to?n","Kh? CH4 (26.5 ppm), LPG (19.6 ppm), CO (13.8 ppm), M?c kh? gas: An to?n",Auto,OFF,OFF,OFF,OFF,
5/11/2025,14:46:22,30.226,79.016,15.18743,24.05754,19.81005,13.72802,20.88218,0.7871,An toan,An toan,"Nhi?t ?? 30.2?C, ?? ?m 79.0%, Kh? CO th?p (13.7 ppm), M?c ch?y: An to?n","Kh? CH4 (24.1 ppm), LPG (19.8 ppm), CO (13.7 ppm), M?c kh? gas: An to?n",Auto,OFF,OFF,OFF,OFF,
5/11/2025,14:50:23,29.622,74.93,14.85338,25.87176,19.77879,14.40167,20.44259,0.51131,An toan,An toan,"Nhi?t ?? 29.6?C, ?? ?m 74.9%, Kh? CO th?p (14.4 ppm), M?c ch?y: An to?n","Kh? CH4 (25.9 ppm), LPG (19.8 ppm), CO (14.4 ppm), M?c kh? gas: An to?n",Auto,OFF,OFF,OFF,OFF,
5/11/2025,14:56:53,30.477,72.356,15.59222,25.32372,19.11563,13.96709,24.36342,0.22195,An toan,An toan,"Nhi?t ?? 30.5?C, ?? ?m 72.4%, Kh? CO th?p (14.0 ppm), M?c ch?y: An to?n","Kh? CH4 (25.3 ppm), LPG (19.1 ppm), CO (14.0 ppm), M?c kh? gas: An to?n",Auto,OFF,OFF,OFF,OFF,
5/11/2025,14:59:53,29.013,69.365,14.60043,26.63584,18.89191,14.1328,12.04458,0.20367,An toan,An toan,"Nhi?t ?? 29.0?C, ?? ?m 69.4%, Kh? CO th?p (14.1 ppm), M?c ch?y: An to?n","Kh? CH4 (26.6 ppm), LPG (18.9 ppm), CO (14.1 ppm), M?c kh? gas: An to?n",Auto,OFF,OFF,OFF,OFF,
5/11/2025,15:03:49,29.278,77.588,15.38415,25.99601,18.00529,14.06735,20.82006,0.69137,An toan,An toan,"Nhi?t ?? 29.3?C, ?? ?m 77.6%, Kh? CO th?p (14.1 ppm), M?c ch?y: An to?n","Kh? CH4 (26.0 ppm), LPG (18.0 ppm), CO (14.1 ppm), M?c kh? gas: An to?n",Auto,OFF,OFF,OFF,OFF,
5/11/2025,15:04:42,29.893,75.564,15.34514,25.12697,18.43118,14.8037,21.279,0.11679,An toan,An toan,"Nhi?t ?? 29.9?C, ?? ?m 75.6%, Kh? CO th?p (14.8 ppm), M?c ch?y: An to?n","Kh? CH4 (25.1 ppm), LPG (18.4 ppm), CO (14.8 ppm), M?c kh? gas: An to?n",Auto,OFF,OFF,OFF,OFF,
5/11/2025,15:11:41,29.277,73.196,15.95604,24.43487,18.79741,14.62583,16.96094,0.55007,An toan,An toan,"Nhi?t ?? 29.3?C, ?? ?m 73.2%, Kh? CO th?p (14.6 ppm), M?c ch?y: An to?n","Kh? CH4 (24.4 ppm), LPG (18.8 ppm), CO (14.6 ppm), M?c kh? gas: An to?n",Auto,OFF,OFF,OFF,OFF,
5/11/2025,15:12:44,30.757,78.673,14.40584,25.07228,17.51904,13.62173,12.40765,0.44521,An toan,An toan,"Nhi?t ?? 30.8?C, ?? ?m 78.7%, Kh? CO th?p (13.6 ppm), M?c ch?y: An to?n","Kh? CH4 (25.1 ppm), LPG (17.5 ppm), CO (13.6 ppm), M?c kh? gas: An to?n",Auto,OFF,OFF,OFF,OFF,
5/11/2025,15:14:59,29.506,74.91,14.91357,26.25474,19.21659,13.32881,12.15416,0.62202,An toan,An toan,"Nhi?t ?? 29.5?C, ?? ?m 74.9%, Kh? CO th?p (13.3 ppm), M?c ch?y: An to?n","Kh? CH4 (26.3 ppm), LPG (19.2 ppm), CO (13.3 ppm), M?c kh? gas: An to?n",Auto,OFF,OFF,OFF,OFF,
5/11/2025,15:18:46,30.456,77.709,15.10493,24.9678,19.53731,13.56177,29.79425,0.29377,An toan,An toan,"Nhi?t ?? 30.5?C, ?? ?m 77.7%, Kh? CO th?p (13.6 ppm), M?c ch?y: An to?n","Kh? CH4 (25.0 ppm), LPG (19.5 ppm), CO (13.6 ppm), M?c kh? gas: An to?n",Auto,OFF,OFF,OFF,OFF,
5/11/2025,15:19:54,30.96,74.852,15.34769,26.13657,18.66719,13.95412,27.84536,0.42353,An toan,An toan,"Nhi?t ?? 31.0?C, ?? ?m 74.9%, Kh? CO th?p (14.0 ppm), M?c ch?y: An to?n","Kh? CH4 (26.1 ppm), LPG (18.7 ppm), CO (14.0 ppm), M?c kh? gas: An to?n",Auto,OFF,OFF,OFF,OFF,
5/11/2025,15:20:28,30.467,78.735,14.85407,24.71788,17.06488,14.03279,29.07433,0.25492,An toan,An toan,"Nhi?t ?? 30.5?C, ?? ?m 78.7%, Kh? CO th?p (14.0 ppm), M?c ch?y: An to?n","Kh? CH4 (24.7 ppm), LPG (17.1 ppm), CO (14.0 ppm), M?c kh? gas: An to?n",Auto,OFF,OFF,OFF,OFF,
5/11/2025,15:21:51,29.216,69.486,15.47997,24.41955,18.5103,14.45672,13.38689,0.70565,An toan,An toan,"Nhi?t ?? 29.2?C, ?? ?m 69.5%, Kh? CO th?p (14.5 ppm), M?c ch?y: An to?n","Kh? CH4 (24.4 ppm), LPG (18.5 ppm), CO (14.5 ppm), M?c kh? gas: An to?n",Auto,OFF,OFF,OFF,OFF,
5/11/2025,15:24:21,29.803,73.903,15.65173,24.90542,18.51576,14.67973,17.55168,0.95035,An toan,An toan,"Nhi?t ?? 29.8?C, ?? ?m 73.9%, Kh? CO th?p (14.7 ppm), M?c ch?y: An to?n","Kh? CH4 (24.9 ppm), LPG (18.5 ppm), CO (14.7 ppm), M?c kh? gas: An to?n",Auto,OFF,OFF,OFF,OFF,
5/11/2025,15:27:06,29.482,74.14,15.2901,24.41945,17.12207,13.92476,13.16178,0.76295,An toan,An toan,"Nhi?t ?? 29.5?C, ?? ?m 74.1%, Kh? CO th?p (13.9 ppm), M?c ch?y: An to?n","Kh? CH4 (24.4 ppm), LPG (17.1 ppm), CO (13.9 ppm), M?c kh? gas: An to?n",Auto,OFF,OFF,OFF,OFF,
5/11/2025,15:38:43,29.814,70.374,15.90664,25.12079,19.92431,13.41906,16.55724,0.44601,An toan,An toan,"Nhi?t ?? 29.8?C, ?? ?m 70.4%, Kh? CO th?p (13.4 ppm), M?c ch?y: An to?n","Kh? CH4 (25.1 ppm), LPG (19.9 ppm), CO (13.4 ppm), M?c kh? gas: An to?n",Auto,OFF,OFF,OFF,OFF,
5/11/2025,15:41:41,29.05,74.403,15.8126,24.81923,17.97814,13.78455,14.25752,0.37956,An toan,An toan,"Nhi?t ?? 29.1?C, ?? ?m 74.4%, Kh? CO th?p (13.8 ppm), M?c ch?y: An to?n","Kh? CH4 (24.8 ppm), LPG (18.0 ppm), CO (13.8 ppm), M?c kh? gas: An to?n",Auto,OFF,OFF,OFF,OFF,
5/11/2025,15:42:35,30.161,79.544,15.97333,24.985,17.21525,13.09004,20.5091,0.54294,An toan,An toan,"Nhi?t ?? 30.2?C, ?? ?m 79.5%, Kh? CO th?p (13.1 ppm), M?c ch?y: An to?n","Kh? CH4 (25.0 ppm), LPG (17.2 ppm), CO (13.1 ppm), M?c kh? gas: An to?n",Auto,OFF,OFF,OFF,OFF,
5/11/2025,15:49:48,30.576,74.792,15.78251,24.63675,18.96967,14.30165,18.14232,0.10036,An toan,An toan,"Nhi?t ?? 30.6?C, ?? ?m 74.8%, Kh? CO th?p (14.3 ppm), M?c ch?y: An to?n","Kh? CH4 (24.6 ppm), LPG (19.0 ppm), CO (14.3 ppm), M?c kh? gas: An to?n",Auto,OFF,OFF,OFF,OFF,
5/11/2025,15:53:43,30.072,77.354,15.78271,26.33566,18.96969,14.96908,18.61971,0.80403,An toan,An toan,"Nhi?t ?? 30.1?C, ?? ?m 77.4%, Kh? CO th?p (15.0 ppm), M?c ch?y: An to?n","Kh? CH4 (26.3 ppm), LPG (19.0 ppm), CO (15.0 ppm), M?c kh? gas: An to?n",Auto,OFF,OFF,OFF,OFF,
5/11/2025,15:55:41,29.274,70.287,15.68393,24.93628,19.22532,14.03429,17.39361,0.57655,An toan,An toan,"Nhi?t ?? 29.3?C, ?? ?m 70.3%, Kh? CO th?p (14.0 ppm), M?c ch?y: An to?n","Kh? CH4 (24.9 ppm), LPG (19.2 ppm), CO (14.0 ppm), M?c kh? gas: An to?n",Auto,OFF,OFF,OFF,OFF,
5/11/2025,15:56:35,30.694,71.73,15.89817,26.13851,18.10292,14.64576,27.31286,0.19327,An toan,An toan,"Nhi?t ?? 30.7?C, ?? ?m 71.7%, Kh? CO th?p (14.6 ppm), M?c ch?y: An to?n","Kh? CH4 (26.1 ppm), LPG (18.1 ppm), CO (14.6 ppm), M?c kh? gas: An to?n",Auto,OFF,OFF,OFF,OFF,
5/11/2025,15:57:11,29.306,72.271,15.52597,26.66036,17.1291,13.53554,25.15008,0.50635,An toan,An toan,"Nhi?t ?? 29.3?C, ?? ?m 72.3%, Kh? CO th?p (13.5 ppm), M?c ch?y: An to?n","Kh? CH4 (26.7 ppm), LPG (17.1 ppm), CO (13.5 ppm), M?c kh? gas: An to?n",Auto,OFF,OFF,OFF,OFF,
5/11/2025,15:58:53,29.841,79.36,14.70634,25.50478,19.82723,14.02501,19.31231,0.56177,An toan,An toan,"Nhi?t ?? 29.8?C, ?? ?m 79.4%, Kh? CO th?p (14.0 ppm), M?c ch?y: An to?n","Kh? CH4 (25.5 ppm), LPG (19.8 ppm), CO (14.0 ppm), M?c kh? gas: An to?n",Auto,OFF,OFF,OFF,OFF,
5/11/2025,16:10:48,30.007,78.467,14.94241,26.99101,17.44393,14.34086,19.2576,0.56449,An toan,An toan,"Nhi?t ?? 30.0?C, ?? ?m 78.5%, Kh? CO th?p (14.3 ppm), M?c ch?y: An to?n","Kh? CH4 (27.0 ppm), LPG (17.4 ppm), CO (14.3 ppm), M?c kh? gas: An to?n",Auto,OFF,OFF,OFF,OFF,
5/11/2025,16:14:23,29.717,69.056,14.88916,26.9472,18.91821,14.96034,16.80938,0.96066,An toan,An toan,"Nhi?t ?? 29.7?C, ?? ?m 69.1%, Kh? CO th?p (15.0 ppm), M?c ch?y: An to?n","Kh? CH4 (26.9 ppm), LPG (18.9 ppm), CO (15.0 ppm), M?c kh? gas: An to?n",Auto,OFF,OFF,OFF,OFF,
5/11/2025,16:15:01,29.497,73.911,14.34609,25.59994,17.57727,14.06919,24.62964,0.68266,An toan,An toan,"Nhi?t ?? 29.5?C, ?? ?m 73.9%, Kh? CO th?p (14.1 ppm), M?c ch?y: An to?n","Kh? CH4 (25.6 ppm), LPG (17.6 ppm), CO (14.1 ppm), M?c kh? gas: An to?n",Auto,OFF,OFF,OFF,OFF,
5/11/2025,16:16:16,29.843,74.69,14.90817,24.22487,18.84863,13.84288,22.07529,0.5513,An toan,An toan,"Nhi?t ?? 29.8?C, ?? ?m 74.7%, Kh? CO th?p (13.8 ppm), M?c ch?y: An to?n","Kh? CH4 (24.2 ppm), LPG (18.8 ppm), CO (13.8 ppm), M?c kh? gas: An to?n",Auto,OFF,OFF,OFF,OFF,
5/11/2025,16:18:30,29.51,69.883,15.18812,25.31046,17.69572,14.6384,28.29729,0.80392,An toan,An toan,"Nhi?t ?? 29.5?C, ?? ?m 69.9%, Kh? CO th?p (14.6 ppm), M?c ch?y: An to?n","Kh? CH4 (25.3 ppm), LPG (17.7 ppm), CO (14.6 ppm), M?c kh? gas: An to?n",Auto,OFF,OFF,OFF,OFF,
5/11/2025,16:20:52,29.131,72.464,14.6046,24.98678,19.50068,14.46886,21.85231,0.78815,An toan,An toan,"Nhi?t ?? 29.1?C, ?? ?m 72.5%, Kh? CO th?p (14.5 ppm), M?c ch?y: An to?n","Kh? CH4 (25.0 ppm), LPG (19.5 ppm), CO (14.5 ppm), M?c kh? gas: An to?n",Auto,OFF,OFF,OFF,OFF,
5/11/2025,16:23:02,29.447,71.948,14.49051,24.45018,19.9519,14.98206,12.01104,0.71006,An toan,An toan,"Nhi?t ?? 29.4?C, ?? ?m 71.9%, Kh? CO th?p (15.0 ppm), M?c ch?y: An to?n","Kh? CH4 (24.5 ppm), LPG (20.0 ppm), CO (15.0 ppm), M?c kh? gas: An to?n",Auto,OFF,OFF,OFF,OFF,
5/11/2025,16:26:44,29.157,73.739,15.94788,24.67913,17.69339,13.11705,19.11905,0.15471,An toan,An toan,"Nhi?t ?? 29.2?C, ?? ?m 73.7%, Kh? CO th?p (13.1 ppm), M?c ch?y: An to?n","Kh? CH4 (24.7 ppm), LPG (17.7 ppm), CO (13.1 ppm), M?c kh? gas: An to?n",Auto,OFF,OFF,OFF,OFF,
5/11/2025,16:26:46,29.009,71.767,14.07908,26.26956,17.33198,13.82951,25.57745,0.15785,An toan,An toan,"Nhi?t ?? 29.0?C, ?? ?m 71.8%, Kh? CO th?p (13.8 ppm), M?c ch?y: An to?n","Kh? CH4 (26.3 ppm), LPG (17.3 ppm), CO (13.8 ppm), M?c kh? gas: An to?n",Auto,OFF,OFF,OFF,OFF,
5/11/2025,16:43:11,30.405,74.114,15.77223,24.07958,19.81867,13.06397,20.8177,0.66917,An toan,An toan,"Nhi?t ?? 30.4?C, ?? ?m 74.1%, Kh? CO th?p (13.1 ppm), M?c ch?y: An to?n","Kh? CH4 (24.1 ppm), LPG (19.8 ppm), CO (13.1 ppm), M?c kh? gas: An to?n",Auto,OFF,OFF,OFF,OFF,
5/11/2025,16:46:57,29.959,71.97,14.40786,26.3462,19.40655,14.17441,19.28516,0.97298,An toan,An toan,"Nhi?t ?? 30.0?C, ?? ?m 72.0%, Kh? CO th?p (14.2 ppm), M?c ch?y: An to?n","Kh? CH4 (26.3 ppm), LPG (19.4 ppm), CO (14.2 ppm), M?c kh? gas: An to?n",Auto,OFF,OFF,OFF,OFF,
5/11/2025,16:47:17,29.64,76.58,14.34864,24.4175,19.47266,13.81907,27.35412,0.89623,An toan,An toan,"Nhi?t ?? 29.6?C, ?? ?m 76.6%, Kh? CO th?p (13.8 ppm), M?c ch?y: An to?n","Kh? CH4 (24.4 ppm), LPG (19.5 ppm), CO (13.8 ppm), M?c kh? gas: An to?n",Auto,OFF,OFF,OFF,OFF,
5/11/2025,16:49:55,29.713,78.067,15.73918,24.51011,18.48238,14.29143,19.29409,0.44216,An toan,An toan,"Nhi?t ?? 29.7?C, ?? ?m 78.1%, Kh? CO th?p (14.3 ppm), M?c ch?y: An to?n","Kh? CH4 (24.5 ppm), LPG (18.5 ppm), CO (14.3 ppm), M?c kh? gas: An to?n",Auto,OFF,OFF,OFF,OFF,
5/11/2025,16:50:11,30.493,69.996,14.59405,25.87035,17.33267,14.19055,29.86182,0.37586,An toan,An toan,"Nhi?t ?? 30.5?C, ?? ?m 70.0%, Kh? CO th?p (14.2 ppm), M?c ch?y: An to?n","Kh? CH4 (25.9 ppm), LPG (17.3 ppm), CO (14.2 ppm), M?c kh? gas: An to?n",Auto,OFF,OFF,OFF,OFF,
5/11/2025,16:51:24,30.554,73.906,14.24688,24.41008,19.78177,13.85591,24.66063,0.84511,An toan,An toan,"Nhi?t ?? 30.6?C, ?? ?m 73.9%, Kh? CO th?p (13.9 ppm), M?c ch?y: An to?n","Kh? CH4 (24.4 ppm), LPG (19.8 ppm), CO (13.9 ppm), M?c kh? gas: An to?n",Auto,OFF,OFF,OFF,OFF,
5/11/2025,16:52:03,30.352,75.852,14.13773,24.61681,17.85871,14.60334,27.43143,0.54835,An toan,An toan,"Nhi?t ?? 30.4?C, ?? ?m 75.9%, Kh? CO th?p (14.6 ppm), M?c ch?y: An to?n","Kh? CH4 (24.6 ppm), LPG (17.9 ppm), CO (14.6 ppm), M?c kh? gas: An to?n",Auto,OFF,OFF,OFF,OFF,
5/11/2025,16:53:32,30.099,75.715,15.3119,26.88985,18.47857,14.5735,15.14447,0.58563,An toan,An toan,"Nhi?t ?? 30.1?C, ?? ?m 75.7%, Kh? CO th?p (14.6 ppm), M?c ch?y: An to?n","Kh? CH4 (26.9 ppm), LPG (18.5 ppm), CO (14.6 ppm), M?c kh? gas: An to?n",Auto,OFF,OFF,OFF,OFF,
5/11/2025,16:53:52,30.313,76.228,14.06095,26.7248,17.2635,14.40424,22.59445,0.47851,An toan,An toan,"Nhi?t ?? 30.3?C, ?? ?m 76.2%, Kh? CO th?p (14.4 ppm), M?c ch?y: An to?n","Kh? CH4 (26.7 ppm), LPG (17.3 ppm), CO (14.4 ppm), M?c kh? gas: An to?n",Auto,OFF,OFF,OFF,OFF,
5/11/2025,16:55:38,30.561,78.355,14.20704,25.19709,19.64169,14.11874,15.96428,0.44787,An toan,An toan,"Nhi?t ?? 30.6?C, ?? ?m 78.4%, Kh? CO th?p (14.1 ppm), M?c ch?y: An to?n","Kh? CH4 (25.2 ppm), LPG (19.6 ppm), CO (14.1 ppm), M?c kh? gas: An to?n",Auto,OFF,OFF,OFF,OFF,
5/11/2025,16:56:22,30.312,74.267,14.4284,26.07752,18.64098,13.16451,18.14298,0.29501,An toan,An toan,"Nhi?t ?? 30.3?C, ?? ?m 74.3%, Kh? CO th?p (13.2 ppm), M?c ch?y: An to?n","Kh? CH4 (26.1 ppm), LPG (18.6 ppm), CO (13.2 ppm), M?c kh? gas: An to?n",Auto,OFF,OFF,OFF,OFF,
5/11/2025,17:11:50,29.574,70.414,14.86315,25.29301,19.14954,14.04305,10.63256,0.29456,An toan,An toan,"Nhi?t ?? 29.6?C, ?? ?m 70.4%, Kh? CO th?p (14.0 ppm), M?c ch?y: An to?n","Kh? CH4 (25.3 ppm), LPG (19.1 ppm), CO (14.0 ppm), M?c kh? gas: An to?n",Auto,OFF,OFF,OFF,OFF,
5/11/2025,17:12:18,29.404,76.729,15.38315,25.14551,18.2509,14.00447,14.44322,0.83278,An toan,An toan,"Nhi?t ?? 29.4?C, ?? ?m 76.7%, Kh? CO th?p (14.0 ppm), M?c ch?y: An to?n","Kh? CH4 (25.1 ppm), LPG (18.3 ppm), CO (14.0 ppm), M?c kh? gas: An to?n",Auto,OFF,OFF,OFF,OFF,
5/11/2025,17:13:19,29.993,71.755,15.87289,25.42431,17.94185,13.99668,20.11984,0.73946,An toan,An toan,"Nhi?t ?? 30.0?C, ?? ?m 71.8%, Kh? CO th?p (14.0 ppm), M?c ch?y: An to?n","Kh? CH4 (25.4 ppm), LPG (17.9 ppm), CO (14.0 ppm), M?c kh? gas: An to?n",Auto,OFF,OFF,OFF,OFF,
5/11/2025,17:15:06,30.12,77.424,15.28807,25.26954,17.05312,13.43573,11.00895,0.79405,An toan,An toan,"Nhi?t ?? 30.1?C, ?? ?m 77.4%, Kh? CO th?p (13.4 ppm), M?c ch?y: An to?n","Kh? CH4 (25.3 ppm), LPG (17.1 ppm), CO (13.4 ppm), M?c kh? gas: An to?n",Auto,OFF,OFF,OFF,OFF,
5/11/2025,17:15:55,29.287,71.834,15.78134,26.62246,19.65288,13.60223,14.79326,0.64133,An toan,An toan,"Nhi?t ?? 29.3?C, ?? ?m 71.8%, Kh? CO th?p (13.6 ppm), M?c ch?y: An to?n","Kh? CH4 (26.6 ppm), LPG (19.7 ppm), CO (13.6 ppm), M?c kh? gas: An to?n",Auto,OFF,OFF,OFF,OFF,
5/11/2025,17:17:38,30.413,74.839,14.87575,24.04179,18.82265,14.16871,10.67987,0.56794,An toan,An toan,"Nhi?t ?? 30.4?C, ?? ?m 74.8%, Kh? CO th?p (14.2 ppm), M?c ch?y: An to?n","Kh? CH4 (24.0 ppm), LPG (18.8 ppm), CO (14.2 ppm), M?c kh? gas: An to?n",Auto,OFF,OFF,OFF,OFF,
5/11/2025,17:19:13,29.481,72.533,14.07417,25.1326,18.5488,13.09568,21.94547,0.62874,An toan,An toan,"Nhi?t ?? 29.5?C, ?? ?m 72.5%, Kh? CO th?p (13.1 ppm), M?c ch?y: An to?n","Kh? CH4 (25.1 ppm), LPG (18.5 ppm), CO (13.1 ppm), M?c kh? gas: An to?n",Auto,OFF,OFF,OFF,OFF,
5/11/2025,17:22:54,30.489,77.807,15.1105,24.02453,19.63492,14.91804,16.46602,0.65288,An toan,An toan,"Nhi?t ?? 30.5?C, ?? ?m 77.8%, Kh? CO th?p (14.9 ppm), M?c ch?y: An to?n","Kh? CH4 (24.0 ppm), LPG (19.6 ppm), CO (14.9 ppm), M?c kh? gas: An to?n",Auto,OFF,OFF,OFF,OFF,
5/11/2025,17:23:19,30.809,78.65,14.71116,26.46412,19.02432,14.34488,10.07831,0.18686,An toan,An toan,"Nhi?t ?? 30.8?C, ?? ?m 78.7%, Kh? CO th?p (14.3 ppm), M?c ch?y: An to?n","Kh? CH4 (26.5 ppm), LPG (19.0 ppm), CO (14.3 ppm), M?c kh? gas: An to?n",Auto,OFF,OFF,OFF,OFF,
5/11/2025,17:23:44,29.111,75.463,14.21091,24.68261,19.73706,14.02259,28.08488,0.75817,An toan,An toan,"Nhi?t ?? 29.1?C, ?? ?m 75.5%, Kh? CO th?p (14.0 ppm), M?c ch?y: An to?n","Kh? CH4 (24.7 ppm), LPG (19.7 ppm), CO (14.0 ppm), M?c kh? gas: An to?n",Auto,OFF,OFF,OFF,OFF,
5/11/2025,17:32:26,30.658,72.533,15.99652,26.36378,18.74222,14.77493,28.22802,0.51699,An toan,An toan,"Nhi?t ?? 30.7?C, ?? ?m 72.5%, Kh? CO th?p (14.8 ppm), M?c ch?y: An to?n","Kh? CH4 (26.4 ppm), LPG (18.7 ppm), CO (14.8 ppm), M?c kh? gas: An to?n",Auto,OFF,OFF,OFF,OFF,
5/11/2025,17:32:34,29.936,74.886,15.11991,24.32579,17.02781,14.30018,27.60173,0.28095,An toan,An toan,"Nhi?t ?? 29.9?C, ?? ?m 74.9%, Kh? CO th?p (14.3 ppm), M?c ch?y: An to?n","Kh? CH4 (24.3 ppm), LPG (17.0 ppm), CO (14.3 ppm), M?c kh? gas: An to?n",Auto,OFF,OFF,OFF,OFF,
5/11/2025,17:36:15,30.14,71.502,14.48415,26.2598,19.43339,13.94653,29.05888,0.92988,An toan,An toan,"Nhi?t ?? 30.1?C, ?? ?m 71.5%, Kh? CO th?p (13.9 ppm), M?c ch?y: An to?n","Kh? CH4 (26.3 ppm), LPG (19.4 ppm), CO (13.9 ppm), M?c kh? gas: An to?n",Auto,OFF,OFF,OFF,OFF,
5/11/2025,17:39:57,30.966,75.799,14.84682,25.34483,19.11384,13.24064,12.16564,0.24609,An toan,An toan,"Nhi?t ?? 31.0?C, ?? ?m 75.8%, Kh? CO th?p (13.2 ppm), M?c ch?y: An to?n","Kh? CH4 (25.3 ppm), LPG (19.1 ppm), CO (13.2 ppm), M?c kh? gas: An to?n",Auto,OFF,OFF,OFF,OFF,
5/11/2025,17:42:48,29.013,70.877,14.72554,24.81775,19.87093,13.30628,25.74515,0.18939,An toan,An toan,"Nhi?t ?? 29.0?C, ?? ?m 70.9%, Kh? CO th?p (13.3 ppm), M?c ch?y: An to?n","Kh? CH4 (24.8 ppm), LPG (19.9 ppm), CO (13.3 ppm), M?c kh? gas: An to?n",Auto,OFF,OFF,OFF,OFF,
5/11/2025,17:45:01,29.162,73.246,15.25327,26.18389,17.99096,14.80454,27.81934,0.39515,An toan,An toan,"Nhi?t ?? 29.2?C, ?? ?m 73.2%, Kh? CO th?p (14.8 ppm), M?c ch?y: An to?n","Kh? CH4 (26.2 ppm), LPG (18.0 ppm), CO (14.8 ppm), M?c kh? gas: An to?n",Auto,OFF,OFF,OFF,OFF,
5/11/2025,17:51:20,29.885,71.347,15.54976,24.56589,17.01952,13.06644,22.83597,0.9947,An toan,An toan,"Nhi?t ?? 29.9?C, ?? ?m 71.3%, Kh? CO th?p (13.1 ppm), M?c ch?y: An to?n","Kh? CH4 (24.6 ppm), LPG (17.0 ppm), CO (13.1 ppm), M?c kh? gas: An to?n",Auto,OFF,OFF,OFF,OFF,
5/11/2025,17:56:53,30.19,75.207,14.42623,25.05207,17.34139,14.18797,14.61201,0.55809,An toan,An toan,"Nhi?t ?? 30.2?C, ?? ?m 75.2%, Kh? CO th?p (14.2 ppm), M?c ch?y: An to?n","Kh? CH4 (25.1 ppm), LPG (17.3 ppm), CO (14.2 ppm), M?c kh? gas: An to?n",Auto,OFF,OFF,OFF,OFF,
5/11/2025,17:56:57,30.841,79.726,14.26832,25.69802,17.21069,14.3136,27.54604,0.68315,An toan,An toan,"Nhi?t ?? 30.8?C, ?? ?m 79.7%, Kh? CO th?p (14.3 ppm), M?c ch?y: An to?n","Kh? CH4 (25.7 ppm), LPG (17.2 ppm), CO (14.3 ppm), M?c kh? gas: An to?n",Auto,OFF,OFF,OFF,OFF,
5/11/2025,17:57:25,29.042,76.373,15.70625,24.84198,18.62733,13.62905,22.01966,0.85028,An toan,An toan,"Nhi?t ?? 29.0?C, ?? ?m 76.4%, Kh? CO th?p (13.6 ppm), M?c ch?y: An to?n","Kh? CH4 (24.8 ppm), LPG (18.6 ppm), CO (13.6 ppm), M?c kh? gas: An to?n",Auto,OFF,OFF,OFF,OFF,
5/11/2025,18:00:42,30.087,77.726,14.96583,24.20543,17.92302,14.15202,11.52478,0.83764,An toan,An toan,"Nhi?t ?? 30.1?C, ?? ?m 77.7%, Kh? CO th?p (14.2 ppm), M?c ch?y: An to?n","Kh? CH4 (24.2 ppm), LPG (17.9 ppm), CO (14.2 ppm), M?c kh? gas: An to?n",Auto,OFF,OFF,OFF,OFF,
5/11/2025,18:05:06,30.784,74.816,14.66692,26.12439,17.41851,14.4873,14.8034,0.28422,An toan,An toan,"Nhi?t ?? 30.8?C, ?? ?m 74.8%, Kh? CO th?p (14.5 ppm), M?c ch?y: An to?n","Kh? CH4 (26.1 ppm), LPG (17.4 ppm), CO (14.5 ppm), M?c kh? gas: An to?n",Auto,OFF,OFF,OFF,OFF,
5/11/2025,18:10:10,29.892,71.705,14.31283,24.73431,19.82865,14.14202,17.78467,0.16904,An toan,An toan,"Nhi?t ?? 29.9?C, ?? ?m 71.7%, Kh? CO th?p (14.1 ppm), M?c ch?y: An to?n","Kh? CH4 (24.7 ppm), LPG (19.8 ppm), CO (14.1 ppm), M?c kh? gas: An to?n",Auto,OFF,OFF,OFF,OFF,
5/11/2025,18:12:17,29.542,78.08,14.12158,26.03721,19.37641,14.67475,12.54336,0.60381,An toan,An toan,"Nhi?t ?? 29.5?C, ?? ?m 78.1%, Kh? CO th?p (14.7 ppm), M?c ch?y: An to?n","Kh? CH4 (26.0 ppm), LPG (19.4 ppm), CO (14.7 ppm), M?c kh? gas: An to?n",Auto,OFF,OFF,OFF,OFF,
5/11/2025,18:18:40,30.614,76.258,15.03277,26.96608,17.21087,13.70101,14.71121,0.4244,An toan,An toan,"Nhi?t ?? 30.6?C, ?? ?m 76.3%, Kh? CO th?p (13.7 ppm), M?c ch?y: An to?n","Kh? CH4 (27.0 ppm), LPG (17.2 ppm), CO (13.7 ppm), M?c kh? gas: An to?n",Auto,OFF,OFF,OFF,OFF,
5/11/2025,18:20:39,30.875,72.69,14.84198,24.21976,18.91944,13.27894,12.16504,0.81778,An toan,An toan,"Nhi?t ?? 30.9?C, ?? ?m 72.7%, Kh? CO th?p (13.3 ppm), M?c ch?y: An to?n","Kh? CH4 (24.2 ppm), LPG (18.9 ppm), CO (13.3 ppm), M?c kh? gas: An to?n",Auto,OFF,OFF,OFF,OFF,
5/11/2025,18:22:08,30.328,73.854,14.69972,24.75065,17.68054,14.27933,12.53407,0.12238,An toan,An toan,"Nhi?t ?? 30.3?C, ?? ?m 73.9%, Kh? CO th?p (14.3 ppm), M?c ch?y: An to?n","Kh? CH4 (24.8 ppm), LPG (17.7 ppm), CO (14.3 ppm), M?c kh? gas: An to?n",Auto,OFF,OFF,OFF,OFF,
5/11/2025,18:23:46,29.3,71.338,14.46013,24.32764,17.69137,13.99615,27.70422,0.39199,An toan,An toan,"Nhi?t ?? 29.3?C, ?? ?m 71.3%, Kh? CO th?p (14.0 ppm), M?c ch?y: An to?n","Kh? CH4 (24.3 ppm), LPG (17.7 ppm), CO (14.0 ppm), M?c kh? gas: An to?n",Auto,OFF,OFF,OFF,OFF,
5/11/2025,18:25:54,30.155,77.39,15.8093,25.33409,18.55245,14.0859,22.35959,0.8942,An toan,An toan,"Nhi?t ?? 30.2?C, ?? ?m 77.4%, Kh? CO th?p (14.1 ppm), M?c ch?y: An to?n","Kh? CH4 (25.3 ppm), LPG (18.6 ppm), CO (14.1 ppm), M?c kh? gas: An to?n",Auto,OFF,OFF,OFF,OFF,
5/11/2025,18:27:35,30.973,69.153,14.88166,26.98842,18.67861,14.16382,27.09622,0.51907,An toan,An toan,"Nhi?t ?? 31.0?C, ?? ?m 69.2%, Kh? CO th?p (14.2 ppm), M?c ch?y: An to?n","Kh? CH4 (27.0 ppm), LPG (18.7 ppm), CO (14.2 ppm), M?c kh? gas: An to?n",Auto,OFF,OFF,OFF,OFF,
5/11/2025,18:27:42,29.208,69.624,15.72611,25.10696,17.38045,13.79448,24.44187,0.9514,An toan,An toan,"Nhi?t ?? 29.2?C, ?? ?m 69.6%, Kh? CO th?p (13.8 ppm), M?c ch?y: An to?n","Kh? CH4 (25.1 ppm), LPG (17.4 ppm), CO (13.8 ppm), M?c kh? gas: An to?n",Auto,OFF,OFF,OFF,OFF,
5/11/2025,18:28:18,30.594,74.018,15.68913,24.28901,19.83515,14.76336,29.41217,0.53991,An toan,An toan,"Nhi?t ?? 30.6?C, ?? ?m 74.0%, Kh? CO th?p (14.8 ppm), M?c ch?y: An to?n","Kh? CH4 (24.3 ppm), LPG (19.8 ppm), CO (14.8 ppm), M?c kh? gas: An to?n",Auto,OFF,OFF,OFF,OFF,
5/11/2025,18:32:43,29.705,72.623,15.34225,24.39923,18.41798,13.84317,13.12263,0.52429,An toan,An toan,"Nhi?t ?? 29.7?C, ?? ?m 72.6%, Kh? CO th?p (13.8 ppm), M?c ch?y: An to?n","Kh? CH4 (24.4 ppm), LPG (18.4 ppm), CO (13.8 ppm), M?c kh? gas: An to?n",Auto,OFF,OFF,OFF,OFF,
5/11/2025,18:36:47,30.85,76.351,14.69199,24.79909,17.47732,14.45334,29.0679,0.61132,An toan,An toan,"Nhi?t ?? 30.8?C, ?? ?m 76.4%, Kh? CO th?p (14.5 ppm), M?c ch?y: An to?n","Kh? CH4 (24.8 ppm), LPG (17.5 ppm), CO (14.5 ppm), M?c kh? gas: An to?n",Auto,OFF,OFF,OFF,OFF,
5/11/2025,18:50:23,30.063,76.681,15.48054,24.15678,19.45389,14.06208,16.80504,0.90715,An toan,An toan,"Nhi?t ?? 30.1?C, ?? ?m 76.7%, Kh? CO th?p (14.1 ppm), M?c ch?y: An to?n","Kh? CH4 (24.2 ppm), LPG (19.5 ppm), CO (14.1 ppm), M?c kh? gas: An to?n",Auto,OFF,OFF,OFF,OFF,
5/11/2025,18:52:52,30.815,77.454,15.3975,24.53816,18.70204,13.49365,25.23793,0.995,An toan,An toan,"Nhi?t ?? 30.8?C, ?? ?m 77.5%, Kh? CO th?p (13.5 ppm), M?c ch?y: An to?n","Kh? CH4 (24.5 ppm), LPG (18.7 ppm), CO (13.5 ppm), M?c kh? gas: An to?n",Auto,OFF,OFF,OFF,OFF,
5/11/2025,18:55:13,30.92,70.336,14.43426,24.75302,19.70088,13.25425,25.44861,0.10336,An toan,An toan,"Nhi?t ?? 30.9?C, ?? ?m 70.3%, Kh? CO th?p (13.3 ppm), M?c ch?y: An to?n","Kh? CH4 (24.8 ppm), LPG (19.7 ppm), CO (13.3 ppm), M?c kh? gas: An to?n",Auto,OFF,OFF,OFF,OFF,
5/11/2025,18:56:38,30.562,74.127,15.33783,25.47524,17.91772,14.38558,15.40168,0.96228,An toan,An toan,"Nhi?t ?? 30.6?C, ?? ?m 74.1%, Kh? CO th?p (14.4 ppm), M?c ch?y: An to?n","Kh? CH4 (25.5 ppm), LPG (17.9 ppm), CO (14.4 ppm), M?c kh? gas: An to?n",Auto,OFF,OFF,OFF,OFF,
5/11/2025,18:58:06,29.653,78.92,15.98673,24.81648,17.29046,14.49909,29.0901,0.62115,An toan,An toan,"Nhi?t ?? 29.7?C, ?? ?m 78.9%, Kh? CO th?p (14.5 ppm), M?c ch?y: An to?n","Kh? CH4 (24.8 ppm), LPG (17.3 ppm), CO (14.5 ppm), M?c kh? gas: An to?n",Auto,OFF,OFF,OFF,OFF,
5/11/2025,18:58:08,29.874,77.221,14.41831,25.21635,19.77666,14.00521,26.79502,0.35638,An toan,An toan,"Nhi?t ?? 29.9?C, ?? ?m 77.2%, Kh? CO th?p (14.0 ppm), M?c ch?y: An to?n","Kh? CH4 (25.2 ppm), LPG (19.8 ppm), CO (14.0 ppm), M?c kh? gas: An to?n",Auto,OFF,OFF,OFF,OFF,
5/11/2025,19:02:41,29.056,75.646,15.64765,25.23753,17.69712,14.31792,25.68579,0.16769,An toan,An toan,"Nhi?t ?? 29.1?C, ?? ?m 75.6%, Kh? CO th?p (14.3 ppm), M?c ch?y: An to?n","Kh? CH4 (25.2 ppm), LPG (17.7 ppm), CO (14.3 ppm), M?c kh? gas: An to?n",Auto,OFF,OFF,OFF,OFF,
5/11/2025,19:04:03,29.772,78.201,14.21387,24.83883,17.22069,13.27687,24.48709,0.94889,An toan,An toan,"Nhi?t ?? 29.8?C, ?? ?m 78.2%, Kh? CO th?p (13.3 ppm), M?c ch?y: An to?n","Kh? CH4 (24.8 ppm), LPG (17.2 ppm), CO (13.3 ppm), M?c kh? gas: An to?n",Auto,OFF,OFF,OFF,OFF,
5/11/2025,19:05:16,29.01,72.425,15.34701,24.36498,18.06477,14.49885,15.70135,0.47406,An toan,An toan,"Nhi?t ?? 29.0?C, ?? ?m 72.4%, Kh? CO th?p (14.5 ppm), M?c ch?y: An to?n","Kh? CH4 (24.4 ppm), LPG (18.1 ppm), CO (14.5 ppm), M?c kh? gas: An to?n",Auto,OFF,OFF,OFF,OFF,
5/11/2025,19:07:39,29.776,73.401,14.99951,25.85226,19.78803,13.2421,12.17314,0.28226,An toan,An toan,"Nhi?t ?? 29.8?C, ?? ?m 73.4%, Kh? CO th?p (13.2 ppm), M?c ch?y: An to?n","Kh? CH4 (25.9 ppm), LPG (19.8 ppm), CO (13.2 ppm), M?c kh? gas: An to?n",Auto,OFF,OFF,OFF,OFF,
5/11/2025,19:08:11,30.997,77.727,15.84024,25.1486,19.77581,13.56594,26.29023,0.4403,An toan,An toan,"Nhi?t ?? 31.0?C, ?? ?m 77.7%, Kh? CO th?p (13.6 ppm), M?c ch?y: An to?n","Kh? CH4 (25.1 ppm), LPG (19.8 ppm), CO (13.6 ppm), M?c kh? gas: An to?n",Auto,OFF,OFF,OFF,OFF,
5/11/2025,19:11:54,30.743,73.787,15.19078,24.63809,18.18329,13.6816,25.32129,0.73505,An toan,An toan,"Nhi?t ?? 30.7?C, ?? ?m 73.8%, Kh? CO th?p (13.7 ppm), M?c ch?y: An to?n","Kh? CH4 (24.6 ppm), LPG (18.2 ppm), CO (13.7 ppm), M?c kh? gas: An to?n",Auto,OFF,OFF,OFF,OFF,
5/11/2025,19:16:17,30.246,76.296,15.25816,26.74907,18.64252,13.7291,15.55858,0.13772,An toan,An toan,"Nhi?t ?? 30.2?C, ?? ?m 76.3%, Kh? CO th?p (13.7 ppm), M?c ch?y: An to?n","Kh? CH4 (26.7 ppm), LPG (18.6 ppm), CO (13.7 ppm), M?c kh? gas: An to?n",Auto,OFF,OFF,OFF,OFF,
5/11/2025,19:23:48,30.695,74.945,14.18899,24.49238,18.25904,13.15944,27.66547,0.34273,An toan,An toan,"Nhi?t ?? 30.7?C, ?? ?m 74.9%, Kh? CO th?p (13.2 ppm), M?c ch?y: An to?n","Kh? CH4 (24.5 ppm), LPG (18.3 ppm), CO (13.2 ppm), M?c kh? gas: An to?n",Auto,OFF,OFF,OFF,OFF,
5/11/2025,19:26:05,30.208,75.037,15.97346,26.66018,19.07376,14.97254,15.8954,0.60121,An toan,An toan,"Nhi?t ?? 30.2?C, ?? ?m 75.0%, Kh? CO th?p (15.0 ppm), M?c ch?y: An to?n","Kh? CH4 (26.7 ppm), LPG (19.1 ppm), CO (15.0 ppm), M?c kh? gas: An to?n",Auto,OFF,OFF,OFF,OFF,
5/11/2025,19:27:51,30.607,75.567,15.88565,25.07014,19.92064,13.24186,15.89958,0.98621,An toan,An toan,"Nhi?t ?? 30.6?C, ?? ?m 75.6%, Kh? CO th?p (13.2 ppm), M?c ch?y: An to?n","Kh? CH4 (25.1 ppm), LPG (19.9 ppm), CO (13.2 ppm), M?c kh? gas: An to?n",Auto,OFF,OFF,OFF,OFF,
5/11/2025,19:28:13,29.277,79.741,15.80954,25.9269,17.19886,14.71147,11.63464,0.77533,An toan,An toan,"Nhi?t ?? 29.3?C, ?? ?m 79.7%, Kh? CO th?p (14.7 ppm), M?c ch?y: An to?n","Kh? CH4 (25.9 ppm), LPG (17.2 ppm), CO (14.7 ppm), M?c kh? gas: An to?n",Auto,OFF,OFF,OFF,OFF,
5/11/2025,19:30:09,29.693,75.37,15.96892,25.72183,19.94382,14.54912,17.24303,0.51973,An toan,An toan,"Nhi?t ?? 29.7?C, ?? ?m 75.4%, Kh? CO th?p (14.5 ppm), M?c ch?y: An to?n","Kh? CH4 (25.7 ppm), LPG (19.9 ppm), CO (14.5 ppm), M?c kh? gas: An to?n",Auto,OFF,OFF,OFF,OFF,
5/11/2025,19:32:43,29.792,75.048,15.05638,25.11086,17.66173,14.42935,10.05063,0.77193,An toan,An toan,"Nhi?t ?? 29.8?C, ?? ?m 75.0%, Kh? CO th?p (14.4 ppm), M?c ch?y: An to?n","Kh? CH4 (25.1 ppm), LPG (17.7 ppm), CO (14.4 ppm), M?c kh? gas: An to?n",Auto,OFF,OFF,OFF,OFF,
5/11/2025,19:42:45,29.268,77.992,15.53302,25.14811,18.36869,13.30583,13.27569,0.46524,An toan,An toan,"Nhi?t ?? 29.3?C, ?? ?m 78.0%, Kh? CO th?p (13.3 ppm), M?c ch?y: An to?n","Kh? CH4 (25.1 ppm), LPG (18.4 ppm), CO (13.3 ppm), M?c kh? gas: An to?n",Auto,OFF,OFF,OFF,OFF,
5/11/2025,19:43:09,30.407,71.192,14.17118,25.90936,17.78342,14.8637,15.36533,0.89089,An toan,An toan,"Nhi?t ?? 30.4?C, ?? ?m 71.2%, Kh? CO th?p (14.9 ppm), M?c ch?y: An to?n","Kh? CH4 (25.9 ppm), LPG (17.8 ppm), CO (14.9 ppm), M?c kh? gas: An to?n",Auto,OFF,OFF,OFF,OFF,
5/11/2025,19:48:49,30.608,70.032,15.25271,24.50996,18.72125,13.48462,26.10274,0.50629,An toan,An toan,"Nhi?t ?? 30.6?C, ?? ?m 70.0%, Kh? CO th?p (13.5 ppm), M?c ch?y: An to?n","Kh? CH4 (24.5 ppm), LPG (18.7 ppm), CO (13.5 ppm), M?c kh? gas: An to?n",Auto,OFF,OFF,OFF,OFF,
5/11/2025,19:53:49,29.73,69.017,15.08307,26.44831,17.61736,14.76372,12.5372,0.80664,An toan,An toan,"Nhi?t ?? 29.7?C, ?? ?m 69.0%, Kh? CO th?p (14.8 ppm), M?c ch?y: An to?n","Kh? CH4 (26.4 ppm), LPG (17.6 ppm), CO (14.8 ppm), M?c kh? gas: An to?n",Auto,OFF,OFF,OFF,OFF,
5/11/2025,19:53:56,30.254,73.766,15.69985,24.71168,19.04017,14.01474,13.26035,0.72096,An toan,An toan,"Nhi?t ?? 30.3?C, ?? ?m 73.8%, Kh? CO th?p (14.0 ppm), M?c ch?y: An to?n","Kh? CH4 (24.7 ppm), LPG (19.0 ppm), CO (14.0 ppm), M?c kh? gas: An to?n",Auto,OFF,OFF,OFF,OFF,
5/11/2025,19:54:29,29.561,70.924,15.33451,25.01676,17.25761,13.2684,14.63426,0.22081,An toan,An toan,"Nhi?t ?? 29.6?C, ?? ?m 70.9%, Kh? CO th?p (13.3 ppm), M?c ch?y: An to?n","Kh? CH4 (25.0 ppm), LPG (17.3 ppm), CO (13.3 ppm), M?c kh? gas: An to?n",Auto,OFF,OFF,OFF,OFF,
5/11/2025,19:57:44,30.28,74.242,14.30613,24.54706,18.69289,14.21144,25.95582,0.10345,An toan,An toan,"Nhi?t ?? 30.3?C, ?? ?m 74.2%, Kh? CO th?p (14.2 ppm), M?c ch?y: An to?n","Kh? CH4 (24.5 ppm), LPG (18.7 ppm), CO (14.2 ppm), M?c kh? gas: An to?n",Auto,OFF,OFF,OFF,OFF,
5/11/2025,20:02:00,30.13,76.382,15.4416,24.29383,18.7192,14.33383,16.05889,0.79529,An toan,An toan,"Nhi?t ?? 30.1?C, ?? ?m 76.4%, Kh? CO th?p (14.3 ppm), M?c ch?y: An to?n","Kh? CH4 (24.3 ppm), LPG (18.7 ppm), CO (14.3 ppm), M?c kh? gas: An to?n",Auto,OFF,OFF,OFF,OFF,
5/11/2025,20:06:16,30.02,75.642,15.994,26.02087,18.21037,14.14256,11.07878,0.30163,An toan,An toan,"Nhi?t ?? 30.0?C, ?? ?m 75.6%, Kh? CO th?p (14.1 ppm), M?c ch?y: An to?n","Kh? CH4 (26.0 ppm), LPG (18.2 ppm), CO (14.1 ppm), M?c kh? gas: An to?n",Auto,OFF,OFF,OFF,OFF,
5/11/2025,20:13:49,29.508,76.589,15.75432,25.38828,19.40296,13.97893,23.27646,0.24823,An toan,An toan,"Nhi?t ?? 29.5?C, ?? ?m 76.6%, Kh? CO th?p (14.0 ppm), M?c ch?y: An to?n","Kh? CH4 (25.4 ppm), LPG (19.4 ppm), CO (14.0 ppm), M?c kh? gas: An to?n",Auto,OFF,OFF,OFF,OFF,
5/11/2025,20:13:59,29.129,79.117,15.99823,24.96507,18.76583,14.59465,14.40951,0.13531,An toan,An toan,"Nhi?t ?? 29.1?C, ?? ?m 79.1%, Kh? CO th?p (14.6 ppm), M?c ch?y: An to?n","Kh? CH4 (25.0 ppm), LPG (18.8 ppm), CO (14.6 ppm), M?c kh? gas: An to?n",Auto,OFF,OFF,OFF,OFF,
5/11/2025,20:14:59,29.458,69.284,14.09811,24.7085,17.85773,13.94715,29.01865,0.66983,An toan,An toan,"Nhi?t ?? 29.5?C, ?? ?m 69.3%, Kh? CO th?p (13.9 ppm), M?c ch?y: An to?n","Kh? CH4 (24.7 ppm), LPG (17.9 ppm), CO (13.9 ppm), M?c kh? gas: An to?n",Auto,OFF,OFF,OFF,OFF,
5/11/2025,20:17:07,30.879,75.857,14.97564,25.57417,18.72131,14.32633,29.97945,0.63095,An toan,An toan,"Nhi?t ?? 30.9?C, ?? ?m 75.9%, Kh? CO th?p (14.3 ppm), M?c ch?y: An to?n","Kh? CH4 (25.6 ppm), LPG (18.7 ppm), CO (14.3 ppm), M?c kh? gas: An to?n",Auto,OFF,OFF,OFF,OFF,
5/11/2025,20:18:42,29.502,76.234,14.35422,26.08041,19.42903,13.87455,28.10652,0.12135,An toan,An toan,"Nhi?t ?? 29.5?C, ?? ?m 76.2%, Kh? CO th?p (13.9 ppm), M?c ch?y: An to?n","Kh? CH4 (26.1 ppm), LPG (19.4 ppm), CO (13.9 ppm), M?c kh? gas: An to?n",Auto,OFF,OFF,OFF,OFF,
5/11/2025,20:21:16,30.928,69.233,14.19447,26.3961,17.70641,13.0508,19.13027,0.51593,An toan,An toan,"Nhi?t ?? 30.9?C, ?? ?m 69.2%, Kh? CO th?p (13.1 ppm), M?c ch?y: An to?n","Kh? CH4 (26.4 ppm), LPG (17.7 ppm), CO (13.1 ppm), M?c kh? gas: An to?n",Auto,OFF,OFF,OFF,OFF,
5/11/2025,20:21:24,29.8,71.174,15.39078,25.54717,17.74756,14.74356,29.09012,0.58248,An toan,An toan,"Nhi?t ?? 29.8?C, ?? ?m 71.2%, Kh? CO th?p (14.7 ppm), M?c ch?y: An to?n","Kh? CH4 (25.5 ppm), LPG (17.7 ppm), CO (14.7 ppm), M?c kh? gas: An to?n",Auto,OFF,OFF,OFF,OFF,
5/11/2025,20:31:36,30.088,76.938,15.01906,24.42534,19.508,13.43876,10.10637,0.69566,An toan,An toan,"Nhi?t ?? 30.1?C, ?? ?m 76.9%, Kh? CO th?p (13.4 ppm), M?c ch?y: An to?n","Kh? CH4 (24.4 ppm), LPG (19.5 ppm), CO (13.4 ppm), M?c kh? gas: An to?n",Auto,OFF,OFF,OFF,OFF,
5/11/2025,20:32:56,30.43,76.496,14.96834,25.97755,19.46052,14.19791,29.66761,0.76209,An toan,An toan,"Nhi?t ?? 30.4?C, ?? ?m 76.5%, Kh? CO th?p (14.2 ppm), M?c ch?y: An to?n","Kh? CH4 (26.0 ppm), LPG (19.5 ppm), CO (14.2 ppm), M?c kh? gas: An to?n",Auto,OFF,OFF,OFF,OFF,
5/11/2025,20:34:12,30.91,75.912,14.7146,26.06014,19.34273,13.69383,13.06021,0.33474,An toan,An toan,"Nhi?t ?? 30.9?C, ?? ?m 75.9%, Kh? CO th?p (13.7 ppm), M?c ch?y: An to?n","Kh? CH4 (26.1 ppm), LPG (19.3 ppm), CO (13.7 ppm), M?c kh? gas: An to?n",Auto,OFF,OFF,OFF,OFF,
5/11/2025,20:36:57,30.503,69.127,15.48941,26.73879,19.72313,14.9713,28.3398,0.28839,An toan,An toan,"Nhi?t ?? 30.5?C, ?? ?m 69.1%, Kh? CO th?p (15.0 ppm), M?c ch?y: An to?n","Kh? CH4 (26.7 ppm), LPG (19.7 ppm), CO (15.0 ppm), M?c kh? gas: An to?n",Auto,OFF,OFF,OFF,OFF,
5/11/2025,20:42:23,30.647,69.64,15.81695,25.10151,18.48093,14.30479,10.18223,0.956,An toan,An toan,"Nhi?t ?? 30.6?C, ?? ?m 69.6%, Kh? CO th?p (14.3 ppm), M?c ch?y: An to?n","Kh? CH4 (25.1 ppm), LPG (18.5 ppm), CO (14.3 ppm), M?c kh? gas: An to?n",Auto,OFF,OFF,OFF,OFF,
5/11/2025,20:43:20,29.023,73.02,15.50865,24.54968,18.55389,14.25725,11.98084,0.44395,An toan,An toan,"Nhi?t ?? 29.0?C, ?? ?m 73.0%, Kh? CO th?p (14.3 ppm), M?c ch?y: An to?n","Kh? CH4 (24.5 ppm), LPG (18.6 ppm), CO (14.3 ppm), M?c kh? gas: An to?n",Auto,OFF,OFF,OFF,OFF,
5/11/2025,20:46:59,30.722,74.011,14.71562,25.55689,17.51764,14.55363,29.23444,0.80792,An toan,An toan,"Nhi?t ?? 30.7?C, ?? ?m 74.0%, Kh? CO th?p (14.6 ppm), M?c ch?y: An to?n","Kh? CH4 (25.6 ppm), LPG (17.5 ppm), CO (14.6 ppm), M?c kh? gas: An to?n",Auto,OFF,OFF,OFF,OFF,
5/11/2025,20:49:30,29.386,71.475,15.88226,25.07183,18.00231,14.09491,21.08128,0.17402,An toan,An toan,"Nhi?t ?? 29.4?C, ?? ?m 71.5%, Kh? CO th?p (14.1 ppm), M?c ch?y: An to?n","Kh? CH4 (25.1 ppm), LPG (18.0 ppm), CO (14.1 ppm), M?c kh? gas: An to?n",Auto,OFF,OFF,OFF,OFF,
5/11/2025,20:50:00,30.968,69.449,14.67868,25.65399,17.28875,13.19471,22.07583,0.74789,An toan,An toan,"Nhi?t ?? 31.0?C, ?? ?m 69.4%, Kh? CO th?p (13.2 ppm), M?c ch?y: An to?n","Kh? CH4 (25.7 ppm), LPG (17.3 ppm), CO (13.2 ppm), M?c kh? gas: An to?n",Auto,OFF,OFF,OFF,OFF,
5/11/2025,20:50:17,30.989,73.71,14.13998,24.44958,19.16664,14.1382,28.23792,0.11185,An toan,An toan,"Nhi?t ?? 31.0?C, ?? ?m 73.7%, Kh? CO th?p (14.1 ppm), M?c ch?y: An to?n","Kh? CH4 (24.4 ppm), LPG (19.2 ppm), CO (14.1 ppm), M?c kh? gas: An to?n",Auto,OFF,OFF,OFF,OFF,
5/11/2025,20:51:01,29.765,71.779,14.61756,26.21917,17.13151,14.77585,12.68182,0.63972,An toan,An toan,"Nhi?t ?? 29.8?C, ?? ?m 71.8%, Kh? CO th?p (14.8 ppm), M?c ch?y: An to?n","Kh? CH4 (26.2 ppm), LPG (17.1 ppm), CO (14.8 ppm), M?c kh? gas: An to?n",Auto,OFF,OFF,OFF,OFF,
5/11/2025,21:03:29,30.614,73.77,15.63367,26.00124,17.41546,13.6266,19.37608,0.72741,An toan,An toan,"Nhi?t ?? 30.6?C, ?? ?m 73.8%, Kh? CO th?p (13.6 ppm), M?c ch?y: An to?n","Kh? CH4 (26.0 ppm), LPG (17.4 ppm), CO (13.6 ppm), M?c kh? gas: An to?n",Auto,OFF,OFF,OFF,OFF,
5/11/2025,21:03:46,30.432,76.975,15.91467,26.73488,17.10948,13.8829,19.10027,0.41258,An toan,An toan,"Nhi?t ?? 30.4?C, ?? ?m 77.0%, Kh? CO th?p (13.9 ppm), M?c ch?y: An to?n","Kh? CH4 (26.7 ppm), LPG (17.1 ppm), CO (13.9 ppm), M?c kh? gas: An to?n",Auto,OFF,OFF,OFF,OFF,
5/11/2025,21:04:46,30.437,77.912,15.38393,26.27509,19.25476,13.05844,29.57978,0.46011,An toan,An toan,"Nhi?t ?? 30.4?C, ?? ?m 77.9%, Kh? CO th?p (13.1 ppm), M?c ch?y: An to?n","Kh? CH4 (26.3 ppm), LPG (19.3 ppm), CO (13.1 ppm), M?c kh? gas: An to?n",Auto,OFF,OFF,OFF,OFF,
5/11/2025,21:07:27,29.012,79.957,15.59457,24.14381,19.22782,13.45767,22.91942,0.97295,An toan,An toan,"Nhi?t ?? 29.0?C, ?? ?m 80.0%, Kh? CO th?p (13.5 ppm), M?c ch?y: An to?n","Kh? CH4 (24.1 ppm), LPG (19.2 ppm), CO (13.5 ppm), M?c kh? gas: An to?n",Auto,OFF,OFF,OFF,OFF,
5/11/2025,21:11:01,30.465,76.326,15.00541,24.06843,19.72771,13.42305,16.15996,0.1895,An toan,An toan,"Nhi?t ?? 30.5?C, ?? ?m 76.3%, Kh? CO th?p (13.4 ppm), M?c ch?y: An to?n","Kh? CH4 (24.1 ppm), LPG (19.7 ppm), CO (13.4 ppm), M?c kh? gas: An to?n",Auto,OFF,OFF,OFF,OFF,
5/11/2025,21:12:55,29.185,75.183,15.87655,24.65462,19.79187,14.66954,22.77723,0.52007,An toan,An toan,"Nhi?t ?? 29.2?C, ?? ?m 75.2%, Kh? CO th?p (14.7 ppm), M?c ch?y: An to?n","Kh? CH4 (24.7 ppm), LPG (19.8 ppm), CO (14.7 ppm), M?c kh? gas: An to?n",Auto,OFF,OFF,OFF,OFF,
5/11/2025,21:15:59,30.175,76.49,15.64551,26.13517,19.02396,14.14172,28.11843,0.66867,An toan,An toan,"Nhi?t ?? 30.2?C, ?? ?m 76.5%, Kh? CO th?p (14.1 ppm), M?c ch?y: An to?n","Kh? CH4 (26.1 ppm), LPG (19.0 ppm), CO (14.1 ppm), M?c kh? gas: An to?n",Auto,OFF,OFF,OFF,OFF,
5/11/2025,21:22:11,30.708,74.778,14.06209,24.11612,19.71291,13.77917,27.38008,0.3918,An toan,An toan,"Nhi?t ?? 30.7?C, ?? ?m 74.8%, Kh? CO th?p (13.8 ppm), M?c ch?y: An to?n","Kh? CH4 (24.1 ppm), LPG (19.7 ppm), CO (13.8 ppm), M?c kh? gas: An to?n",Auto,OFF,OFF,OFF,OFF,
5/11/2025,21:28:26,30.472,76.545,14.24288,26.82767,19.41859,13.41833,18.00729,0.56872,An toan,An toan,"Nhi?t ?? 30.5?C, ?? ?m 76.5%, Kh? CO th?p (13.4 ppm), M?c ch?y: An to?n","Kh? CH4 (26.8 ppm), LPG (19.4 ppm), CO (13.4 ppm), M?c kh? gas: An to?n",Auto,OFF,OFF,OFF,OFF,
5/11/2025,21:35:43,29.695,76.765,15.5188,25.14831,17.18885,13.80537,14.08329,0.29009,An toan,An toan,"Nhi?t ?? 29.7?C, ?? ?m 76.8%, Kh? CO th?p (13.8 ppm), M?c ch?y: An to?n","Kh? CH4 (25.1 ppm), LPG (17.2 ppm), CO (13.8 ppm), M?c kh? gas: An to?n",Auto,OFF,OFF,OFF,OFF,
5/11/2025,21:36:16,30.213,69.222,15.40944,26.7248,17.30969,14.53381,19.41091,0.75421,An toan,An toan,"Nhi?t ?? 30.2?C, ?? ?m 69.2%, Kh? CO th?p (14.5 ppm), M?c ch?y: An to?n","Kh? CH4 (26.7 ppm), LPG (17.3 ppm), CO (14.5 ppm), M?c kh? gas: An to?n",Auto,OFF,OFF,OFF,OFF,
5/11/2025,21:36:32,29.572,71.056,15.03487,25.7929,18.43146,14.92901,10.75227,0.65755,An toan,An toan,"Nhi?t ?? 29.6?C, ?? ?m 71.1%, Kh? CO th?p (14.9 ppm), M?c ch?y: An to?n","Kh? CH4 (25.8 ppm), LPG (18.4 ppm), CO (14.9 ppm), M?c kh? gas: An to?n",Auto,OFF,OFF,OFF,OFF,
5/11/2025,21:36:39,30.124,75.309,15.61039,26.11628,19.86265,13.44757,17.55349,0.56578,An toan,An toan,"Nhi?t ?? 30.1?C, ?? ?m 75.3%, Kh? CO th?p (13.4 ppm), M?c ch?y: An to?n","Kh? CH4 (26.1 ppm), LPG (19.9 ppm), CO (13.4 ppm), M?c kh? gas: An to?n",Auto,OFF,OFF,OFF,OFF,
5/11/2025,21:38:55,30.597,79.732,15.40522,24.10322,18.17631,14.13386,16.34061,0.22062,An toan,An toan,"Nhi?t ?? 30.6?C, ?? ?m 79.7%, Kh? CO th?p (14.1 ppm), M?c ch?y: An to?n","Kh? CH4 (24.1 ppm), LPG (18.2 ppm), CO (14.1 ppm), M?c kh? gas: An to?n",Auto,OFF,OFF,OFF,OFF,
5/11/2025,21:39:58,29.813,72.773,15.41136,26.93281,18.14027,14.16511,22.93419,0.84705,An toan,An toan,"Nhi?t ?? 29.8?C, ?? ?m 72.8%, Kh? CO th?p (14.2 ppm), M?c ch?y: An to?n","Kh? CH4 (26.9 ppm), LPG (18.1 ppm), CO (14.2 ppm), M?c kh? gas: An to?n",Auto,OFF,OFF,OFF,OFF,
5/11/2025,21:50:50,30.661,77.419,15.52058,24.56086,18.47902,14.97133,29.05633,0.74775,An toan,An toan,"Nhi?t ?? 30.7?C, ?? ?m 77.4%, Kh? CO th?p (15.0 ppm), M?c ch?y: An to?n","Kh? CH4 (24.6 ppm), LPG (18.5 ppm), CO (15.0 ppm), M?c kh? gas: An to?n",Auto,OFF,OFF,OFF,OFF,
5/11/2025,21:56:47,30.38,77.005,14.83203,24.10407,18.62127,13.16145,29.02157,0.6054,An toan,An toan,"Nhi?t ?? 30.4?C, ?? ?m 77.0%, Kh? CO th?p (13.2 ppm), M?c ch?y: An to?n","Kh? CH4 (24.1 ppm), LPG (18.6 ppm), CO (13.2 ppm), M?c kh? gas: An to?n",Auto,OFF,OFF,OFF,OFF,
5/11/2025,21:57:33,30.739,73.079,15.03785,25.46131,19.15472,14.2931,17.41475,0.62056,An toan,An toan,"Nhi?t ?? 30.7?C, ?? ?m 73.1%, Kh? CO th?p (14.3 ppm), M?c ch?y: An to?n","Kh? CH4 (25.5 ppm), LPG (19.2 ppm), CO (14.3 ppm), M?c kh? gas: An to?n",Auto,OFF,OFF,OFF,OFF,
5/11/2025,21:58:00,29.818,73.054,14.24261,24.07033,18.96544,14.25781,20.42554,0.6792,An toan,An toan,"Nhi?t ?? 29.8?C, ?? ?m 73.1%, Kh? CO th?p (14.3 ppm), M?c ch?y: An to?n","Kh? CH4 (24.1 ppm), LPG (19.0 ppm), CO (14.3 ppm), M?c kh? gas: An to?n",Auto,OFF,OFF,OFF,OFF,
5/11/2025,21:59:30,29.724,70.324,14.90112,25.94027,19.96595,14.37058,13.93486,0.43258,An toan,An toan,"Nhi?t ?? 29.7?C, ?? ?m 70.3%, Kh? CO th?p (14.4 ppm), M?c ch?y: An to?n","Kh? CH4 (25.9 ppm), LPG (20.0 ppm), CO (14.4 ppm), M?c kh? gas: An to?n",Auto,OFF,OFF,OFF,OFF,
5/11/2025,22:01:19,29.668,78.629,14.30912,26.44853,19.75723,14.80557,17.84637,0.99318,An toan,An toan,"Nhi?t ?? 29.7?C, ?? ?m 78.6%, Kh? CO th?p (14.8 ppm), M?c ch?y: An to?n","Kh? CH4 (26.4 ppm), LPG (19.8 ppm), CO (14.8 ppm), M?c kh? gas: An to?n",Auto,OFF,OFF,OFF,OFF,
5/11/2025,22:03:21,30.603,77.879,14.33753,24.61657,17.38019,13.99806,24.26479,0.79471,An toan,An toan,"Nhi?t ?? 30.6?C, ?? ?m 77.9%, Kh? CO th?p (14.0 ppm), M?c ch?y: An to?n","Kh? CH4 (24.6 ppm), LPG (17.4 ppm), CO (14.0 ppm), M?c kh? gas: An to?n",Auto,OFF,OFF,OFF,OFF,
5/11/2025,22:13:54,29.31,74.064,14.85745,26.25109,17.7489,13.17749,10.75858,0.71976,An toan,An toan,"Nhi?t ?? 29.3?C, ?? ?m 74.1%, Kh? CO th?p (13.2 ppm), M?c ch?y: An to?n","Kh? CH4 (26.3 ppm), LPG (17.7 ppm), CO (13.2 ppm), M?c kh? gas: An to?n",Auto,OFF,OFF,OFF,OFF,
5/11/2025,22:14:24,29.296,76.655,15.0887,26.54387,18.56116,14.53295,20.22279,0.11051,An toan,An toan,"Nhi?t ?? 29.3?C, ?? ?m 76.7%, Kh? CO th?p (14.5 ppm), M?c ch?y: An to?n","Kh? CH4 (26.5 ppm), LPG (18.6 ppm), CO (14.5 ppm), M?c kh? gas: An to?n",Auto,OFF,OFF,OFF,OFF,
5/11/2025,22:14:25,30.734,69.328,14.30004,24.72296,19.11513,14.97912,28.28535,0.60297,An toan,An toan,"Nhi?t ?? 30.7?C, ?? ?m 69.3%, Kh? CO th?p (15.0 ppm), M?c ch?y: An to?n","Kh? CH4 (24.7 ppm), LPG (19.1 ppm), CO (15.0 ppm), M?c kh? gas: An to?n",Auto,OFF,OFF,OFF,OFF,
5/11/2025,22:14:57,29.983,69.778,14.2995,26.56707,19.73682,14.65192,12.49559,0.62936,An toan,An toan,"Nhi?t ?? 30.0?C, ?? ?m 69.8%, Kh? CO th?p (14.7 ppm), M?c ch?y: An to?n","Kh? CH4 (26.6 ppm), LPG (19.7 ppm), CO (14.7 ppm), M?c kh? gas: An to?n",Auto,OFF,OFF,OFF,OFF,
5/11/2025,22:20:54,30.459,74.025,15.07981,26.6596,18.49688,13.76401,14.19147,0.28973,An toan,An toan,"Nhi?t ?? 30.5?C, ?? ?m 74.0%, Kh? CO th?p (13.8 ppm), M?c ch?y: An to?n","Kh? CH4 (26.7 ppm), LPG (18.5 ppm), CO (13.8 ppm), M?c kh? gas: An to?n",Auto,OFF,OFF,OFF,OFF,
5/11/2025,22:28:03,30.682,76.971,15.98104,26.37597,17.08249,14.24558,17.21734,0.35986,An toan,An toan,"Nhi?t ?? 30.7?C, ?? ?m 77.0%, Kh? CO th?p (14.2 ppm), M?c ch?y: An to?n","Kh? CH4 (26.4 ppm), LPG (17.1 ppm), CO (14.2 ppm), M?c kh? gas: An to?n",Auto,OFF,OFF,OFF,OFF,
5/11/2025,22:29:21,29.266,69.523,15.97801,26.41274,17.78136,13.34914,11.16739,0.35884,An toan,An toan,"Nhi?t ?? 29.3?C, ?? ?m 69.5%, Kh? CO th?p (13.3 ppm), M?c ch?y: An to?n","Kh? CH4 (26.4 ppm), LPG (17.8 ppm), CO (13.3 ppm), M?c kh? gas: An to?n",Auto,OFF,OFF,OFF,OFF,
5/11/2025,22:30:53,29.407,75.048,14.83757,25.62141,17.24027,13.60075,26.91198,0.47746,An toan,An toan,"Nhi?t ?? 29.4?C, ?? ?m 75.0%, Kh? CO th?p (13.6 ppm), M?c ch?y: An to?n","Kh? CH4 (25.6 ppm), LPG (17.2 ppm), CO (13.6 ppm), M?c kh? gas: An to?n",Auto,OFF,OFF,OFF,OFF,
5/11/2025,22:32:10,30.024,79.986,14.88493,26.42881,18.11788,14.59466,16.79576,0.13274,An toan,An toan,"Nhi?t ?? 30.0?C, ?? ?m 80.0%, Kh? CO th?p (14.6 ppm), M?c ch?y: An to?n","Kh? CH4 (26.4 ppm), LPG (18.1 ppm), CO (14.6 ppm), M?c kh? gas: An to?n",Auto,OFF,OFF,OFF,OFF,
5/11/2025,22:32:21,29.378,73.868,14.21685,24.86806,19.26194,13.09217,27.97072,0.34677,An toan,An toan,"Nhi?t ?? 29.4?C, ?? ?m 73.9%, Kh? CO th?p (13.1 ppm), M?c ch?y: An to?n","Kh? CH4 (24.9 ppm), LPG (19.3 ppm), CO (13.1 ppm), M?c kh? gas: An to?n",Auto,OFF,OFF,OFF,OFF,
5/11/2025,22:32:21,29.609,72.718,15.7395,24.85475,19.48368,13.47629,14.59132,0.17516,An toan,An toan,"Nhi?t ?? 29.6?C, ?? ?m 72.7%, Kh? CO th?p (13.5 ppm), M?c ch?y: An to?n","Kh? CH4 (24.9 ppm), LPG (19.5 ppm), CO (13.5 ppm), M?c kh? gas: An to?n",Auto,OFF,OFF,OFF,OFF,
5/11/2025,22:37:37,29.634,69.762,14.12263,24.83183,19.85,13.30614,19.66782,0.69784,An toan,An toan,"Nhi?t ?? 29.6?C, ?? ?m 69.8%, Kh? CO th?p (13.3 ppm), M?c ch?y: An to?n","Kh? CH4 (24.8 ppm), LPG (19.9 ppm), CO (13.3 ppm), M?c kh? gas: An to?n",Auto,OFF,OFF,OFF,OFF,
5/11/2025,22:39:29,29.607,70.469,14.30128,24.6666,17.25684,13.85477,26.50884,0.34701,An toan,An toan,"Nhi?t ?? 29.6?C, ?? ?m 70.5%, Kh? CO th?p (13.9 ppm), M?c ch?y: An to?n","Kh? CH4 (24.7 ppm), LPG (17.3 ppm), CO (13.9 ppm), M?c kh? gas: An to?n",Auto,OFF,OFF,OFF,OFF,
5/11/2025,22:47:45,29.042,73.788,15.01762,25.00403,18.44702,13.1488,21.07215,0.2517,An toan,An toan,"Nhi?t ?? 29.0?C, ?? ?m 73.8%, Kh? CO th?p (13.1 ppm), M?c ch?y: An to?n","Kh? CH4 (25.0 ppm), LPG (18.4 ppm), CO (13.1 ppm), M?c kh? gas: An to?n",Auto,OFF,OFF,OFF,OFF,
5/11/2025,22:52:10,29.342,78.744,15.7,24.11183,17.98542,13.85682,13.98544,0.29118,An toan,An toan,"Nhi?t ?? 29.3?C, ?? ?m 78.7%, Kh? CO th?p (13.9 ppm), M?c ch?y: An to?n","Kh? CH4 (24.1 ppm), LPG (18.0 ppm), CO (13.9 ppm), M?c kh? gas: An to?n",Auto,OFF,OFF,OFF,OFF,
5/11/2025,22:52:27,29.733,79.84,14.47213,24.88138,19.14776,14.9106,10.38998,0.57242,An toan,An toan,"Nhi?t ?? 29.7?C, ?? ?m 79.8%, Kh? CO th?p (14.9 ppm), M?c ch?y: An to?n","Kh? CH4 (24.9 ppm), LPG (19.1 ppm), CO (14.9 ppm), M?c kh? gas: An to?n",Auto,OFF,OFF,OFF,OFF,
5/11/2025,22:59:20,29.747,73.807,15.83728,26.94277,18.62127,14.04013,14.15094,0.66649,An toan,An toan,"Nhi?t ?? 29.7?C, ?? ?m 73.8%, Kh? CO th?p (14.0 ppm), M?c ch?y: An to?n","Kh? CH4 (26.9 ppm), LPG (18.6 ppm), CO (14.0 ppm), M?c kh? gas: An to?n",Auto,OFF,OFF,OFF,OFF,
5/11/2025,22:59:36,29.695,72.694,14.46645,25.27849,17.25821,14.65044,23.22766,0.90421,An toan,An toan,"Nhi?t ?? 29.7?C, ?? ?m 72.7%, Kh? CO th?p (14.7 ppm), M?c ch?y: An to?n","Kh? CH4 (25.3 ppm), LPG (17.3 ppm), CO (14.7 ppm), M?c kh? gas: An to?n",Auto,OFF,OFF,OFF,OFF,
5/11/2025,23:01:56,29.965,74.754,15.80167,24.58992,19.73069,14.92881,19.45884,0.70353,An toan,An toan,"Nhi?t ?? 30.0?C, ?? ?m 74.8%, Kh? CO th?p (14.9 ppm), M?c ch?y: An to?n","Kh? CH4 (24.6 ppm), LPG (19.7 ppm), CO (14.9 ppm), M?c kh? gas: An to?n",Auto,OFF,OFF,OFF,OFF,
5/11/2025,23:02:10,30.978,74.462,14.1477,26.83739,19.57531,13.29374,25.17245,0.99647,An toan,An toan,"Nhi?t ?? 31.0?C, ?? ?m 74.5%, Kh? CO th?p (13.3 ppm), M?c ch?y: An to?n","Kh? CH4 (26.8 ppm), LPG (19.6 ppm), CO (13.3 ppm), M?c kh? gas: An to?n",Auto,OFF,OFF,OFF,OFF,
5/11/2025,23:04:43,29.6,72.723,15.74294,26.69355,19.0339,14.75896,17.79991,0.67648,An toan,An toan,"Nhi?t ?? 29.6?C, ?? ?m 72.7%, Kh? CO th?p (14.8 ppm), M?c ch?y: An to?n","Kh? CH4 (26.7 ppm), LPG (19.0 ppm), CO (14.8 ppm), M?c kh? gas: An to?n",Auto,OFF,OFF,OFF,OFF,
5/11/2025,23:09:16,30.255,69.192,14.44525,25.24646,17.52612,13.31568,28.60359,0.2572,An toan,An toan,"Nhi?t ?? 30.3?C, ?? ?m 69.2%, Kh? CO th?p (13.3 ppm), M?c ch?y: An to?n","Kh? CH4 (25.2 ppm), LPG (17.5 ppm), CO (13.3 ppm), M?c kh? gas: An to?n",Auto,OFF,OFF,OFF,OFF,
5/11/2025,23:09:46,30.998,74.122,15.26962,24.26521,18.41352,14.1888,18.20284,0.34378,An toan,An toan,"Nhi?t ?? 31.0?C, ?? ?m 74.1%, Kh? CO th?p (14.2 ppm), M?c ch?y: An to?n","Kh? CH4 (24.3 ppm), LPG (18.4 ppm), CO (14.2 ppm), M?c kh? gas: An to?n",Auto,OFF,OFF,OFF,OFF,
5/11/2025,23:14:21,29.64,71.751,14.61719,26.6641,18.96586,13.29206,18.06622,0.83441,An toan,An toan,"Nhi?t ?? 29.6?C, ?? ?m 71.8%, Kh? CO th?p (13.3 ppm), M?c ch?y: An to?n","Kh? CH4 (26.7 ppm), LPG (19.0 ppm), CO (13.3 ppm), M?c kh? gas: An to?n",Auto,OFF,OFF,OFF,OFF,
5/11/2025,23:15:04,29.926,69.499,15.62619,25.40151,17.13792,14.8896,17.2893,0.7016,An toan,An toan,"Nhi?t ?? 29.9?C, ?? ?m 69.5%, Kh? CO th?p (14.9 ppm), M?c ch?y: An to?n","Kh? CH4 (25.4 ppm), LPG (17.1 ppm), CO (14.9 ppm), M?c kh? gas: An to?n",Auto,OFF,OFF,OFF,OFF,
5/11/2025,23:15:30,29.791,74.756,14.88232,25.51177,18.50443,13.76787,21.23897,0.82955,An toan,An toan,"Nhi?t ?? 29.8?C, ?? ?m 74.8%, Kh? CO th?p (13.8 ppm), M?c ch?y: An to?n","Kh? CH4 (25.5 ppm), LPG (18.5 ppm), CO (13.8 ppm), M?c kh? gas: An to?n",Auto,OFF,OFF,OFF,OFF,
5/11/2025,23:19:47,29.399,74.06,15.67229,26.20399,19.97874,13.52837,29.55409,0.44699,An toan,An toan,"Nhi?t ?? 29.4?C, ?? ?m 74.1%, Kh? CO th?p (13.5 ppm), M?c ch?y: An to?n","Kh? CH4 (26.2 ppm), LPG (20.0 ppm), CO (13.5 ppm), M?c kh? gas: An to?n",Auto,OFF,OFF,OFF,OFF,
5/11/2025,23:21:18,30.883,74.461,14.72762,25.21875,18.14263,14.14974,20.56742,0.16062,An toan,An toan,"Nhi?t ?? 30.9?C, ?? ?m 74.5%, Kh? CO th?p (14.1 ppm), M?c ch?y: An to?n","Kh? CH4 (25.2 ppm), LPG (18.1 ppm), CO (14.1 ppm), M?c kh? gas: An to?n",Auto,OFF,OFF,OFF,OFF,
5/11/2025,23:24:49,29.815,79.66,14.09099,24.39156,19.81294,13.74397,13.55091,0.75291,An toan,An toan,"Nhi?t ?? 29.8?C, ?? ?m 79.7%, Kh? CO th?p (13.7 ppm), M?c ch?y: An to?n","Kh? CH4 (24.4 ppm), LPG (19.8 ppm), CO (13.7 ppm), M?c kh? gas: An to?n",Auto,OFF,OFF,OFF,OFF,
5/11/2025,23:28:22,29.229,79.403,14.93483,26.45336,18.1933,14.06987,27.87698,0.71192,An toan,An toan,"Nhi?t ?? 29.2?C, ?? ?m 79.4%, Kh? CO th?p (14.1 ppm), M?c ch?y: An to?n","Kh? CH4 (26.5 ppm), LPG (18.2 ppm), CO (14.1 ppm), M?c kh? gas: An to?n",Auto,OFF,OFF,OFF,OFF,
5/11/2025,23:36:28,30.349,72.644,14.13468,25.72526,19.58244,14.91077,14.97971,0.3048,An toan,An toan,"Nhi?t ?? 30.3?C, ?? ?m 72.6%, Kh? CO th?p (14.9 ppm), M?c ch?y: An to?n","Kh? CH4 (25.7 ppm), LPG (19.6 ppm), CO (14.9 ppm), M?c kh? gas: An to?n",Auto,OFF,OFF,OFF,OFF,
5/11/2025,23:43:49,30.642,73.754,15.2976,24.3686,18.8696,13.40371,26.76635,0.83217,An toan,An toan,"Nhi?t ?? 30.6?C, ?? ?m 73.8%, Kh? CO th?p (13.4 ppm), M?c ch?y: An to?n","Kh? CH4 (24.4 ppm), LPG (18.9 ppm), CO (13.4 ppm), M?c kh? gas: An to?n",Auto,OFF,OFF,OFF,OFF,
5/11/2025,23:48:58,30.967,70.759,15.53319,26.18032,17.42242,14.5378,24.25178,0.64196,An toan,An toan,"Nhi?t ?? 31.0?C, ?? ?m 70.8%, Kh? CO th?p (14.5 ppm), M?c ch?y: An to?n","Kh? CH4 (26.2 ppm), LPG (17.4 ppm), CO (14.5 ppm), M?c kh? gas: An to?n",Auto,OFF,OFF,OFF,OFF,
5/11/2025,23:50:55,30.612,71.16,15.44826,26.84147,19.35338,14.73255,27.07803,0.89896,An toan,An toan,"Nhi?t ?? 30.6?C, ?? ?m 71.2%, Kh? CO th?p (14.7 ppm), M?c ch?y: An to?n","Kh? CH4 (26.8 ppm), LPG (19.4 ppm), CO (14.7 ppm), M?c kh? gas: An to?n",Auto,OFF,OFF,OFF,OFF,
5/11/2025,23:56:27,30.395,71.009,14.88933,24.13248,17.81719,13.32766,25.40709,0.98593,An toan,An toan,"Nhi?t ?? 30.4?C, ?? ?m 71.0%, Kh? CO th?p (13.3 ppm), M?c ch?y: An to?n","Kh? CH4 (24.1 ppm), LPG (17.8 ppm), CO (13.3 ppm), M?c kh? gas: An to?n",Auto,OFF,OFF,OFF,OFF,
5/11/2025,23:56:46,29.384,71.454,15.22966,26.45106,17.96959,13.29158,28.06111,0.10052,An toan,An toan,"Nhi?t ?? 29.4?C, ?? ?m 71.5%, Kh? CO th?p (13.3 ppm), M?c ch?y: An to?n","Kh? CH4 (26.5 ppm), LPG (18.0 ppm), CO (13.3 ppm), M?c kh? gas: An to?n",Auto,OFF,OFF,OFF,OFF,
5/11/2025,23:57:49,30.337,78.256,15.256,24.42366,19.3649,13.85105,16.98624,0.38411,An toan,An toan,"Nhi?t ?? 30.3?C, ?? ?m 78.3%, Kh? CO th?p (13.9 ppm), M?c ch?y: An to?n","Kh? CH4 (24.4 ppm), LPG (19.4 ppm), CO (13.9 ppm), M?c kh? gas: An to?n",Auto,OFF,OFF,OFF,OFF,
5/11/2025,23:58:04,30.661,78.671,14.55824,24.24827,17.71052,13.20164,14.13689,0.15228,An toan,An toan,"Nhi?t ?? 30.7?C, ?? ?m 78.7%, Kh? CO th?p (13.2 ppm), M?c ch?y: An to?n","Kh? CH4 (24.2 ppm), LPG (17.7 ppm), CO (13.2 ppm), M?c kh? gas: An to?n",Auto,OFF,OFF,OFF,OFF,
6/11/2025,0:01:15,29.174,76.526,15.62024,26.0686,17.23339,14.39717,15.65088,0.19247,An toan,An toan,"Nhi?t ?? 29.2?C, ?? ?m 76.5%, Kh? CO th?p (14.4 ppm), M?c ch?y: An to?n","Kh? CH4 (26.1 ppm), LPG (17.2 ppm), CO (14.4 ppm), M?c kh? gas: An to?n",Auto,OFF,OFF,OFF,OFF,
6/11/2025,0:07:10,29.818,77.096,15.17878,24.75463,19.45293,14.82607,19.81103,0.46484,An toan,An toan,"Nhi?t ?? 29.8?C, ?? ?m 77.1%, Kh? CO th?p (14.8 ppm), M?c ch?y: An to?n","Kh? CH4 (24.8 ppm), LPG (19.5 ppm), CO (14.8 ppm), M?c kh? gas: An to?n",Auto,OFF,OFF,OFF,OFF,
6/11/2025,0:10:30,29.201,69.384,15.67619,26.36349,17.91792,13.86952,21.8308,0.63025,An toan,An toan,"Nhi?t ?? 29.2?C, ?? ?m 69.4%, Kh? CO th?p (13.9 ppm), M?c ch?y: An to?n","Kh? CH4 (26.4 ppm), LPG (17.9 ppm), CO (13.9 ppm), M?c kh? gas: An to?n",Auto,OFF,OFF,OFF,OFF,
6/11/2025,0:11:50,30.232,70.92,15.95479,24.2047,17.07333,13.82824,29.27314,0.61097,An toan,An toan,"Nhi?t ?? 30.2?C, ?? ?m 70.9%, Kh? CO th?p (13.8 ppm), M?c ch?y: An to?n","Kh? CH4 (24.2 ppm), LPG (17.1 ppm), CO (13.8 ppm), M?c kh? gas: An to?n",Auto,OFF,OFF,OFF,OFF,
6/11/2025,0:12:29,30.604,73.474,14.79688,25.30058,17.65227,14.7352,24.07099,0.2998,An toan,An toan,"Nhi?t ?? 30.6?C, ?? ?m 73.5%, Kh? CO th?p (14.7 ppm), M?c ch?y: An to?n","Kh? CH4 (25.3 ppm), LPG (17.7 ppm), CO (14.7 ppm), M?c kh? gas: An to?n",Auto,OFF,OFF,OFF,OFF,
6/11/2025,0:13:49,30.963,69.576,14.68543,24.89372,18.53436,14.54119,29.28606,0.68846,An toan,An toan,"Nhi?t ?? 31.0?C, ?? ?m 69.6%, Kh? CO th?p (14.5 ppm), M?c ch?y: An to?n","Kh? CH4 (24.9 ppm), LPG (18.5 ppm), CO (14.5 ppm), M?c kh? gas: An to?n",Auto,OFF,OFF,OFF,OFF,
6/11/2025,0:14:22,30.164,74.515,14.20043,24.04397,18.68675,13.49304,21.31359,0.92545,An toan,An toan,"Nhi?t ?? 30.2?C, ?? ?m 74.5%, Kh? CO th?p (13.5 ppm), M?c ch?y: An to?n","Kh? CH4 (24.0 ppm), LPG (18.7 ppm), CO (13.5 ppm), M?c kh? gas: An to?n",Auto,OFF,OFF,OFF,OFF,
6/11/2025,0:16:53,30.662,69.57,15.20144,25.56026,18.55427,14.45694,16.29237,0.78087,An toan,An toan,"Nhi?t ?? 30.7?C, ?? ?m 69.6%, Kh? CO th?p (14.5 ppm), M?c ch?y: An to?n","Kh? CH4 (25.6 ppm), LPG (18.6 ppm), CO (14.5 ppm), M?c kh? gas: An to?n",Auto,OFF,OFF,OFF,OFF,
6/11/2025,0:19:12,30.881,77.511,15.71519,26.21586,18.89762,14.4099,22.32646,0.25373,An toan,An toan,"Nhi?t ?? 30.9?C, ?? ?m 77.5%, Kh? CO th?p (14.4 ppm), M?c ch?y: An to?n","Kh? CH4 (26.2 ppm), LPG (18.9 ppm), CO (14.4 ppm), M?c kh? gas: An to?n",Auto,OFF,OFF,OFF,OFF,
6/11/2025,0:25:47,29.078,74.02,14.44408,26.81366,19.04575,13.94672,19.80945,0.55831,An toan,An toan,"Nhi?t ?? 29.1?C, ?? ?m 74.0%, Kh? CO th?p (13.9 ppm), M?c ch?y: An to?n","Kh? CH4 (26.8 ppm), LPG (19.0 ppm), CO (13.9 ppm), M?c kh? gas: An to?n",Auto,OFF,OFF,OFF,OFF,
6/11/2025,0:29:20,30.733,73.312,15.78458,26.62809,19.42353,13.16061,20.08637,0.22335,An toan,An toan,"Nhi?t ?? 30.7?C, ?? ?m 73.3%, Kh? CO th?p (13.2 ppm), M?c ch?y: An to?n","Kh? CH4 (26.6 ppm), LPG (19.4 ppm), CO (13.2 ppm), M?c kh? gas: An to?n",Auto,OFF,OFF,OFF,OFF,
6/11/2025,0:33:28,30.052,74.141,15.40403,25.13533,17.06737,14.26327,15.8038,0.56426,An toan,An toan,"Nhi?t ?? 30.1?C, ?? ?m 74.1%, Kh? CO th?p (14.3 ppm), M?c ch?y: An to?n","Kh? CH4 (25.1 ppm), LPG (17.1 ppm), CO (14.3 ppm), M?c kh? gas: An to?n",Auto,OFF,OFF,OFF,OFF,
6/11/2025,0:38:16,29.903,76.361,14.8397,25.28867,17.66013,13.73255,16.60741,0.73974,An toan,An toan,"Nhi?t ?? 29.9?C, ?? ?m 76.4%, Kh? CO th?p (13.7 ppm), M?c ch?y: An to?n","Kh? CH4 (25.3 ppm), LPG (17.7 ppm), CO (13.7 ppm), M?c kh? gas: An to?n",Auto,OFF,OFF,OFF,OFF,
6/11/2025,0:39:25,29.799,72.595,15.48817,25.90938,18.38513,13.27825,14.84385,0.91551,An toan,An toan,"Nhi?t ?? 29.8?C, ?? ?m 72.6%, Kh? CO th?p (13.3 ppm), M?c ch?y: An to?n","Kh? CH4 (25.9 ppm), LPG (18.4 ppm), CO (13.3 ppm), M?c kh? gas: An to?n",Auto,OFF,OFF,OFF,OFF,
6/11/2025,0:42:47,30.473,79.17,15.38259,24.0803,19.57945,13.36061,12.12182,0.17691,An toan,An toan,"Nhi?t ?? 30.5?C, ?? ?m 79.2%, Kh? CO th?p (13.4 ppm), M?c ch?y: An to?n","Kh? CH4 (24.1 ppm), LPG (19.6 ppm), CO (13.4 ppm), M?c kh? gas: An to?n",Auto,OFF,OFF,OFF,OFF,
6/11/2025,0:45:10,29.205,77.027,15.03426,24.19067,18.90132,13.20914,27.17655,0.87574,An toan,An toan,"Nhi?t ?? 29.2?C, ?? ?m 77.0%, Kh? CO th?p (13.2 ppm), M?c ch?y: An to?n","Kh? CH4 (24.2 ppm), LPG (18.9 ppm), CO (13.2 ppm), M?c kh? gas: An to?n",Auto,OFF,OFF,OFF,OFF,
6/11/2025,0:49:00,29.374,76.507,14.53726,25.6471,17.71564,13.17234,28.32534,0.47996,An toan,An toan,"Nhi?t ?? 29.4?C, ?? ?m 76.5%, Kh? CO th?p (13.2 ppm), M?c ch?y: An to?n","Kh? CH4 (25.6 ppm), LPG (17.7 ppm), CO (13.2 ppm), M?c kh? gas: An to?n",Auto,OFF,OFF,OFF,OFF,
6/11/2025,0:50:52,29.306,73.042,14.37291,24.44904,19.71321,14.51011,17.17282,0.15498,An toan,An toan,"Nhi?t ?? 29.3?C, ?? ?m 73.0%, Kh? CO th?p (14.5 ppm), M?c ch?y: An to?n","Kh? CH4 (24.4 ppm), LPG (19.7 ppm), CO (14.5 ppm), M?c kh? gas: An to?n",Auto,OFF,OFF,OFF,OFF,
6/11/2025,0:56:44,29.317,79.626,15.34998,24.86418,17.16448,13.75722,12.31338,0.46265,An toan,An toan,"Nhi?t ?? 29.3?C, ?? ?m 79.6%, Kh? CO th?p (13.8 ppm), M?c ch?y: An to?n","Kh? CH4 (24.9 ppm), LPG (17.2 ppm), CO (13.8 ppm), M?c kh? gas: An to?n",Auto,OFF,OFF,OFF,OFF,
6/11/2025,0:59:03,29.555,70.763,15.82936,26.25638,18.80127,13.16843,21.21541,0.79034,An toan,An toan,"Nhi?t ?? 29.6?C, ?? ?m 70.8%, Kh? CO th?p (13.2 ppm), M?c ch?y: An to?n","Kh? CH4 (26.3 ppm), LPG (18.8 ppm), CO (13.2 ppm), M?c kh? gas: An to?n",Auto,OFF,OFF,OFF,OFF,
6/11/2025,1:01:09,29.536,69.818,14.21197,26.82176,19.40627,14.29508,29.09762,0.65216,An toan,An toan,"Nhi?t ?? 29.5?C, ?? ?m 69.8%, Kh? CO th?p (14.3 ppm), M?c ch?y: An to?n","Kh? CH4 (26.8 ppm), LPG (19.4 ppm), CO (14.3 ppm), M?c kh? gas: An to?n",Auto,OFF,OFF,OFF,OFF,
6/11/2025,1:04:10,29.994,70.644,14.03112,24.84966,17.42451,13.1955,15.23999,0.32349,An toan,An toan,"Nhi?t ?? 30.0?C, ?? ?m 70.6%, Kh? CO th?p (13.2 ppm), M?c ch?y: An to?n","Kh? CH4 (24.8 ppm), LPG (17.4 ppm), CO (13.2 ppm), M?c kh? gas: An to?n",Auto,OFF,OFF,OFF,OFF,
6/11/2025,1:11:07,30.104,78.884,15.72315,25.91285,17.59323,13.5815,21.72645,0.32368,An toan,An toan,"Nhi?t ?? 30.1?C, ?? ?m 78.9%, Kh? CO th?p (13.6 ppm), M?c ch?y: An to?n","Kh? CH4 (25.9 ppm), LPG (17.6 ppm), CO (13.6 ppm), M?c kh? gas: An to?n",Auto,OFF,OFF,OFF,OFF,
6/11/2025,1:11:21,30.436,72.771,14.04215,26.91295,17.26958,13.42921,27.63419,0.38238,An toan,An toan,"Nhi?t ?? 30.4?C, ?? ?m 72.8%, Kh? CO th?p (13.4 ppm), M?c ch?y: An to?n","Kh? CH4 (26.9 ppm), LPG (17.3 ppm), CO (13.4 ppm), M?c kh? gas: An to?n",Auto,OFF,OFF,OFF,OFF,
6/11/2025,1:13:19,29.11,72.47,14.50398,25.09006,19.38587,13.97058,12.62351,0.89551,An toan,An toan,"Nhi?t ?? 29.1?C, ?? ?m 72.5%, Kh? CO th?p (14.0 ppm), M?c ch?y: An to?n","Kh? CH4 (25.1 ppm), LPG (19.4 ppm), CO (14.0 ppm), M?c kh? gas: An to?n",Auto,OFF,OFF,OFF,OFF,
6/11/2025,1:13:58,29.394,77.458,15.45306,26.08634,18.36983,13.33027,24.27105,0.32087,An toan,An toan,"Nhi?t ?? 29.4?C, ?? ?m 77.5%, Kh? CO th?p (13.3 ppm), M?c ch?y: An to?n","Kh? CH4 (26.1 ppm), LPG (18.4 ppm), CO (13.3 ppm), M?c kh? gas: An to?n",Auto,OFF,OFF,OFF,OFF,
6/11/2025,1:17:37,30.085,71.081,15.9382,26.38313,18.68306,13.36382,27.4239,0.42796,An toan,An toan,"Nhi?t ?? 30.1?C, ?? ?m 71.1%, Kh? CO th?p (13.4 ppm), M?c ch?y: An to?n","Kh? CH4 (26.4 ppm), LPG (18.7 ppm), CO (13.4 ppm), M?c kh? gas: An to?n",Auto,OFF,OFF,OFF,OFF,
6/11/2025,1:19:34,30.941,79.444,14.52475,25.54644,18.4816,14.97458,17.98732,0.47955,An toan,An toan,"Nhi?t ?? 30.9?C, ?? ?m 79.4%, Kh? CO th?p (15.0 ppm), M?c ch?y: An to?n","Kh? CH4 (25.5 ppm), LPG (18.5 ppm), CO (15.0 ppm), M?c kh? gas: An to?n",Auto,OFF,OFF,OFF,OFF,
6/11/2025,1:22:21,29.822,73.986,14.97356,25.10071,17.80515,14.6488,28.83093,0.35467,An toan,An toan,"Nhi?t ?? 29.8?C, ?? ?m 74.0%, Kh? CO th?p (14.6 ppm), M?c ch?y: An to?n","Kh? CH4 (25.1 ppm), LPG (17.8 ppm), CO (14.6 ppm), M?c kh? gas: An to?n",Auto,OFF,OFF,OFF,OFF,
6/11/2025,1:23:52,30.388,71.287,14.21794,24.92017,18.09039,13.8241,12.65269,0.23668,An toan,An toan,"Nhi?t ?? 30.4?C, ?? ?m 71.3%, Kh? CO th?p (13.8 ppm), M?c ch?y: An to?n","Kh? CH4 (24.9 ppm), LPG (18.1 ppm), CO (13.8 ppm), M?c kh? gas: An to?n",Auto,OFF,OFF,OFF,OFF,
6/11/2025,1:33:10,30.215,72.368,14.98585,26.89136,18.18147,14.65209,15.18732,0.35323,An toan,An toan,"Nhi?t ?? 30.2?C, ?? ?m 72.4%, Kh? CO th?p (14.7 ppm), M?c ch?y: An to?n","Kh? CH4 (26.9 ppm), LPG (18.2 ppm), CO (14.7 ppm), M?c kh? gas: An to?n",Auto,OFF,OFF,OFF,OFF,
6/11/2025,1:33:27,30.414,77.017,15.3977,25.32256,19.94713,14.35957,21.9922,0.12126,An toan,An toan,"Nhi?t ?? 30.4?C, ?? ?m 77.0%, Kh? CO th?p (14.4 ppm), M?c ch?y: An to?n","Kh? CH4 (25.3 ppm), LPG (19.9 ppm), CO (14.4 ppm), M?c kh? gas: An to?n",Auto,OFF,OFF,OFF,OFF,
6/11/2025,1:34:11,30.966,69.917,15.91782,25.62638,18.30686,13.52131,17.18104,0.61809,An toan,An toan,"Nhi?t ?? 31.0?C, ?? ?m 69.9%, Kh? CO th?p (13.5 ppm), M?c ch?y: An to?n","Kh? CH4 (25.6 ppm), LPG (18.3 ppm), CO (13.5 ppm), M?c kh? gas: An to?n",Auto,OFF,OFF,OFF,OFF,
6/11/2025,1:35:09,30.964,78.216,14.45014,26.99013,17.78881,13.97254,13.48659,0.38854,An toan,An toan,"Nhi?t ?? 31.0?C, ?? ?m 78.2%, Kh? CO th?p (14.0 ppm), M?c ch?y: An to?n","Kh? CH4 (27.0 ppm), LPG (17.8 ppm), CO (14.0 ppm), M?c kh? gas: An to?n",Auto,OFF,OFF,OFF,OFF,
6/11/2025,1:36:08,29.577,74.659,14.98052,24.67864,19.50473,14.89588,28.35493,0.18905,An toan,An toan,"Nhi?t ?? 29.6?C, ?? ?m 74.7%, Kh? CO th?p (14.9 ppm), M?c ch?y: An to?n","Kh? CH4 (24.7 ppm), LPG (19.5 ppm), CO (14.9 ppm), M?c kh? gas: An to?n",Auto,OFF,OFF,OFF,OFF,
6/11/2025,1:37:50,30.03,77.052,15.6517,26.27434,17.45846,14.56962,16.92809,0.31963,An toan,An toan,"Nhi?t ?? 30.0?C, ?? ?m 77.1%, Kh? CO th?p (14.6 ppm), M?c ch?y: An to?n","Kh? CH4 (26.3 ppm), LPG (17.5 ppm), CO (14.6 ppm), M?c kh? gas: An to?n",Auto,OFF,OFF,OFF,OFF,
6/11/2025,1:38:55,30.753,71.54,14.32797,24.10027,17.06831,13.33367,23.34865,0.11238,An toan,An toan,"Nhi?t ?? 30.8?C, ?? ?m 71.5%, Kh? CO th?p (13.3 ppm), M?c ch?y: An to?n","Kh? CH4 (24.1 ppm), LPG (17.1 ppm), CO (13.3 ppm), M?c kh? gas: An to?n",Auto,OFF,OFF,OFF,OFF,
6/11/2025,1:42:33,29.03,76.892,15.21835,25.69553,17.24712,13.94258,10.18249,0.55958,An toan,An toan,"Nhi?t ?? 29.0?C, ?? ?m 76.9%, Kh? CO th?p (13.9 ppm), M?c ch?y: An to?n","Kh? CH4 (25.7 ppm), LPG (17.2 ppm), CO (13.9 ppm), M?c kh? gas: An to?n",Auto,OFF,OFF,OFF,OFF,
6/11/2025,1:50:51,29.251,70.038,14.92273,24.2031,17.12584,13.08704,15.97247,0.66843,An toan,An toan,"Nhi?t ?? 29.3?C, ?? ?m 70.0%, Kh? CO th?p (13.1 ppm), M?c ch?y: An to?n","Kh? CH4 (24.2 ppm), LPG (17.1 ppm), CO (13.1 ppm), M?c kh? gas: An to?n",Auto,OFF,OFF,OFF,OFF,
6/11/2025,1:59:19,29.437,69.398,15.20728,24.75041,19.30023,13.09549,15.81693,0.38012,An toan,An toan,"Nhi?t ?? 29.4?C, ?? ?m 69.4%, Kh? CO th?p (13.1 ppm), M?c ch?y: An to?n","Kh? CH4 (24.8 ppm), LPG (19.3 ppm), CO (13.1 ppm), M?c kh? gas: An to?n",Auto,OFF,OFF,OFF,OFF,
6/11/2025,2:00:12,30.385,70.282,15.13274,24.62477,17.51974,14.67074,11.39106,0.63271,An toan,An toan,"Nhi?t ?? 30.4?C, ?? ?m 70.3%, Kh? CO th?p (14.7 ppm), M?c ch?y: An to?n","Kh? CH4 (24.6 ppm), LPG (17.5 ppm), CO (14.7 ppm), M?c kh? gas: An to?n",Auto,OFF,OFF,OFF,OFF,
6/11/2025,2:00:56,29.664,79.257,14.3177,24.63868,18.67036,13.73255,13.26182,0.77032,An toan,An toan,"Nhi?t ?? 29.7?C, ?? ?m 79.3%, Kh? CO th?p (13.7 ppm), M?c ch?y: An to?n","Kh? CH4 (24.6 ppm), LPG (18.7 ppm), CO (13.7 ppm), M?c kh? gas: An to?n",Auto,OFF,OFF,OFF,OFF,
6/11/2025,2:01:20,30.588,71.931,15.50212,24.41186,19.86583,14.88843,26.82334,0.71739,An toan,An toan,"Nhi?t ?? 30.6?C, ?? ?m 71.9%, Kh? CO th?p (14.9 ppm), M?c ch?y: An to?n","Kh? CH4 (24.4 ppm), LPG (19.9 ppm), CO (14.9 ppm), M?c kh? gas: An to?n",Auto,OFF,OFF,OFF,OFF,
6/11/2025,2:03:44,30.173,69.477,15.24506,25.2707,19.16972,14.10444,22.82793,0.11958,An toan,An toan,"Nhi?t ?? 30.2?C, ?? ?m 69.5%, Kh? CO th?p (14.1 ppm), M?c ch?y: An to?n","Kh? CH4 (25.3 ppm), LPG (19.2 ppm), CO (14.1 ppm), M?c kh? gas: An to?n",Auto,OFF,OFF,OFF,OFF,
6/11/2025,2:20:17,29.139,73.954,14.58281,25.92534,18.70064,14.43239,25.9882,0.88188,An toan,An toan,"Nhi?t ?? 29.1?C, ?? ?m 74.0%, Kh? CO th?p (14.4 ppm), M?c ch?y: An to?n","Kh? CH4 (25.9 ppm), LPG (18.7 ppm), CO (14.4 ppm), M?c kh? gas: An to?n",Auto,OFF,OFF,OFF,OFF,
6/11/2025,2:23:23,29.43,75.921,15.69052,26.16159,19.84054,14.39551,16.71585,0.28551,An toan,An toan,"Nhi?t ?? 29.4?C, ?? ?m 75.9%, Kh? CO th?p (14.4 ppm), M?c ch?y: An to?n","Kh? CH4 (26.2 ppm), LPG (19.8 ppm), CO (14.4 ppm), M?c kh? gas: An to?n",Auto,OFF,OFF,OFF,OFF,
6/11/2025,2:27:09,29.208,76.54,14.60535,24.28776,18.34631,14.05335,23.80456,0.51813,An toan,An toan,"Nhi?t ?? 29.2?C, ?? ?m 76.5%, Kh? CO th?p (14.1 ppm), M?c ch?y: An to?n","Kh? CH4 (24.3 ppm), LPG (18.3 ppm), CO (14.1 ppm), M?c kh? gas: An to?n",Auto,OFF,OFF,OFF,OFF,
6/11/2025,2:32:37,30.122,73.447,14.71213,25.03876,17.65466,14.78205,29.92086,0.10775,An toan,An toan,"Nhi?t ?? 30.1?C, ?? ?m 73.4%, Kh? CO th?p (14.8 ppm), M?c ch?y: An to?n","Kh? CH4 (25.0 ppm), LPG (17.7 ppm), CO (14.8 ppm), M?c kh? gas: An to?n",Auto,OFF,OFF,OFF,OFF,
6/11/2025,2:35:38,29.635,76.077,15.88153,26.76337,18.15861,13.80819,19.16995,0.31645,An toan,An toan,"Nhi?t ?? 29.6?C, ?? ?m 76.1%, Kh? CO th?p (13.8 ppm), M?c ch?y: An to?n","Kh? CH4 (26.8 ppm), LPG (18.2 ppm), CO (13.8 ppm), M?c kh? gas: An to?n",Auto,OFF,OFF,OFF,OFF,
6/11/2025,2:36:11,30.777,75.224,15.30732,24.42181,19.3659,14.80923,16.28811,0.87699,An toan,An toan,"Nhi?t ?? 30.8?C, ?? ?m 75.2%, Kh? CO th?p (14.8 ppm), M?c ch?y: An to?n","Kh? CH4 (24.4 ppm), LPG (19.4 ppm), CO (14.8 ppm), M?c kh? gas: An to?n",Auto,OFF,OFF,OFF,OFF,
6/11/2025,2:38:39,29.244,71.74,15.69359,24.70935,19.93196,14.82021,13.4876,0.31353,An toan,An toan,"Nhi?t ?? 29.2?C, ?? ?m 71.7%, Kh? CO th?p (14.8 ppm), M?c ch?y: An to?n","Kh? CH4 (24.7 ppm), LPG (19.9 ppm), CO (14.8 ppm), M?c kh? gas: An to?n",Auto,OFF,OFF,OFF,OFF,
6/11/2025,2:43:26,29.873,75.298,15.17011,24.6913,19.1794,13.86005,26.04791,0.78105,An toan,An toan,"Nhi?t ?? 29.9?C, ?? ?m 75.3%, Kh? CO th?p (13.9 ppm), M?c ch?y: An to?n","Kh? CH4 (24.7 ppm), LPG (19.2 ppm), CO (13.9 ppm), M?c kh? gas: An to?n",Auto,OFF,OFF,OFF,OFF,
6/11/2025,2:44:34,30.522,73.247,15.88945,24.98063,17.87622,13.91054,11.56035,0.38316,An toan,An toan,"Nhi?t ?? 30.5?C, ?? ?m 73.2%, Kh? CO th?p (13.9 ppm), M?c ch?y: An to?n","Kh? CH4 (25.0 ppm), LPG (17.9 ppm), CO (13.9 ppm), M?c kh? gas: An to?n",Auto,OFF,OFF,OFF,OFF,
6/11/2025,2:44:52,29.011,77.729,15.04842,25.80256,17.47799,13.48082,27.97987,0.43764,An toan,An toan,"Nhi?t ?? 29.0?C, ?? ?m 77.7%, Kh? CO th?p (13.5 ppm), M?c ch?y: An to?n","Kh? CH4 (25.8 ppm), LPG (17.5 ppm), CO (13.5 ppm), M?c kh? gas: An to?n",Auto,OFF,OFF,OFF,OFF,
6/11/2025,2:44:53,29.022,79.963,15.31439,24.14552,19.0687,13.52051,22.76717,0.44142,An toan,An toan,"Nhi?t ?? 29.0?C, ?? ?m 80.0%, Kh? CO th?p (13.5 ppm), M?c ch?y: An to?n","Kh? CH4 (24.1 ppm), LPG (19.1 ppm), CO (13.5 ppm), M?c kh? gas: An to?n",Auto,OFF,OFF,OFF,OFF,
6/11/2025,2:46:38,29.827,79.279,15.66535,24.40955,17.59503,13.76948,25.83281,0.63281,An toan,An toan,"Nhi?t ?? 29.8?C, ?? ?m 79.3%, Kh? CO th?p (13.8 ppm), M?c ch?y: An to?n","Kh? CH4 (24.4 ppm), LPG (17.6 ppm), CO (13.8 ppm), M?c kh? gas: An to?n",Auto,OFF,OFF,OFF,OFF,
6/11/2025,2:48:59,29.881,70.003,14.81474,24.35448,18.66039,14.02571,19.00868,0.36105,An toan,An toan,"Nhi?t ?? 29.9?C, ?? ?m 70.0%, Kh? CO th?p (14.0 ppm), M?c ch?y: An to?n","Kh? CH4 (24.4 ppm), LPG (18.7 ppm), CO (14.0 ppm), M?c kh? gas: An to?n",Auto,OFF,OFF,OFF,OFF,
6/11/2025,2:51:29,29.314,71.553,14.57733,26.64653,18.73444,14.98965,18.92144,0.51632,An toan,An toan,"Nhi?t ?? 29.3?C, ?? ?m 71.6%, Kh? CO th?p (15.0 ppm), M?c ch?y: An to?n","Kh? CH4 (26.6 ppm), LPG (18.7 ppm), CO (15.0 ppm), M?c kh? gas: An to?n",Auto,OFF,OFF,OFF,OFF,
6/11/2025,2:52:57,30.697,74.864,14.704,26.25368,19.93147,13.07028,20.93634,0.48353,An toan,An toan,"Nhi?t ?? 30.7?C, ?? ?m 74.9%, Kh? CO th?p (13.1 ppm), M?c ch?y: An to?n","Kh? CH4 (26.3 ppm), LPG (19.9 ppm), CO (13.1 ppm), M?c kh? gas: An to?n",Auto,OFF,OFF,OFF,OFF,
6/11/2025,2:58:01,30.123,79.501,15.30296,25.58386,17.66112,13.58984,13.8964,0.292,An toan,An toan,"Nhi?t ?? 30.1?C, ?? ?m 79.5%, Kh? CO th?p (13.6 ppm), M?c ch?y: An to?n","Kh? CH4 (25.6 ppm), LPG (17.7 ppm), CO (13.6 ppm), M?c kh? gas: An to?n",Auto,OFF,OFF,OFF,OFF,
6/11/2025,3:01:04,29.908,75.721,15.62652,25.04685,18.95239,14.76909,16.41839,0.98174,An toan,An toan,"Nhi?t ?? 29.9?C, ?? ?m 75.7%, Kh? CO th?p (14.8 ppm), M?c ch?y: An to?n","Kh? CH4 (25.0 ppm), LPG (19.0 ppm), CO (14.8 ppm), M?c kh? gas: An to?n",Auto,OFF,OFF,OFF,OFF,
6/11/2025,3:02:56,30.853,70.28,14.66386,25.79313,17.81217,14.27366,27.15849,0.45604,An toan,An toan,"Nhi?t ?? 30.9?C, ?? ?m 70.3%, Kh? CO th?p (14.3 ppm), M?c ch?y: An to?n","Kh? CH4 (25.8 ppm), LPG (17.8 ppm), CO (14.3 ppm), M?c kh? gas: An to?n",Auto,OFF,OFF,OFF,OFF,
6/11/2025,3:03:22,30.212,76.068,15.61067,25.89502,18.26061,14.31487,26.377,0.79906,An toan,An toan,"Nhi?t ?? 30.2?C, ?? ?m 76.1%, Kh? CO th?p (14.3 ppm), M?c ch?y: An to?n","Kh? CH4 (25.9 ppm), LPG (18.3 ppm), CO (14.3 ppm), M?c kh? gas: An to?n",Auto,OFF,OFF,OFF,OFF,
6/11/2025,3:04:18,29.576,71.518,15.88873,25.50147,18.43179,14.01143,19.23309,0.24582,An toan,An toan,"Nhi?t ?? 29.6?C, ?? ?m 71.5%, Kh? CO th?p (14.0 ppm), M?c ch?y: An to?n","Kh? CH4 (25.5 ppm), LPG (18.4 ppm), CO (14.0 ppm), M?c kh? gas: An to?n",Auto,OFF,OFF,OFF,OFF,
6/11/2025,3:05:47,30.682,76.467,14.86766,25.44756,17.0886,13.97671,28.73912,0.70496,An toan,An toan,"Nhi?t ?? 30.7?C, ?? ?m 76.5%, Kh? CO th?p (14.0 ppm), M?c ch?y: An to?n","Kh? CH4 (25.4 ppm), LPG (17.1 ppm), CO (14.0 ppm), M?c kh? gas: An to?n",Auto,OFF,OFF,OFF,OFF,
6/11/2025,3:18:47,29.19,69.293,14.18457,24.90632,19.44159,13.28169,24.14906,0.32878,An toan,An toan,"Nhi?t ?? 29.2?C, ?? ?m 69.3%, Kh? CO th?p (13.3 ppm), M?c ch?y: An to?n","Kh? CH4 (24.9 ppm), LPG (19.4 ppm), CO (13.3 ppm), M?c kh? gas: An to?n",Auto,OFF,OFF,OFF,OFF,
6/11/2025,3:20:04,29.668,77.881,15.46193,26.76269,17.86446,14.06148,15.43928,0.78235,An toan,An toan,"Nhi?t ?? 29.7?C, ?? ?m 77.9%, Kh? CO th?p (14.1 ppm), M?c ch?y: An to?n","Kh? CH4 (26.8 ppm), LPG (17.9 ppm), CO (14.1 ppm), M?c kh? gas: An to?n",Auto,OFF,OFF,OFF,OFF,
6/11/2025,3:22:33,29.805,73.202,15.17976,25.32741,19.5648,14.73133,20.18248,0.20551,An toan,An toan,"Nhi?t ?? 29.8?C, ?? ?m 73.2%, Kh? CO th?p (14.7 ppm), M?c ch?y: An to?n","Kh? CH4 (25.3 ppm), LPG (19.6 ppm), CO (14.7 ppm), M?c kh? gas: An to?n",Auto,OFF,OFF,OFF,OFF,
6/11/2025,3:25:09,30.702,73.447,15.56849,24.82992,19.84275,14.81148,24.78327,0.48041,An toan,An toan,"Nhi?t ?? 30.7?C, ?? ?m 73.4%, Kh? CO th?p (14.8 ppm), M?c ch?y: An to?n","Kh? CH4 (24.8 ppm), LPG (19.8 ppm), CO (14.8 ppm), M?c kh? gas: An to?n",Auto,OFF,OFF,OFF,OFF,
6/11/2025,3:32:12,30.904,72.995,14.23055,25.33492,18.84956,14.21199,15.86336,0.43976,An toan,An toan,"Nhi?t ?? 30.9?C, ?? ?m 73.0%, Kh? CO th?p (14.2 ppm), M?c ch?y: An to?n","Kh? CH4 (25.3 ppm), LPG (18.8 ppm), CO (14.2 ppm), M?c kh? gas: An to?n",Auto,OFF,OFF,OFF,OFF,
6/11/2025,3:33:20,30.834,73.831,15.88873,24.55085,17.27826,13.98888,11.40602,0.32823,An toan,An toan,"Nhi?t ?? 30.8?C, ?? ?m 73.8%, Kh? CO th?p (14.0 ppm), M?c ch?y: An to?n","Kh? CH4 (24.6 ppm), LPG (17.3 ppm), CO (14.0 ppm), M?c kh? gas: An to?n",Auto,OFF,OFF,OFF,OFF,
6/11/2025,3:35:24,30.974,78.475,14.33833,26.52883,18.48174,14.35282,11.17115,0.9088,An toan,An toan,"Nhi?t ?? 31.0?C, ?? ?m 78.5%, Kh? CO th?p (14.4 ppm), M?c ch?y: An to?n","Kh? CH4 (26.5 ppm), LPG (18.5 ppm), CO (14.4 ppm), M?c kh? gas: An to?n",Auto,OFF,OFF,OFF,OFF,
6/11/2025,3:43:41,29.991,72.013,14.65486,24.80296,17.04175,13.49032,24.90052,0.44239,An toan,An toan,"Nhi?t ?? 30.0?C, ?? ?m 72.0%, Kh? CO th?p (13.5 ppm), M?c ch?y: An to?n","Kh? CH4 (24.8 ppm), LPG (17.0 ppm), CO (13.5 ppm), M?c kh? gas: An to?n",Auto,OFF,OFF,OFF,OFF,
6/11/2025,3:49:12,30.125,72.529,14.59817,24.44452,19.19027,13.56177,14.19248,0.48754,An toan,An toan,"Nhi?t ?? 30.1?C, ?? ?m 72.5%, Kh? CO th?p (13.6 ppm), M?c ch?y: An to?n","Kh? CH4 (24.4 ppm), LPG (19.2 ppm), CO (13.6 ppm), M?c kh? gas: An to?n",Auto,OFF,OFF,OFF,OFF,
6/11/2025,3:49:22,30.787,74.759,14.56905,26.89467,17.19324,13.70806,25.39331,0.89351,An toan,An toan,"Nhi?t ?? 30.8?C, ?? ?m 74.8%, Kh? CO th?p (13.7 ppm), M?c ch?y: An to?n","Kh? CH4 (26.9 ppm), LPG (17.2 ppm), CO (13.7 ppm), M?c kh? gas: An to?n",Auto,OFF,OFF,OFF,OFF,
6/11/2025,3:51:17,29.139,74.207,15.9948,25.21744,18.05829,14.91456,22.4443,0.18818,An toan,An toan,"Nhi?t ?? 29.1?C, ?? ?m 74.2%, Kh? CO th?p (14.9 ppm), M?c ch?y: An to?n","Kh? CH4 (25.2 ppm), LPG (18.1 ppm), CO (14.9 ppm), M?c kh? gas: An to?n",Auto,OFF,OFF,OFF,OFF,
6/11/2025,3:52:13,29.297,76.984,15.32449,26.17752,19.93475,14.78141,13.95086,0.25694,An toan,An toan,"Nhi?t ?? 29.3?C, ?? ?m 77.0%, Kh? CO th?p (14.8 ppm), M?c ch?y: An to?n","Kh? CH4 (26.2 ppm), LPG (19.9 ppm), CO (14.8 ppm), M?c kh? gas: An to?n",Auto,OFF,OFF,OFF,OFF,
6/11/2025,3:52:45,29.513,70.945,15.88191,24.10989,17.88311,14.7582,13.39577,0.26244,An toan,An toan,"Nhi?t ?? 29.5?C, ?? ?m 70.9%, Kh? CO th?p (14.8 ppm), M?c ch?y: An to?n","Kh? CH4 (24.1 ppm), LPG (17.9 ppm), CO (14.8 ppm), M?c kh? gas: An to?n",Auto,OFF,OFF,OFF,OFF,
6/11/2025,3:54:40,29.948,77.744,15.89361,24.01633,19.67917,13.73358,22.1116,0.92833,An toan,An toan,"Nhi?t ?? 29.9?C, ?? ?m 77.7%, Kh? CO th?p (13.7 ppm), M?c ch?y: An to?n","Kh? CH4 (24.0 ppm), LPG (19.7 ppm), CO (13.7 ppm), M?c kh? gas: An to?n",Auto,OFF,OFF,OFF,OFF,
6/11/2025,3:54:56,30.566,78.089,14.77757,25.55956,18.12077,14.33497,29.14477,0.4598,An toan,An toan,"Nhi?t ?? 30.6?C, ?? ?m 78.1%, Kh? CO th?p (14.3 ppm), M?c ch?y: An to?n","Kh? CH4 (25.6 ppm), LPG (18.1 ppm), CO (14.3 ppm), M?c kh? gas: An to?n",Auto,OFF,OFF,OFF,OFF,
6/11/2025,4:00:00,29.343,72.858,15.23075,24.38264,18.94712,13.79266,28.69389,0.98806,An toan,An toan,"Nhi?t ?? 29.3?C, ?? ?m 72.9%, Kh? CO th?p (13.8 ppm), M?c ch?y: An to?n","Kh? CH4 (24.4 ppm), LPG (18.9 ppm), CO (13.8 ppm), M?c kh? gas: An to?n",Auto,OFF,OFF,OFF,OFF,
6/11/2025,4:03:45,30.459,79.498,14.34446,26.43329,17.63552,13.81127,13.73125,0.82956,An toan,An toan,"Nhi?t ?? 30.5?C, ?? ?m 79.5%, Kh? CO th?p (13.8 ppm), M?c ch?y: An to?n","Kh? CH4 (26.4 ppm), LPG (17.6 ppm), CO (13.8 ppm), M?c kh? gas: An to?n",Auto,OFF,OFF,OFF,OFF,
6/11/2025,4:03:52,30.693,74.642,14.73683,25.17376,18.20998,13.20997,17.37703,0.81943,An toan,An toan,"Nhi?t ?? 30.7?C, ?? ?m 74.6%, Kh? CO th?p (13.2 ppm), M?c ch?y: An to?n","Kh? CH4 (25.2 ppm), LPG (18.2 ppm), CO (13.2 ppm), M?c kh? gas: An to?n",Auto,OFF,OFF,OFF,OFF,
6/11/2025,4:06:16,30.119,76.039,15.67032,25.02471,19.7534,14.5022,26.2657,0.7983,An toan,An toan,"Nhi?t ?? 30.1?C, ?? ?m 76.0%, Kh? CO th?p (14.5 ppm), M?c ch?y: An to?n","Kh? CH4 (25.0 ppm), LPG (19.8 ppm), CO (14.5 ppm), M?c kh? gas: An to?n",Auto,OFF,OFF,OFF,OFF,
6/11/2025,4:11:51,30.367,70.599,14.2241,24.8726,18.62346,14.32423,25.59669,0.14367,An toan,An toan,"Nhi?t ?? 30.4?C, ?? ?m 70.6%, Kh? CO th?p (14.3 ppm), M?c ch?y: An to?n","Kh? CH4 (24.9 ppm), LPG (18.6 ppm), CO (14.3 ppm), M?c kh? gas: An to?n",Auto,OFF,OFF,OFF,OFF,
6/11/2025,4:12:22,29.967,74.216,14.03144,24.93239,19.44464,14.3945,11.13614,0.11621,An toan,An toan,"Nhi?t ?? 30.0?C, ?? ?m 74.2%, Kh? CO th?p (14.4 ppm), M?c ch?y: An to?n","Kh? CH4 (24.9 ppm), LPG (19.4 ppm), CO (14.4 ppm), M?c kh? gas: An to?n",Auto,OFF,OFF,OFF,OFF,
6/11/2025,4:17:54,29.942,76.51,14.75249,25.57371,18.44953,14.16399,21.01477,0.86047,An toan,An toan,"Nhi?t ?? 29.9?C, ?? ?m 76.5%, Kh? CO th?p (14.2 ppm), M?c ch?y: An to?n","Kh? CH4 (25.6 ppm), LPG (18.4 ppm), CO (14.2 ppm), M?c kh? gas: An to?n",Auto,OFF,OFF,OFF,OFF,
6/11/2025,4:21:09,29.795,78.284,15.16796,26.18267,19.55425,14.9782,29.7005,0.82729,An toan,An toan,"Nhi?t ?? 29.8?C, ?? ?m 78.3%, Kh? CO th?p (15.0 ppm), M?c ch?y: An to?n","Kh? CH4 (26.2 ppm), LPG (19.6 ppm), CO (15.0 ppm), M?c kh? gas: An to?n",Auto,OFF,OFF,OFF,OFF,
6/11/2025,4:26:11,30.702,75.618,14.27816,25.79308,17.8793,13.94463,14.13771,0.10426,An toan,An toan,"Nhi?t ?? 30.7?C, ?? ?m 75.6%, Kh? CO th?p (13.9 ppm), M?c ch?y: An to?n","Kh? CH4 (25.8 ppm), LPG (17.9 ppm), CO (13.9 ppm), M?c kh? gas: An to?n",Auto,OFF,OFF,OFF,OFF,
6/11/2025,4:26:24,29.902,76.041,15.93648,24.92916,19.28414,13.40991,17.62132,0.81733,An toan,An toan,"Nhi?t ?? 29.9?C, ?? ?m 76.0%, Kh? CO th?p (13.4 ppm), M?c ch?y: An to?n","Kh? CH4 (24.9 ppm), LPG (19.3 ppm), CO (13.4 ppm), M?c kh? gas: An to?n",Auto,OFF,OFF,OFF,OFF,
6/11/2025,4:26:58,29.42,77.843,15.94233,25.93768,17.25099,14.07155,14.30629,0.17217,An toan,An toan,"Nhi?t ?? 29.4?C, ?? ?m 77.8%, Kh? CO th?p (14.1 ppm), M?c ch?y: An to?n","Kh? CH4 (25.9 ppm), LPG (17.3 ppm), CO (14.1 ppm), M?c kh? gas: An to?n",Auto,OFF,OFF,OFF,OFF,
6/11/2025,4:29:30,29.637,77.816,14.944,24.34046,17.2587,13.90814,18.16589,0.94504,An toan,An toan,"Nhi?t ?? 29.6?C, ?? ?m 77.8%, Kh? CO th?p (13.9 ppm), M?c ch?y: An to?n","Kh? CH4 (24.3 ppm), LPG (17.3 ppm), CO (13.9 ppm), M?c kh? gas: An to?n",Auto,OFF,OFF,OFF,OFF,
6/11/2025,4:32:47,29.587,76.232,15.53979,25.33565,18.03479,14.89221,10.89425,0.55359,An toan,An toan,"Nhi?t ?? 29.6?C, ?? ?m 76.2%, Kh? CO th?p (14.9 ppm), M?c ch?y: An to?n","Kh? CH4 (25.3 ppm), LPG (18.0 ppm), CO (14.9 ppm), M?c kh? gas: An to?n",Auto,OFF,OFF,OFF,OFF,
6/11/2025,4:33:52,29.078,74.788,14.72341,24.99639,18.6647,14.36154,11.4673,0.54786,An toan,An toan,"Nhi?t ?? 29.1?C, ?? ?m 74.8%, Kh? CO th?p (14.4 ppm), M?c ch?y: An to?n","Kh? CH4 (25.0 ppm), LPG (18.7 ppm), CO (14.4 ppm), M?c kh? gas: An to?n",Auto,OFF,OFF,OFF,OFF,
6/11/2025,4:39:34,30.638,69.286,15.86464,24.38222,19.6791,14.66589,14.26014,0.87861,An toan,An toan,"Nhi?t ?? 30.6?C, ?? ?m 69.3%, Kh? CO th?p (14.7 ppm), M?c ch?y: An to?n","Kh? CH4 (24.4 ppm), LPG (19.7 ppm), CO (14.7 ppm), M?c kh? gas: An to?n",Auto,OFF,OFF,OFF,OFF,
6/11/2025,4:42:58,30.238,74.711,14.34919,25.71109,18.52314,13.89939,15.73346,0.21838,An toan,An toan,"Nhi?t ?? 30.2?C, ?? ?m 74.7%, Kh? CO th?p (13.9 ppm), M?c ch?y: An to?n","Kh? CH4 (25.7 ppm), LPG (18.5 ppm), CO (13.9 ppm), M?c kh? gas: An to?n",Auto,OFF,OFF,OFF,OFF,
6/11/2025,4:48:20,30.881,72.652,15.43363,25.95873,18.98138,14.91626,25.12328,0.49939,An toan,An toan,"Nhi?t ?? 30.9?C, ?? ?m 72.7%, Kh? CO th?p (14.9 ppm), M?c ch?y: An to?n","Kh? CH4 (26.0 ppm), LPG (19.0 ppm), CO (14.9 ppm), M?c kh? gas: An to?n",Auto,OFF,OFF,OFF,OFF,
6/11/2025,4:52:32,29.497,72.039,15.7274,25.43079,18.89797,13.96898,12.87287,0.9274,An toan,An toan,"Nhi?t ?? 29.5?C, ?? ?m 72.0%, Kh? CO th?p (14.0 ppm), M?c ch?y: An to?n","Kh? CH4 (25.4 ppm), LPG (18.9 ppm), CO (14.0 ppm), M?c kh? gas: An to?n",Auto,OFF,OFF,OFF,OFF,
6/11/2025,4:54:14,30.963,76.932,14.66473,26.23228,19.92108,13.11252,22.80477,0.52978,An toan,An toan,"Nhi?t ?? 31.0?C, ?? ?m 76.9%, Kh? CO th?p (13.1 ppm), M?c ch?y: An to?n","Kh? CH4 (26.2 ppm), LPG (19.9 ppm), CO (13.1 ppm), M?c kh? gas: An to?n",Auto,OFF,OFF,OFF,OFF,
6/11/2025,4:55:55,29.379,76.093,14.74936,26.31266,19.14719,13.78305,26.24449,0.86703,An toan,An toan,"Nhi?t ?? 29.4?C, ?? ?m 76.1%, Kh? CO th?p (13.8 ppm), M?c ch?y: An to?n","Kh? CH4 (26.3 ppm), LPG (19.1 ppm), CO (13.8 ppm), M?c kh? gas: An to?n",Auto,OFF,OFF,OFF,OFF,
6/11/2025,5:00:07,30.997,76.77,14.36529,24.14758,19.87218,14.20282,13.27168,0.11651,An toan,An toan,"Nhi?t ?? 31.0?C, ?? ?m 76.8%, Kh? CO th?p (14.2 ppm), M?c ch?y: An to?n","Kh? CH4 (24.1 ppm), LPG (19.9 ppm), CO (14.2 ppm), M?c kh? gas: An to?n",Auto,OFF,OFF,OFF,OFF,
6/11/2025,5:04:17,30.595,76.976,14.02549,26.15329,18.21982,14.17555,19.43993,0.69193,An toan,An toan,"Nhi?t ?? 30.6?C, ?? ?m 77.0%, Kh? CO th?p (14.2 ppm), M?c ch?y: An to?n","Kh? CH4 (26.2 ppm), LPG (18.2 ppm), CO (14.2 ppm), M?c kh? gas: An to?n",Auto,OFF,OFF,OFF,OFF,
6/11/2025,5:05:26,30.779,75.557,14.8338,26.04046,18.79497,13.22021,21.70431,0.17012,An toan,An toan,"Nhi?t ?? 30.8?C, ?? ?m 75.6%, Kh? CO th?p (13.2 ppm), M?c ch?y: An to?n","Kh? CH4 (26.0 ppm), LPG (18.8 ppm), CO (13.2 ppm), M?c kh? gas: An to?n",Auto,OFF,OFF,OFF,OFF,
6/11/2025,5:08:34,30.461,78.407,15.93625,25.20733,19.17504,13.52699,29.71516,0.39708,An toan,An toan,"Nhi?t ?? 30.5?C, ?? ?m 78.4%, Kh? CO th?p (13.5 ppm), M?c ch?y: An to?n","Kh? CH4 (25.2 ppm), LPG (19.2 ppm), CO (13.5 ppm), M?c kh? gas: An to?n",Auto,OFF,OFF,OFF,OFF,
6/11/2025,5:08:51,30.29,73.737,14.75043,24.55055,19.39371,14.90056,26.53285,0.88918,An toan,An toan,"Nhi?t ?? 30.3?C, ?? ?m 73.7%, Kh? CO th?p (14.9 ppm), M?c ch?y: An to?n","Kh? CH4 (24.6 ppm), LPG (19.4 ppm), CO (14.9 ppm), M?c kh? gas: An to?n",Auto,OFF,OFF,OFF,OFF,
6/11/2025,5:10:12,30.107,73.781,15.79906,24.52878,18.12815,14.53692,15.49443,0.30251,An toan,An toan,"Nhi?t ?? 30.1?C, ?? ?m 73.8%, Kh? CO th?p (14.5 ppm), M?c ch?y: An to?n","Kh? CH4 (24.5 ppm), LPG (18.1 ppm), CO (14.5 ppm), M?c kh? gas: An to?n",Auto,OFF,OFF,OFF,OFF,
6/11/2025,5:22:51,29.628,69.957,14.56953,24.27665,18.90303,13.09338,24.15012,0.99803,An toan,An toan,"Nhi?t ?? 29.6?C, ?? ?m 70.0%, Kh? CO th?p (13.1 ppm), M?c ch?y: An to?n","Kh? CH4 (24.3 ppm), LPG (18.9 ppm), CO (13.1 ppm), M?c kh? gas: An to?n",Auto,OFF,OFF,OFF,OFF,
6/11/2025,5:27:38,29.759,70.988,15.48859,26.06265,19.5564,13.37766,26.27919,0.67069,An toan,An toan,"Nhi?t ?? 29.8?C, ?? ?m 71.0%, Kh? CO th?p (13.4 ppm), M?c ch?y: An to?n","Kh? CH4 (26.1 ppm), LPG (19.6 ppm), CO (13.4 ppm), M?c kh? gas: An to?n",Auto,OFF,OFF,OFF,OFF,
6/11/2025,5:28:35,30.547,77.556,14.59933,24.5193,17.87241,14.47401,16.88132,0.1272,An toan,An toan,"Nhi?t ?? 30.5?C, ?? ?m 77.6%, Kh? CO th?p (14.5 ppm), M?c ch?y: An to?n","Kh? CH4 (24.5 ppm), LPG (17.9 ppm), CO (14.5 ppm), M?c kh? gas: An to?n",Auto,OFF,OFF,OFF,OFF,
6/11/2025,5:33:12,29.16,73.319,15.81279,25.66707,18.53983,14.70801,27.19042,0.15176,An toan,An toan,"Nhi?t ?? 29.2?C, ?? ?m 73.3%, Kh? CO th?p (14.7 ppm), M?c ch?y: An to?n","Kh? CH4 (25.7 ppm), LPG (18.5 ppm), CO (14.7 ppm), M?c kh? gas: An to?n",Auto,OFF,OFF,OFF,OFF,
6/11/2025,5:34:33,30.623,70.121,14.12368,26.98602,18.90206,13.08878,22.06417,0.58154,An toan,An toan,"Nhi?t ?? 30.6?C, ?? ?m 70.1%, Kh? CO th?p (13.1 ppm), M?c ch?y: An to?n","Kh? CH4 (27.0 ppm), LPG (18.9 ppm), CO (13.1 ppm), M?c kh? gas: An to?n",Auto,OFF,OFF,OFF,OFF,
6/11/2025,5:44:33,30.353,79.948,14.78782,24.21191,19.01302,13.25516,15.66267,0.53341,An toan,An toan,"Nhi?t ?? 30.4?C, ?? ?m 79.9%, Kh? CO th?p (13.3 ppm), M?c ch?y: An to?n","Kh? CH4 (24.2 ppm), LPG (19.0 ppm), CO (13.3 ppm), M?c kh? gas: An to?n",Auto,OFF,OFF,OFF,OFF,
6/11/2025,5:45:24,29.554,76.463,15.95871,24.22965,19.66875,14.42608,14.92906,0.14527,An toan,An toan,"Nhi?t ?? 29.6?C, ?? ?m 76.5%, Kh? CO th?p (14.4 ppm), M?c ch?y: An to?n","Kh? CH4 (24.2 ppm), LPG (19.7 ppm), CO (14.4 ppm), M?c kh? gas: An to?n",Auto,OFF,OFF,OFF,OFF,
6/11/2025,5:45:40,29.978,77.095,14.88612,26.36558,18.68254,14.39954,10.70624,0.98034,An toan,An toan,"Nhi?t ?? 30.0?C, ?? ?m 77.1%, Kh? CO th?p (14.4 ppm), M?c ch?y: An to?n","Kh? CH4 (26.4 ppm), LPG (18.7 ppm), CO (14.4 ppm), M?c kh? gas: An to?n",Auto,OFF,OFF,OFF,OFF,
6/11/2025,5:48:54,30.063,72.838,14.61292,24.02841,18.38472,14.33299,27.46437,0.8907,An toan,An toan,"Nhi?t ?? 30.1?C, ?? ?m 72.8%, Kh? CO th?p (14.3 ppm), M?c ch?y: An to?n","Kh? CH4 (24.0 ppm), LPG (18.4 ppm), CO (14.3 ppm), M?c kh? gas: An to?n",Auto,OFF,OFF,OFF,OFF,
6/11/2025,5:49:42,30.959,72.438,15.33346,26.14572,19.74632,14.41713,10.99722,0.32573,An toan,An toan,"Nhi?t ?? 31.0?C, ?? ?m 72.4%, Kh? CO th?p (14.4 ppm), M?c ch?y: An to?n","Kh? CH4 (26.1 ppm), LPG (19.7 ppm), CO (14.4 ppm), M?c kh? gas: An to?n",Auto,OFF,OFF,OFF,OFF,
6/11/2025,5:53:55,30.193,79.261,15.63952,25.88313,19.55542,13.18367,16.14673,0.20922,An toan,An toan,"Nhi?t ?? 30.2?C, ?? ?m 79.3%, Kh? CO th?p (13.2 ppm), M?c ch?y: An to?n","Kh? CH4 (25.9 ppm), LPG (19.6 ppm), CO (13.2 ppm), M?c kh? gas: An to?n",Auto,OFF,OFF,OFF,OFF,
6/11/2025,5:57:00,29.383,75.751,14.13167,24.33841,19.93611,13.49186,25.11085,0.28559,An toan,An toan,"Nhi?t ?? 29.4?C, ?? ?m 75.8%, Kh? CO th?p (13.5 ppm), M?c ch?y: An to?n","Kh? CH4 (24.3 ppm), LPG (19.9 ppm), CO (13.5 ppm), M?c kh? gas: An to?n",Auto,OFF,OFF,OFF,OFF,
6/11/2025,5:57:18,30.865,72.809,15.77125,24.39522,18.87772,13.69142,29.12732,0.40267,An toan,An toan,"Nhi?t ?? 30.9?C, ?? ?m 72.8%, Kh? CO th?p (13.7 ppm), M?c ch?y: An to?n","Kh? CH4 (24.4 ppm), LPG (18.9 ppm), CO (13.7 ppm), M?c kh? gas: An to?n",Auto,OFF,OFF,OFF,OFF,
6/11/2025,5:59:46,29.504,78.243,14.9969,25.15431,17.65657,14.06731,23.71788,0.68611,An toan,An toan,"Nhi?t ?? 29.5?C, ?? ?m 78.2%, Kh? CO th?p (14.1 ppm), M?c ch?y: An to?n","Kh? CH4 (25.2 ppm), LPG (17.7 ppm), CO (14.1 ppm), M?c kh? gas: An to?n",Auto,OFF,OFF,OFF,OFF,
6/11/2025,6:01:53,29.665,69.081,15.34893,26.79949,18.18942,14.19395,18.4984,0.72423,An toan,An toan,"Nhi?t ?? 29.7?C, ?? ?m 69.1%, Kh? CO th?p (14.2 ppm), M?c ch?y: An to?n","Kh? CH4 (26.8 ppm), LPG (18.2 ppm), CO (14.2 ppm), M?c kh? gas: An to?n",Auto,OFF,OFF,OFF,OFF,
6/11/2025,6:03:34,30.601,78.399,14.45767,26.17996,17.65661,13.77004,28.27476,0.99147,An toan,An toan,"Nhi?t ?? 30.6?C, ?? ?m 78.4%, Kh? CO th?p (13.8 ppm), M?c ch?y: An to?n","Kh? CH4 (26.2 ppm), LPG (17.7 ppm), CO (13.8 ppm), M?c kh? gas: An to?n",Auto,OFF,OFF,OFF,OFF,
6/11/2025,6:04:23,30.523,77.221,14.61689,24.51354,19.43518,14.94482,24.9156,0.33689,An toan,An toan,"Nhi?t ?? 30.5?C, ?? ?m 77.2%, Kh? CO th?p (14.9 ppm), M?c ch?y: An to?n","Kh? CH4 (24.5 ppm), LPG (19.4 ppm), CO (14.9 ppm), M?c kh? gas: An to?n",Auto,OFF,OFF,OFF,OFF,
6/11/2025,6:05:45,29.113,73.917,15.6169,26.63413,19.59599,13.61928,26.46648,0.42124,An toan,An toan,"Nhi?t ?? 29.1?C, ?? ?m 73.9%, Kh? CO th?p (13.6 ppm), M?c ch?y: An to?n","Kh? CH4 (26.6 ppm), LPG (19.6 ppm), CO (13.6 ppm), M?c kh? gas: An to?n",Auto,OFF,OFF,OFF,OFF,
6/11/2025,6:15:37,29.548,74.613,15.71383,26.75206,19.14425,14.22014,11.38917,0.72878,An toan,An toan,"Nhi?t ?? 29.5?C, ?? ?m 74.6%, Kh? CO th?p (14.2 ppm), M?c ch?y: An to?n","Kh? CH4 (26.8 ppm), LPG (19.1 ppm), CO (14.2 ppm), M?c kh? gas: An to?n",Auto,OFF,OFF,OFF,OFF,
6/11/2025,6:17:36,29.733,71.735,14.38833,26.10164,18.83507,13.32122,13.95784,0.23196,An toan,An toan,"Nhi?t ?? 29.7?C, ?? ?m 71.7%, Kh? CO th?p (13.3 ppm), M?c ch?y: An to?n","Kh? CH4 (26.1 ppm), LPG (18.8 ppm), CO (13.3 ppm), M?c kh? gas: An to?n",Auto,OFF,OFF,OFF,OFF,
6/11/2025,6:23:16,29.597,76.544,14.29055,24.07542,19.2008,14.79484,13.22098,0.3263,An toan,An toan,"Nhi?t ?? 29.6?C, ?? ?m 76.5%, Kh? CO th?p (14.8 ppm), M?c ch?y: An to?n","Kh? CH4 (24.1 ppm), LPG (19.2 ppm), CO (14.8 ppm), M?c kh? gas: An to?n",Auto,OFF,OFF,OFF,OFF,
6/11/2025,6:26:24,30.111,70.135,14.07327,26.89435,18.46844,13.86383,16.10261,0.64339,An toan,An toan,"Nhi?t ?? 30.1?C, ?? ?m 70.1%, Kh? CO th?p (13.9 ppm), M?c ch?y: An to?n","Kh? CH4 (26.9 ppm), LPG (18.5 ppm), CO (13.9 ppm), M?c kh? gas: An to?n",Auto,OFF,OFF,OFF,OFF,
6/11/2025,6:28:10,30.147,77.269,15.39686,26.90002,18.01402,14.99783,20.82404,0.6929,An toan,An toan,"Nhi?t ?? 30.1?C, ?? ?m 77.3%, Kh? CO th?p (15.0 ppm), M?c ch?y: An to?n","Kh? CH4 (26.9 ppm), LPG (18.0 ppm), CO (15.0 ppm), M?c kh? gas: An to?n",Auto,OFF,OFF,OFF,OFF,
6/11/2025,6:38:05,29.684,74.417,15.54171,24.40217,17.25925,14.72202,24.2943,0.18531,An toan,An toan,"Nhi?t ?? 29.7?C, ?? ?m 74.4%, Kh? CO th?p (14.7 ppm), M?c ch?y: An to?n","Kh? CH4 (24.4 ppm), LPG (17.3 ppm), CO (14.7 ppm), M?c kh? gas: An to?n",Auto,OFF,OFF,OFF,OFF,
6/11/2025,6:39:19,30.765,71.563,14.16087,25.51347,18.74673,14.23641,24.66173,0.26003,An toan,An toan,"Nhi?t ?? 30.8?C, ?? ?m 71.6%, Kh? CO th?p (14.2 ppm), M?c ch?y: An to?n","Kh? CH4 (25.5 ppm), LPG (18.7 ppm), CO (14.2 ppm), M?c kh? gas: An to?n",Auto,OFF,OFF,OFF,OFF,
6/11/2025,6:42:07,29.099,73.318,14.97892,25.17604,19.97726,13.03349,16.32319,0.26932,An toan,An toan,"Nhi?t ?? 29.1?C, ?? ?m 73.3%, Kh? CO th?p (13.0 ppm), M?c ch?y: An to?n","Kh? CH4 (25.2 ppm), LPG (20.0 ppm), CO (13.0 ppm), M?c kh? gas: An to?n",Auto,OFF,OFF,OFF,OFF,
6/11/2025,6:44:52,30.091,71.07,14.4647,26.10423,18.7862,13.42774,29.6592,0.11995,An toan,An toan,"Nhi?t ?? 30.1?C, ?? ?m 71.1%, Kh? CO th?p (13.4 ppm), M?c ch?y: An to?n","Kh? CH4 (26.1 ppm), LPG (18.8 ppm), CO (13.4 ppm), M?c kh? gas: An to?n",Auto,OFF,OFF,OFF,OFF,
6/11/2025,6:46:41,29.314,77.532,14.06914,24.77292,17.78675,13.92846,29.52536,0.67042,An toan,An toan,"Nhi?t ?? 29.3?C, ?? ?m 77.5%, Kh? CO th?p (13.9 ppm), M?c ch?y: An to?n","Kh? CH4 (24.8 ppm), LPG (17.8 ppm), CO (13.9 ppm), M?c kh? gas: An to?n",Auto,OFF,OFF,OFF,OFF,
6/11/2025,6:47:16,30.588,78.571,14.32197,26.597,19.88918,13.03072,10.81595,0.54106,An toan,An toan,"Nhi?t ?? 30.6?C, ?? ?m 78.6%, Kh? CO th?p (13.0 ppm), M?c ch?y: An to?n","Kh? CH4 (26.6 ppm), LPG (19.9 ppm), CO (13.0 ppm), M?c kh? gas: An to?n",Auto,OFF,OFF,OFF,OFF,
6/11/2025,6:48:18,30.928,69.994,15.90535,24.37923,17.67509,13.46261,15.24157,0.6843,An toan,An toan,"Nhi?t ?? 30.9?C, ?? ?m 70.0%, Kh? CO th?p (13.5 ppm), M?c ch?y: An to?n","Kh? CH4 (24.4 ppm), LPG (17.7 ppm), CO (13.5 ppm), M?c kh? gas: An to?n",Auto,OFF,OFF,OFF,OFF,
6/11/2025,6:51:25,30.887,77.772,15.661,25.35318,19.60346,14.28812,10.18932,0.37934,An toan,An toan,"Nhi?t ?? 30.9?C, ?? ?m 77.8%, Kh? CO th?p (14.3 ppm), M?c ch?y: An to?n","Kh? CH4 (25.4 ppm), LPG (19.6 ppm), CO (14.3 ppm), M?c kh? gas: An to?n",Auto,OFF,OFF,OFF,OFF,
6/11/2025,6:55:43,30.936,76.536,14.33139,26.18079,17.44317,14.42162,14.4521,0.1714,An toan,An toan,"Nhi?t ?? 30.9?C, ?? ?m 76.5%, Kh? CO th?p (14.4 ppm), M?c ch?y: An to?n","Kh? CH4 (26.2 ppm), LPG (17.4 ppm), CO (14.4 ppm), M?c kh? gas: An to?n",Auto,OFF,OFF,OFF,OFF,
6/11/2025,6:57:40,30.973,76.949,14.04276,25.169,17.87165,13.40666,12.74985,0.90271,An toan,An toan,"Nhi?t ?? 31.0?C, ?? ?m 76.9%, Kh? CO th?p (13.4 ppm), M?c ch?y: An to?n","Kh? CH4 (25.2 ppm), LPG (17.9 ppm), CO (13.4 ppm), M?c kh? gas: An to?n",Auto,OFF,OFF,OFF,OFF,
6/11/2025,6:59:58,29.045,77.314,15.12803,24.71888,17.10018,14.81492,18.05895,0.44031,An toan,An toan,"Nhi?t ?? 29.0?C, ?? ?m 77.3%, Kh? CO th?p (14.8 ppm), M?c ch?y: An to?n","Kh? CH4 (24.7 ppm), LPG (17.1 ppm), CO (14.8 ppm), M?c kh? gas: An to?n",Auto,OFF,OFF,OFF,OFF,
6/11/2025,7:01:43,30.545,75.106,14.93842,26.6495,17.21594,13.51537,11.71045,0.47626,An toan,An toan,"Nhi?t ?? 30.5?C, ?? ?m 75.1%, Kh? CO th?p (13.5 ppm), M?c ch?y: An to?n","Kh? CH4 (26.6 ppm), LPG (17.2 ppm), CO (13.5 ppm), M?c kh? gas: An to?n",Auto,OFF,OFF,OFF,OFF,
6/11/2025,7:06:06,30.571,77.376,15.1093,26.24369,18.76723,13.41951,16.95074,0.51742,An toan,An toan,"Nhi?t ?? 30.6?C, ?? ?m 77.4%, Kh? CO th?p (13.4 ppm), M?c ch?y: An to?n","Kh? CH4 (26.2 ppm), LPG (18.8 ppm), CO (13.4 ppm), M?c kh? gas: An to?n",Auto,OFF,OFF,OFF,OFF,
6/11/2025,7:06:43,30.011,78.309,14.80903,26.66431,18.45389,14.23871,21.22576,0.51139,An toan,An toan,"Nhi?t ?? 30.0?C, ?? ?m 78.3%, Kh? CO th?p (14.2 ppm), M?c ch?y: An to?n","Kh? CH4 (26.7 ppm), LPG (18.5 ppm), CO (14.2 ppm), M?c kh? gas: An to?n",Auto,OFF,OFF,OFF,OFF,
6/11/2025,7:10:46,29.974,75.608,15.93709,24.6533,17.21775,13.03969,25.33242,0.28251,An toan,An toan,"Nhi?t ?? 30.0?C, ?? ?m 75.6%, Kh? CO th?p (13.0 ppm), M?c ch?y: An to?n","Kh? CH4 (24.7 ppm), LPG (17.2 ppm), CO (13.0 ppm), M?c kh? gas: An to?n",Auto,OFF,OFF,OFF,OFF,
6/11/2025,7:11:18,29.663,71.913,14.66282,26.36342,18.78427,14.93381,17.44754,0.33533,An toan,An toan,"Nhi?t ?? 29.7?C, ?? ?m 71.9%, Kh? CO th?p (14.9 ppm), M?c ch?y: An to?n","Kh? CH4 (26.4 ppm), LPG (18.8 ppm), CO (14.9 ppm), M?c kh? gas: An to?n",Auto,OFF,OFF,OFF,OFF,
6/11/2025,7:14:34,30.904,71.266,14.11512,25.432,18.5893,14.51936,22.37702,0.77027,An toan,An toan,"Nhi?t ?? 30.9?C, ?? ?m 71.3%, Kh? CO th?p (14.5 ppm), M?c ch?y: An to?n","Kh? CH4 (25.4 ppm), LPG (18.6 ppm), CO (14.5 ppm), M?c kh? gas: An to?n",Auto,OFF,OFF,OFF,OFF,
6/11/2025,7:15:36,29.873,77.215,14.2052,24.39316,19.49979,13.54065,23.27135,0.54427,An toan,An toan,"Nhi?t ?? 29.9?C, ?? ?m 77.2%, Kh? CO th?p (13.5 ppm), M?c ch?y: An to?n","Kh? CH4 (24.4 ppm), LPG (19.5 ppm), CO (13.5 ppm), M?c kh? gas: An to?n",Auto,OFF,OFF,OFF,OFF,
6/11/2025,7:19:51,30.885,70.086,14.3393,24.89466,19.36159,13.87657,12.63708,0.24608,An toan,An toan,"Nhi?t ?? 30.9?C, ?? ?m 70.1%, Kh? CO th?p (13.9 ppm), M?c ch?y: An to?n","Kh? CH4 (24.9 ppm), LPG (19.4 ppm), CO (13.9 ppm), M?c kh? gas: An to?n",Auto,OFF,OFF,OFF,OFF,
6/11/2025,7:23:16,29.522,72.985,15.10519,24.9577,17.70675,14.38141,12.72475,0.418,An toan,An toan,"Nhi?t ?? 29.5?C, ?? ?m 73.0%, Kh? CO th?p (14.4 ppm), M?c ch?y: An to?n","Kh? CH4 (25.0 ppm), LPG (17.7 ppm), CO (14.4 ppm), M?c kh? gas: An to?n",Auto,OFF,OFF,OFF,OFF,
6/11/2025,7:25:57,30.35,77.314,15.82227,25.181,18.31874,14.3707,14.34932,0.20117,An toan,An toan,"Nhi?t ?? 30.4?C, ?? ?m 77.3%, Kh? CO th?p (14.4 ppm), M?c ch?y: An to?n","Kh? CH4 (25.2 ppm), LPG (18.3 ppm), CO (14.4 ppm), M?c kh? gas: An to?n",Auto,OFF,OFF,OFF,OFF,
6/11/2025,7:26:43,30.896,78.062,14.4326,24.6465,18.92743,14.14728,11.61288,0.73029,An toan,An toan,"Nhi?t ?? 30.9?C, ?? ?m 78.1%, Kh? CO th?p (14.1 ppm), M?c ch?y: An to?n","Kh? CH4 (24.6 ppm), LPG (18.9 ppm), CO (14.1 ppm), M?c kh? gas: An to?n",Auto,OFF,OFF,OFF,OFF,
6/11/2025,7:32:39,30.003,79.65,15.55773,25.66995,19.24531,13.19629,16.93323,0.39992,An toan,An toan,"Nhi?t ?? 30.0?C, ?? ?m 79.6%, Kh? CO th?p (13.2 ppm), M?c ch?y: An to?n","Kh? CH4 (25.7 ppm), LPG (19.2 ppm), CO (13.2 ppm), M?c kh? gas: An to?n",Auto,OFF,OFF,OFF,OFF,
6/11/2025,7:34:50,30.273,74.58,14.79812,24.63649,19.20446,14.91435,22.21166,0.80529,An toan,An toan,"Nhi?t ?? 30.3?C, ?? ?m 74.6%, Kh? CO th?p (14.9 ppm), M?c ch?y: An to?n","Kh? CH4 (24.6 ppm), LPG (19.2 ppm), CO (14.9 ppm), M?c kh? gas: An to?n",Auto,OFF,OFF,OFF,OFF,
6/11/2025,7:37:00,30.26,77.714,15.81152,24.11509,18.73274,13.41251,27.75853,0.86737,An toan,An toan,"Nhi?t ?? 30.3?C, ?? ?m 77.7%, Kh? CO th?p (13.4 ppm), M?c ch?y: An to?n","Kh? CH4 (24.1 ppm), LPG (18.7 ppm), CO (13.4 ppm), M?c kh? gas: An to?n",Auto,OFF,OFF,OFF,OFF,
6/11/2025,7:45:43,29.636,70.987,15.22831,26.97239,17.71352,13.09953,19.45872,0.26824,An toan,An toan,"Nhi?t ?? 29.6?C, ?? ?m 71.0%, Kh? CO th?p (13.1 ppm), M?c ch?y: An to?n","Kh? CH4 (27.0 ppm), LPG (17.7 ppm), CO (13.1 ppm), M?c kh? gas: An to?n",Auto,OFF,OFF,OFF,OFF,
6/11/2025,7:47:19,30.328,76.907,14.56696,25.722,18.65891,14.01332,28.20255,0.9187,An toan,An toan,"Nhi?t ?? 30.3?C, ?? ?m 76.9%, Kh? CO th?p (14.0 ppm), M?c ch?y: An to?n","Kh? CH4 (25.7 ppm), LPG (18.7 ppm), CO (14.0 ppm), M?c kh? gas: An to?n",Auto,OFF,OFF,OFF,OFF,
6/11/2025,7:49:10,29.999,70.882,15.13104,24.11512,18.71808,14.10815,27.15851,0.43585,An toan,An toan,"Nhi?t ?? 30.0?C, ?? ?m 70.9%, Kh? CO th?p (14.1 ppm), M?c ch?y: An to?n","Kh? CH4 (24.1 ppm), LPG (18.7 ppm), CO (14.1 ppm), M?c kh? gas: An to?n",Auto,OFF,OFF,OFF,OFF,
6/11/2025,7:50:14,30.448,75.522,14.31853,24.99109,19.12927,14.73065,15.44627,0.90349,An toan,An toan,"Nhi?t ?? 30.4?C, ?? ?m 75.5%, Kh? CO th?p (14.7 ppm), M?c ch?y: An to?n","Kh? CH4 (25.0 ppm), LPG (19.1 ppm), CO (14.7 ppm), M?c kh? gas: An to?n",Auto,OFF,OFF,OFF,OFF,
6/11/2025,7:52:46,30.321,78.288,14.10917,25.83111,17.31732,13.39576,10.09837,0.86291,An toan,An toan,"Nhi?t ?? 30.3?C, ?? ?m 78.3%, Kh? CO th?p (13.4 ppm), M?c ch?y: An to?n","Kh? CH4 (25.8 ppm), LPG (17.3 ppm), CO (13.4 ppm), M?c kh? gas: An to?n",Auto,OFF,OFF,OFF,OFF,
6/11/2025,7:59:47,29.024,77.429,15.14895,25.42278,18.57203,13.14258,19.13168,0.8739,An toan,An toan,"Nhi?t ?? 29.0?C, ?? ?m 77.4%, Kh? CO th?p (13.1 ppm), M?c ch?y: An to?n","Kh? CH4 (25.4 ppm), LPG (18.6 ppm), CO (13.1 ppm), M?c kh? gas: An to?n",Auto,OFF,OFF,OFF,OFF,
6/11/2025,8:01:40,30.691,75.47,15.55905,25.65803,18.94172,14.01035,15.99508,0.90919,An toan,An toan,"Nhi?t ?? 30.7?C, ?? ?m 75.5%, Kh? CO th?p (14.0 ppm), M?c ch?y: An to?n","Kh? CH4 (25.7 ppm), LPG (18.9 ppm), CO (14.0 ppm), M?c kh? gas: An to?n",Auto,OFF,OFF,OFF,OFF,
6/11/2025,8:08:56,30.037,77.547,14.47083,26.93628,17.4355,13.46482,15.30236,0.92048,An toan,An toan,"Nhi?t ?? 30.0?C, ?? ?m 77.5%, Kh? CO th?p (13.5 ppm), M?c ch?y: An to?n","Kh? CH4 (26.9 ppm), LPG (17.4 ppm), CO (13.5 ppm), M?c kh? gas: An to?n",Auto,OFF,OFF,OFF,OFF,
6/11/2025,8:09:56,29.955,70.599,14.3396,25.09639,19.28697,13.68083,17.57907,0.90908,An toan,An toan,"Nhi?t ?? 30.0?C, ?? ?m 70.6%, Kh? CO th?p (13.7 ppm), M?c ch?y: An to?n","Kh? CH4 (25.1 ppm), LPG (19.3 ppm), CO (13.7 ppm), M?c kh? gas: An to?n",Auto,OFF,OFF,OFF,OFF,
6/11/2025,8:11:01,30.919,73.698,15.83679,24.34199,19.92648,13.52083,13.25806,0.90584,An toan,An toan,"Nhi?t ?? 30.9?C, ?? ?m 73.7%, Kh? CO th?p (13.5 ppm), M?c ch?y: An to?n","Kh? CH4 (24.3 ppm), LPG (19.9 ppm), CO (13.5 ppm), M?c kh? gas: An to?n",Auto,OFF,OFF,OFF,OFF,
6/11/2025,8:17:07,30.868,77.708,14.99503,25.69006,19.11344,14.40172,16.56733,0.70125,An toan,An toan,"Nhi?t ?? 30.9?C, ?? ?m 77.7%, Kh? CO th?p (14.4 ppm), M?c ch?y: An to?n","Kh? CH4 (25.7 ppm), LPG (19.1 ppm), CO (14.4 ppm), M?c kh? gas: An to?n",Auto,OFF,OFF,OFF,OFF,
6/11/2025,8:18:24,29.371,71.955,14.51232,24.75043,17.95364,13.86344,22.90101,0.65019,An toan,An toan,"Nhi?t ?? 29.4?C, ?? ?m 72.0%, Kh? CO th?p (13.9 ppm), M?c ch?y: An to?n","Kh? CH4 (24.8 ppm), LPG (18.0 ppm), CO (13.9 ppm), M?c kh? gas: An to?n",Auto,OFF,OFF,OFF,OFF,
6/11/2025,8:19:09,29.353,70.817,14.38536,26.51277,18.56599,14.85091,15.32529,0.2742,An toan,An toan,"Nhi?t ?? 29.4?C, ?? ?m 70.8%, Kh? CO th?p (14.9 ppm), M?c ch?y: An to?n","Kh? CH4 (26.5 ppm), LPG (18.6 ppm), CO (14.9 ppm), M?c kh? gas: An to?n",Auto,OFF,OFF,OFF,OFF,
6/11/2025,8:27:50,29.654,73.405,14.00098,24.0891,17.86533,13.97505,16.62851,0.79493,An toan,An toan,"Nhi?t ?? 29.7?C, ?? ?m 73.4%, Kh? CO th?p (14.0 ppm), M?c ch?y: An to?n","Kh? CH4 (24.1 ppm), LPG (17.9 ppm), CO (14.0 ppm), M?c kh? gas: An to?n",Auto,OFF,OFF,OFF,OFF,
6/11/2025,8:40:02,30.594,72.588,15.95452,24.46558,19.40339,14.18453,22.39612,0.46844,An toan,An toan,"Nhi?t ?? 30.6?C, ?? ?m 72.6%, Kh? CO th?p (14.2 ppm), M?c ch?y: An to?n","Kh? CH4 (24.5 ppm), LPG (19.4 ppm), CO (14.2 ppm), M?c kh? gas: An to?n",Auto,OFF,OFF,OFF,OFF,
6/11/2025,8:44:53,30.508,74.323,14.29459,25.14822,18.27973,14.91352,28.13604,0.54773,An toan,An toan,"Nhi?t ?? 30.5?C, ?? ?m 74.3%, Kh? CO th?p (14.9 ppm), M?c ch?y: An to?n","Kh? CH4 (25.1 ppm), LPG (18.3 ppm), CO (14.9 ppm), M?c kh? gas: An to?n",Auto,OFF,OFF,OFF,OFF,
6/11/2025,8:45:14,29.684,79.433,14.75784,24.60363,19.24441,13.71828,12.1795,0.76314,An toan,An toan,"Nhi?t ?? 29.7?C, ?? ?m 79.4%, Kh? CO th?p (13.7 ppm), M?c ch?y: An to?n","Kh? CH4 (24.6 ppm), LPG (19.2 ppm), CO (13.7 ppm), M?c kh? gas: An to?n",Auto,OFF,OFF,OFF,OFF,
6/11/2025,8:46:26,29.121,77.739,14.7021,25.2168,19.04291,13.76433,24.83494,0.19589,An toan,An toan,"Nhi?t ?? 29.1?C, ?? ?m 77.7%, Kh? CO th?p (13.8 ppm), M?c ch?y: An to?n","Kh? CH4 (25.2 ppm), LPG (19.0 ppm), CO (13.8 ppm), M?c kh? gas: An to?n",Auto,OFF,OFF,OFF,OFF,
6/11/2025,8:46:37,30.168,70.693,14.41188,24.11812,19.50908,14.66404,24.31399,0.68277,An toan,An toan,"Nhi?t ?? 30.2?C, ?? ?m 70.7%, Kh? CO th?p (14.7 ppm), M?c ch?y: An to?n","Kh? CH4 (24.1 ppm), LPG (19.5 ppm), CO (14.7 ppm), M?c kh? gas: An to?n",Auto,OFF,OFF,OFF,OFF,
6/11/2025,8:52:16,29.852,79.895,14.67272,25.13995,17.07027,13.48775,22.26028,0.80765,An toan,An toan,"Nhi?t ?? 29.9?C, ?? ?m 79.9%, Kh? CO th?p (13.5 ppm), M?c ch?y: An to?n","Kh? CH4 (25.1 ppm), LPG (17.1 ppm), CO (13.5 ppm), M?c kh? gas: An to?n",Auto,OFF,OFF,OFF,OFF,
6/11/2025,8:53:35,30.119,73.406,14.00331,24.46188,18.3907,14.63311,13.164,0.92814,An toan,An toan,"Nhi?t ?? 30.1?C, ?? ?m 73.4%, Kh? CO th?p (14.6 ppm), M?c ch?y: An to?n","Kh? CH4 (24.5 ppm), LPG (18.4 ppm), CO (14.6 ppm), M?c kh? gas: An to?n",Auto,OFF,OFF,OFF,OFF,
6/11/2025,8:54:03,29.223,77.493,15.85659,26.61198,19.17696,14.98274,20.10044,0.43697,An toan,An toan,"Nhi?t ?? 29.2?C, ?? ?m 77.5%, Kh? CO th?p (15.0 ppm), M?c ch?y: An to?n","Kh? CH4 (26.6 ppm), LPG (19.2 ppm), CO (15.0 ppm), M?c kh? gas: An to?n",Auto,OFF,OFF,OFF,OFF,
6/11/2025,8:54:03,29.422,70.436,14.27247,24.16479,17.76339,14.25926,15.00443,0.82508,An toan,An toan,"Nhi?t ?? 29.4?C, ?? ?m 70.4%, Kh? CO th?p (14.3 ppm), M?c ch?y: An to?n","Kh? CH4 (24.2 ppm), LPG (17.8 ppm), CO (14.3 ppm), M?c kh? gas: An to?n",Auto,OFF,OFF,OFF,OFF,
6/11/2025,8:56:02,29.637,72.072,15.9211,26.17492,19.69924,14.32999,16.27362,0.82002,An toan,An toan,"Nhi?t ?? 29.6?C, ?? ?m 72.1%, Kh? CO th?p (14.3 ppm), M?c ch?y: An to?n","Kh? CH4 (26.2 ppm), LPG (19.7 ppm), CO (14.3 ppm), M?c kh? gas: An to?n",Auto,OFF,OFF,OFF,OFF,
6/11/2025,8:56:04,29.944,73.392,14.37788,24.92655,17.55022,14.02255,21.29199,0.28517,An toan,An toan,"Nhi?t ?? 29.9?C, ?? ?m 73.4%, Kh? CO th?p (14.0 ppm), M?c ch?y: An to?n","Kh? CH4 (24.9 ppm), LPG (17.6 ppm), CO (14.0 ppm), M?c kh? gas: An to?n",Auto,OFF,OFF,OFF,OFF,
6/11/2025,8:57:57,30.911,71.479,15.43494,26.78028,18.98322,13.67399,28.3559,0.58902,An toan,An toan,"Nhi?t ?? 30.9?C, ?? ?m 71.5%, Kh? CO th?p (13.7 ppm), M?c ch?y: An to?n","Kh? CH4 (26.8 ppm), LPG (19.0 ppm), CO (13.7 ppm), M?c kh? gas: An to?n",Auto,OFF,OFF,OFF,OFF,
6/11/2025,9:05:19,30.594,71.196,15.45982,26.31352,17.21717,13.61848,21.87859,0.96081,An toan,An toan,"Nhi?t ?? 30.6?C, ?? ?m 71.2%, Kh? CO th?p (13.6 ppm), M?c ch?y: An to?n","Kh? CH4 (26.3 ppm), LPG (17.2 ppm), CO (13.6 ppm), M?c kh? gas: An to?n",Auto,OFF,OFF,OFF,OFF,
6/11/2025,9:12:08,30.95,75.835,15.61774,25.39038,17.63719,14.47462,10.43339,0.1287,An toan,An toan,"Nhi?t ?? 30.9?C, ?? ?m 75.8%, Kh? CO th?p (14.5 ppm), M?c ch?y: An to?n","Kh? CH4 (25.4 ppm), LPG (17.6 ppm), CO (14.5 ppm), M?c kh? gas: An to?n",Auto,OFF,OFF,OFF,OFF,
6/11/2025,9:12:50,30.198,74.605,14.46381,25.29565,17.15987,13.835,15.63261,0.8395,An toan,An toan,"Nhi?t ?? 30.2?C, ?? ?m 74.6%, Kh? CO th?p (13.8 ppm), M?c ch?y: An to?n","Kh? CH4 (25.3 ppm), LPG (17.2 ppm), CO (13.8 ppm), M?c kh? gas: An to?n",Auto,OFF,OFF,OFF,OFF,
6/11/2025,9:14:32,29.49,74.377,15.50714,26.43866,17.44326,13.81011,19.20819,0.54148,An toan,An toan,"Nhi?t ?? 29.5?C, ?? ?m 74.4%, Kh? CO th?p (13.8 ppm), M?c ch?y: An to?n","Kh? CH4 (26.4 ppm), LPG (17.4 ppm), CO (13.8 ppm), M?c kh? gas: An to?n",Auto,OFF,OFF,OFF,OFF,
6/11/2025,9:17:55,29.698,79.186,15.94741,26.4464,19.73718,14.51921,25.17046,0.79665,An toan,An toan,"Nhi?t ?? 29.7?C, ?? ?m 79.2%, Kh? CO th?p (14.5 ppm), M?c ch?y: An to?n","Kh? CH4 (26.4 ppm), LPG (19.7 ppm), CO (14.5 ppm), M?c kh? gas: An to?n",Auto,OFF,OFF,OFF,OFF,
6/11/2025,9:17:59,29.498,69.285,15.94047,24.6497,17.45164,13.81432,26.86617,0.342,An toan,An toan,"Nhi?t ?? 29.5?C, ?? ?m 69.3%, Kh? CO th?p (13.8 ppm), M?c ch?y: An to?n","Kh? CH4 (24.6 ppm), LPG (17.5 ppm), CO (13.8 ppm), M?c kh? gas: An to?n",Auto,OFF,OFF,OFF,OFF,
6/11/2025,9:19:42,29.821,71.819,15.45738,25.84485,19.07629,13.27499,10.28807,0.96652,An toan,An toan,"Nhi?t ?? 29.8?C, ?? ?m 71.8%, Kh? CO th?p (13.3 ppm), M?c ch?y: An to?n","Kh? CH4 (25.8 ppm), LPG (19.1 ppm), CO (13.3 ppm), M?c kh? gas: An to?n",Auto,OFF,OFF,OFF,OFF,
6/11/2025,9:20:48,30.972,78.649,15.61182,26.06977,18.49463,14.21826,15.34799,0.35913,An toan,An toan,"Nhi?t ?? 31.0?C, ?? ?m 78.6%, Kh? CO th?p (14.2 ppm), M?c ch?y: An to?n","Kh? CH4 (26.1 ppm), LPG (18.5 ppm), CO (14.2 ppm), M?c kh? gas: An to?n",Auto,OFF,OFF,OFF,OFF,
6/11/2025,9:35:44,29.708,76.123,14.91306,25.65961,19.02849,14.28658,12.8333,0.67019,An toan,An toan,"Nhi?t ?? 29.7?C, ?? ?m 76.1%, Kh? CO th?p (14.3 ppm), M?c ch?y: An to?n","Kh? CH4 (25.7 ppm), LPG (19.0 ppm), CO (14.3 ppm), M?c kh? gas: An to?n",Auto,OFF,OFF,OFF,OFF,
6/11/2025,9:36:59,30.223,70.779,15.91567,24.17167,17.00836,14.51101,16.98955,0.95766,An toan,An toan,"Nhi?t ?? 30.2?C, ?? ?m 70.8%, Kh? CO th?p (14.5 ppm), M?c ch?y: An to?n","Kh? CH4 (24.2 ppm), LPG (17.0 ppm), CO (14.5 ppm), M?c kh? gas: An to?n",Auto,OFF,OFF,OFF,OFF,
6/11/2025,9:40:54,30.433,72.659,14.79175,26.95856,18.28231,13.71564,23.06128,0.20265,An toan,An toan,"Nhi?t ?? 30.4?C, ?? ?m 72.7%, Kh? CO th?p (13.7 ppm), M?c ch?y: An to?n","Kh? CH4 (27.0 ppm), LPG (18.3 ppm), CO (13.7 ppm), M?c kh? gas: An to?n",Auto,OFF,OFF,OFF,OFF,
6/11/2025,9:43:16,30.208,76.35,15.22323,25.76931,17.53083,13.14628,25.68647,0.23126,An toan,An toan,"Nhi?t ?? 30.2?C, ?? ?m 76.4%, Kh? CO th?p (13.1 ppm), M?c ch?y: An to?n","Kh? CH4 (25.8 ppm), LPG (17.5 ppm), CO (13.1 ppm), M?c kh? gas: An to?n",Auto,OFF,OFF,OFF,OFF,
6/11/2025,9:47:08,30.149,74.427,14.48109,26.40788,18.728,13.25958,29.73812,0.56145,An toan,An toan,"Nhi?t ?? 30.1?C, ?? ?m 74.4%, Kh? CO th?p (13.3 ppm), M?c ch?y: An to?n","Kh? CH4 (26.4 ppm), LPG (18.7 ppm), CO (13.3 ppm), M?c kh? gas: An to?n",Auto,OFF,OFF,OFF,OFF,
6/11/2025,9:47:08,29.964,70.538,14.82941,25.27468,17.9312,14.7624,25.15586,0.28933,An toan,An toan,"Nhi?t ?? 30.0?C, ?? ?m 70.5%, Kh? CO th?p (14.8 ppm), M?c ch?y: An to?n","Kh? CH4 (25.3 ppm), LPG (17.9 ppm), CO (14.8 ppm), M?c kh? gas: An to?n",Auto,OFF,OFF,OFF,OFF,
6/11/2025,9:48:16,29.971,75.837,14.00138,24.77673,17.97265,13.4726,12.80793,0.59185,An toan,An toan,"Nhi?t ?? 30.0?C, ?? ?m 75.8%, Kh? CO th?p (13.5 ppm), M?c ch?y: An to?n","Kh? CH4 (24.8 ppm), LPG (18.0 ppm), CO (13.5 ppm), M?c kh? gas: An to?n",Auto,OFF,OFF,OFF,OFF,
6/11/2025,9:53:49,29.561,76.145,15.72445,25.08294,17.60083,13.6582,29.53617,0.93971,An toan,An toan,"Nhi?t ?? 29.6?C, ?? ?m 76.1%, Kh? CO th?p (13.7 ppm), M?c ch?y: An to?n","Kh? CH4 (25.1 ppm), LPG (17.6 ppm), CO (13.7 ppm), M?c kh? gas: An to?n",Auto,OFF,OFF,OFF,OFF,
6/11/2025,9:54:12,30.334,74.155,14.55485,24.42773,18.85206,13.42249,27.53054,0.35385,An toan,An toan,"Nhi?t ?? 30.3?C, ?? ?m 74.2%, Kh? CO th?p (13.4 ppm), M?c ch?y: An to?n","Kh? CH4 (24.4 ppm), LPG (18.9 ppm), CO (13.4 ppm), M?c kh? gas: An to?n",Auto,OFF,OFF,OFF,OFF,
6/11/2025,9:54:12,29.332,69.889,14.92324,24.84026,17.7621,13.84077,27.4692,0.90871,An toan,An toan,"Nhi?t ?? 29.3?C, ?? ?m 69.9%, Kh? CO th?p (13.8 ppm), M?c ch?y: An to?n","Kh? CH4 (24.8 ppm), LPG (17.8 ppm), CO (13.8 ppm), M?c kh? gas: An to?n",Auto,OFF,OFF,OFF,OFF,
6/11/2025,9:56:56,30.593,78.019,14.44209,26.77166,18.00039,13.66695,11.38413,0.485,An toan,An toan,"Nhi?t ?? 30.6?C, ?? ?m 78.0%, Kh? CO th?p (13.7 ppm), M?c ch?y: An to?n","Kh? CH4 (26.8 ppm), LPG (18.0 ppm), CO (13.7 ppm), M?c kh? gas: An to?n",Auto,OFF,OFF,OFF,OFF,
6/11/2025,9:59:40,29.083,77.53,15.30745,26.52452,19.16045,13.12871,18.12045,0.18571,An toan,An toan,"Nhi?t ?? 29.1?C, ?? ?m 77.5%, Kh? CO th?p (13.1 ppm), M?c ch?y: An to?n","Kh? CH4 (26.5 ppm), LPG (19.2 ppm), CO (13.1 ppm), M?c kh? gas: An to?n",Auto,OFF,OFF,OFF,OFF,
6/11/2025,10:00:40,30.954,72.488,15.85812,26.9536,17.6302,13.21033,22.53838,0.95604,An toan,An toan,"Nhi?t ?? 31.0?C, ?? ?m 72.5%, Kh? CO th?p (13.2 ppm), M?c ch?y: An to?n","Kh? CH4 (27.0 ppm), LPG (17.6 ppm), CO (13.2 ppm), M?c kh? gas: An to?n",Auto,OFF,OFF,OFF,OFF,
6/11/2025,10:04:00,30.676,70.894,14.37518,26.57369,19.91059,13.17205,12.53388,0.10375,An toan,An toan,"Nhi?t ?? 30.7?C, ?? ?m 70.9%, Kh? CO th?p (13.2 ppm), M?c ch?y: An to?n","Kh? CH4 (26.6 ppm), LPG (19.9 ppm), CO (13.2 ppm), M?c kh? gas: An to?n",Auto,OFF,OFF,OFF,OFF,
6/11/2025,10:04:34,30.798,70.966,15.35019,25.03579,19.82233,14.23926,10.36779,0.48787,An toan,An toan,"Nhi?t ?? 30.8?C, ?? ?m 71.0%, Kh? CO th?p (14.2 ppm), M?c ch?y: An to?n","Kh? CH4 (25.0 ppm), LPG (19.8 ppm), CO (14.2 ppm), M?c kh? gas: An to?n",Auto,OFF,OFF,OFF,OFF,
6/11/2025,10:05:50,29.692,70.541,15.01397,25.0678,18.77893,13.62668,27.71439,0.50418,An toan,An toan,"Nhi?t ?? 29.7?C, ?? ?m 70.5%, Kh? CO th?p (13.6 ppm), M?c ch?y: An to?n","Kh? CH4 (25.1 ppm), LPG (18.8 ppm), CO (13.6 ppm), M?c kh? gas: An to?n",Auto,OFF,OFF,OFF,OFF,
6/11/2025,10:06:39,30.664,70.202,14.30731,26.93466,17.50397,14.26056,29.39725,0.64114,An toan,An toan,"Nhi?t ?? 30.7?C, ?? ?m 70.2%, Kh? CO th?p (14.3 ppm), M?c ch?y: An to?n","Kh? CH4 (26.9 ppm), LPG (17.5 ppm), CO (14.3 ppm), M?c kh? gas: An to?n",Auto,OFF,OFF,OFF,OFF,
6/11/2025,10:08:29,29.096,71.775,15.18511,26.70767,17.84854,14.71617,13.28676,0.84558,An toan,An toan,"Nhi?t ?? 29.1?C, ?? ?m 71.8%, Kh? CO th?p (14.7 ppm), M?c ch?y: An to?n","Kh? CH4 (26.7 ppm), LPG (17.8 ppm), CO (14.7 ppm), M?c kh? gas: An to?n",Auto,OFF,OFF,OFF,OFF,
6/11/2025,10:17:08,29.918,78.531,15.4904,24.64483,18.36314,13.15019,17.87361,0.66227,An toan,An toan,"Nhi?t ?? 29.9?C, ?? ?m 78.5%, Kh? CO th?p (13.2 ppm), M?c ch?y: An to?n","Kh? CH4 (24.6 ppm), LPG (18.4 ppm), CO (13.2 ppm), M?c kh? gas: An to?n",Auto,OFF,OFF,OFF,OFF,
6/11/2025,10:20:55,29.083,70.678,14.97806,26.27064,17.64487,13.44093,26.71772,0.98717,An toan,An toan,"Nhi?t ?? 29.1?C, ?? ?m 70.7%, Kh? CO th?p (13.4 ppm), M?c ch?y: An to?n","Kh? CH4 (26.3 ppm), LPG (17.6 ppm), CO (13.4 ppm), M?c kh? gas: An to?n",Auto,OFF,OFF,OFF,OFF,
6/11/2025,10:23:39,30.157,69.441,15.97158,26.70239,19.80584,13.73999,27.08905,0.96537,An toan,An toan,"Nhi?t ?? 30.2?C, ?? ?m 69.4%, Kh? CO th?p (13.7 ppm), M?c ch?y: An to?n","Kh? CH4 (26.7 ppm), LPG (19.8 ppm), CO (13.7 ppm), M?c kh? gas: An to?n",Auto,OFF,OFF,OFF,OFF,
6/11/2025,10:27:14,29.082,70.633,15.31738,26.08817,18.50252,14.19781,20.76677,0.95634,An toan,An toan,"Nhi?t ?? 29.1?C, ?? ?m 70.6%, Kh? CO th?p (14.2 ppm), M?c ch?y: An to?n","Kh? CH4 (26.1 ppm), LPG (18.5 ppm), CO (14.2 ppm), M?c kh? gas: An to?n",Auto,OFF,OFF,OFF,OFF,
6/11/2025,10:28:13,30.753,74.603,14.4396,24.46005,19.31641,13.62028,16.8399,0.4747,An toan,An toan,"Nhi?t ?? 30.8?C, ?? ?m 74.6%, Kh? CO th?p (13.6 ppm), M?c ch?y: An to?n","Kh? CH4 (24.5 ppm), LPG (19.3 ppm), CO (13.6 ppm), M?c kh? gas: An to?n",Auto,OFF,OFF,OFF,OFF,
6/11/2025,10:32:29,29.171,69.358,14.31543,26.2423,18.30078,13.7325,13.37347,0.88725,An toan,An toan,"Nhi?t ?? 29.2?C, ?? ?m 69.4%, Kh? CO th?p (13.7 ppm), M?c ch?y: An to?n","Kh? CH4 (26.2 ppm), LPG (18.3 ppm), CO (13.7 ppm), M?c kh? gas: An to?n",Auto,OFF,OFF,OFF,OFF,
6/11/2025,10:32:53,30.15,73.899,15.18379,26.61968,17.34889,13.35789,15.39347,0.76919,An toan,An toan,"Nhi?t ?? 30.2?C, ?? ?m 73.9%, Kh? CO th?p (13.4 ppm), M?c ch?y: An to?n","Kh? CH4 (26.6 ppm), LPG (17.3 ppm), CO (13.4 ppm), M?c kh? gas: An to?n",Auto,OFF,OFF,OFF,OFF,
6/11/2025,10:34:24,30.233,71.679,15.33846,24.48339,19.53855,14.79058,11.33374,0.74183,An toan,An toan,"Nhi?t ?? 30.2?C, ?? ?m 71.7%, Kh? CO th?p (14.8 ppm), M?c ch?y: An to?n","Kh? CH4 (24.5 ppm), LPG (19.5 ppm), CO (14.8 ppm), M?c kh? gas: An to?n",Auto,OFF,OFF,OFF,OFF,
6/11/2025,10:42:31,30.752,77.895,15.97531,24.74946,18.6588,14.03669,20.73474,0.31855,An toan,An toan,"Nhi?t ?? 30.8?C, ?? ?m 77.9%, Kh? CO th?p (14.0 ppm), M?c ch?y: An to?n","Kh? CH4 (24.7 ppm), LPG (18.7 ppm), CO (14.0 ppm), M?c kh? gas: An to?n",Auto,OFF,OFF,OFF,OFF,
6/11/2025,10:46:21,30.243,75.731,15.9946,25.65087,18.64634,13.92627,10.14948,0.5069,An toan,An toan,"Nhi?t ?? 30.2?C, ?? ?m 75.7%, Kh? CO th?p (13.9 ppm), M?c ch?y: An to?n","Kh? CH4 (25.7 ppm), LPG (18.6 ppm), CO (13.9 ppm), M?c kh? gas: An to?n",Auto,OFF,OFF,OFF,OFF,
6/11/2025,10:46:53,29.307,77.188,14.92541,24.44731,19.42732,13.90673,21.80585,0.84718,An toan,An toan,"Nhi?t ?? 29.3?C, ?? ?m 77.2%, Kh? CO th?p (13.9 ppm), M?c ch?y: An to?n","Kh? CH4 (24.4 ppm), LPG (19.4 ppm), CO (13.9 ppm), M?c kh? gas: An to?n",Auto,OFF,OFF,OFF,OFF,
6/11/2025,10:46:58,29.676,78.888,14.10537,25.7282,19.77814,13.56909,20.34052,0.81752,An toan,An toan,"Nhi?t ?? 29.7?C, ?? ?m 78.9%, Kh? CO th?p (13.6 ppm), M?c ch?y: An to?n","Kh? CH4 (25.7 ppm), LPG (19.8 ppm), CO (13.6 ppm), M?c kh? gas: An to?n",Auto,OFF,OFF,OFF,OFF,
6/11/2025,10:52:04,30.709,69.971,15.95159,25.29376,19.46328,14.66303,10.67867,0.25544,An toan,An toan,"Nhi?t ?? 30.7?C, ?? ?m 70.0%, Kh? CO th?p (14.7 ppm), M?c ch?y: An to?n","Kh? CH4 (25.3 ppm), LPG (19.5 ppm), CO (14.7 ppm), M?c kh? gas: An to?n",Auto,OFF,OFF,OFF,OFF,
6/11/2025,10:52:27,30.285,78.719,15.01638,24.36555,19.48788,13.78393,10.04419,0.85259,An toan,An toan,"Nhi?t ?? 30.3?C, ?? ?m 78.7%, Kh? CO th?p (13.8 ppm), M?c ch?y: An to?n","Kh? CH4 (24.4 ppm), LPG (19.5 ppm), CO (13.8 ppm), M?c kh? gas: An to?n",Auto,OFF,OFF,OFF,OFF,
6/11/2025,11:02:08,29.483,76.348,15.38879,25.90824,19.05345,13.53069,22.77742,0.39681,An toan,An toan,"Nhi?t ?? 29.5?C, ?? ?m 76.3%, Kh? CO th?p (13.5 ppm), M?c ch?y: An to?n","Kh? CH4 (25.9 ppm), LPG (19.1 ppm), CO (13.5 ppm), M?c kh? gas: An to?n",Auto,OFF,OFF,OFF,OFF,
6/11/2025,11:07:07,30.366,78.689,15.88624,24.65394,18.04133,13.16581,11.12501,0.46667,An toan,An toan,"Nhi?t ?? 30.4?C, ?? ?m 78.7%, Kh? CO th?p (13.2 ppm), M?c ch?y: An to?n","Kh? CH4 (24.7 ppm), LPG (18.0 ppm), CO (13.2 ppm), M?c kh? gas: An to?n",Auto,OFF,OFF,OFF,OFF,
6/11/2025,11:10:02,30.276,77.263,15.64269,25.47706,17.53835,13.37694,26.61569,0.56923,An toan,An toan,"Nhi?t ?? 30.3?C, ?? ?m 77.3%, Kh? CO th?p (13.4 ppm), M?c ch?y: An to?n","Kh? CH4 (25.5 ppm), LPG (17.5 ppm), CO (13.4 ppm), M?c kh? gas: An to?n",Auto,OFF,OFF,OFF,OFF,
6/11/2025,11:12:16,30.073,73.418,15.96527,24.34834,19.0487,13.32162,26.38054,0.52565,An toan,An toan,"Nhi?t ?? 30.1?C, ?? ?m 73.4%, Kh? CO th?p (13.3 ppm), M?c ch?y: An to?n","Kh? CH4 (24.3 ppm), LPG (19.0 ppm), CO (13.3 ppm), M?c kh? gas: An to?n",Auto,OFF,OFF,OFF,OFF,
6/11/2025,11:17:42,29.232,75.425,14.14672,24.75544,17.4808,14.72226,20.76734,0.5177,An toan,An toan,"Nhi?t ?? 29.2?C, ?? ?m 75.4%, Kh? CO th?p (14.7 ppm), M?c ch?y: An to?n","Kh? CH4 (24.8 ppm), LPG (17.5 ppm), CO (14.7 ppm), M?c kh? gas: An to?n",Auto,OFF,OFF,OFF,OFF,
6/11/2025,11:19:09,30.462,74.583,15.29324,26.12007,18.85246,14.37406,21.52488,0.35366,An toan,An toan,"Nhi?t ?? 30.5?C, ?? ?m 74.6%, Kh? CO th?p (14.4 ppm), M?c ch?y: An to?n","Kh? CH4 (26.1 ppm), LPG (18.9 ppm), CO (14.4 ppm), M?c kh? gas: An to?n",Auto,OFF,OFF,OFF,OFF,
6/11/2025,11:24:04,30.255,79.857,14.13772,26.32505,18.5531,14.65616,25.76726,0.75242,An toan,An toan,"Nhi?t ?? 30.3?C, ?? ?m 79.9%, Kh? CO th?p (14.7 ppm), M?c ch?y: An to?n","Kh? CH4 (26.3 ppm), LPG (18.6 ppm), CO (14.7 ppm), M?c kh? gas: An to?n",Auto,OFF,OFF,OFF,OFF,
6/11/2025,11:25:26,30.633,75.817,15.38149,24.64178,17.208,14.01583,16.29422,0.75198,An toan,An toan,"Nhi?t ?? 30.6?C, ?? ?m 75.8%, Kh? CO th?p (14.0 ppm), M?c ch?y: An to?n","Kh? CH4 (24.6 ppm), LPG (17.2 ppm), CO (14.0 ppm), M?c kh? gas: An to?n",Auto,OFF,OFF,OFF,OFF,
6/11/2025,11:32:39,30.525,76.894,14.45044,26.25791,17.2268,13.03734,12.79599,0.84325,An toan,An toan,"Nhi?t ?? 30.5?C, ?? ?m 76.9%, Kh? CO th?p (13.0 ppm), M?c ch?y: An to?n","Kh? CH4 (26.3 ppm), LPG (17.2 ppm), CO (13.0 ppm), M?c kh? gas: An to?n",Auto,OFF,OFF,OFF,OFF,
6/11/2025,11:33:28,30.968,78.994,15.98883,25.97004,18.87337,13.93624,23.55817,0.73904,An toan,An toan,"Nhi?t ?? 31.0?C, ?? ?m 79.0%, Kh? CO th?p (13.9 ppm), M?c ch?y: An to?n","Kh? CH4 (26.0 ppm), LPG (18.9 ppm), CO (13.9 ppm), M?c kh? gas: An to?n",Auto,OFF,OFF,OFF,OFF,
6/11/2025,11:34:05,29.872,78.101,15.87136,26.73642,18.61522,14.66977,20.77375,0.46039,An toan,An toan,"Nhi?t ?? 29.9?C, ?? ?m 78.1%, Kh? CO th?p (14.7 ppm), M?c ch?y: An to?n","Kh? CH4 (26.7 ppm), LPG (18.6 ppm), CO (14.7 ppm), M?c kh? gas: An to?n",Auto,OFF,OFF,OFF,OFF,
6/11/2025,11:34:29,30.074,78.353,14.54708,26.56586,18.59262,13.03483,21.2068,0.69472,An toan,An toan,"Nhi?t ?? 30.1?C, ?? ?m 78.4%, Kh? CO th?p (13.0 ppm), M?c ch?y: An to?n","Kh? CH4 (26.6 ppm), LPG (18.6 ppm), CO (13.0 ppm), M?c kh? gas: An to?n",Auto,OFF,OFF,OFF,OFF,
6/11/2025,11:38:10,30.273,74.989,15.45404,25.94863,19.93227,13.73216,19.46945,0.79157,An toan,An toan,"Nhi?t ?? 30.3?C, ?? ?m 75.0%, Kh? CO th?p (13.7 ppm), M?c ch?y: An to?n","Kh? CH4 (25.9 ppm), LPG (19.9 ppm), CO (13.7 ppm), M?c kh? gas: An to?n",Auto,OFF,OFF,OFF,OFF,
6/11/2025,11:38:21,30.475,78.06,15.03661,24.48065,18.13915,14.62755,26.55352,0.80031,An toan,An toan,"Nhi?t ?? 30.5?C, ?? ?m 78.1%, Kh? CO th?p (14.6 ppm), M?c ch?y: An to?n","Kh? CH4 (24.5 ppm), LPG (18.1 ppm), CO (14.6 ppm), M?c kh? gas: An to?n",Auto,OFF,OFF,OFF,OFF,
6/11/2025,11:38:25,30.876,69.088,14.64087,24.25052,17.29763,14.06294,13.39459,0.91652,An toan,An toan,"Nhi?t ?? 30.9?C, ?? ?m 69.1%, Kh? CO th?p (14.1 ppm), M?c ch?y: An to?n","Kh? CH4 (24.3 ppm), LPG (17.3 ppm), CO (14.1 ppm), M?c kh? gas: An to?n",Auto,OFF,OFF,OFF,OFF,
6/11/2025,11:40:56,30.118,76.601,15.30714,26.16861,17.03504,13.17899,22.70284,0.59366,An toan,An toan,"Nhi?t ?? 30.1?C, ?? ?m 76.6%, Kh? CO th?p (13.2 ppm), M?c ch?y: An to?n","Kh? CH4 (26.2 ppm), LPG (17.0 ppm), CO (13.2 ppm), M?c kh? gas: An to?n",Auto,OFF,OFF,OFF,OFF,
6/11/2025,11:41:07,29.756,71.284,14.29111,25.39212,18.0157,13.16103,23.61343,0.8016,An toan,An toan,"Nhi?t ?? 29.8?C, ?? ?m 71.3%, Kh? CO th?p (13.2 ppm), M?c ch?y: An to?n","Kh? CH4 (25.4 ppm), LPG (18.0 ppm), CO (13.2 ppm), M?c kh? gas: An to?n",Auto,OFF,OFF,OFF,OFF,
6/11/2025,11:43:18,30.983,71.834,14.3663,25.05317,17.93711,14.32168,24.53838,0.41073,An toan,An toan,"Nhi?t ?? 31.0?C, ?? ?m 71.8%, Kh? CO th?p (14.3 ppm), M?c ch?y: An to?n","Kh? CH4 (25.1 ppm), LPG (17.9 ppm), CO (14.3 ppm), M?c kh? gas: An to?n",Auto,OFF,OFF,OFF,OFF,
6/11/2025,11:48:01,29.816,73.986,14.99782,25.61967,18.76346,14.11532,15.68348,0.79239,An toan,An toan,"Nhi?t ?? 29.8?C, ?? ?m 74.0%, Kh? CO th?p (14.1 ppm), M?c ch?y: An to?n","Kh? CH4 (25.6 ppm), LPG (18.8 ppm), CO (14.1 ppm), M?c kh? gas: An to?n",Auto,OFF,OFF,OFF,OFF,
6/11/2025,11:57:34,29.521,74.172,14.35241,26.16549,17.18357,13.99871,26.09807,0.94945,An toan,An toan,"Nhi?t ?? 29.5?C, ?? ?m 74.2%, Kh? CO th?p (14.0 ppm), M?c ch?y: An to?n","Kh? CH4 (26.2 ppm), LPG (17.2 ppm), CO (14.0 ppm), M?c kh? gas: An to?n",Auto,OFF,OFF,OFF,OFF,
6/11/2025,12:03:27,30.56,77.854,15.42387,24.67571,18.31764,13.27549,19.2513,0.95893,An toan,An toan,"Nhi?t ?? 30.6?C, ?? ?m 77.9%, Kh? CO th?p (13.3 ppm), M?c ch?y: An to?n","Kh? CH4 (24.7 ppm), LPG (18.3 ppm), CO (13.3 ppm), M?c kh? gas: An to?n",Auto,OFF,OFF,OFF,OFF,
6/11/2025,12:08:17,30.787,79.469,15.88307,26.39743,19.58161,13.27535,17.02379,0.67861,An toan,An toan,"Nhi?t ?? 30.8?C, ?? ?m 79.5%, Kh? CO th?p (13.3 ppm), M?c ch?y: An to?n","Kh? CH4 (26.4 ppm), LPG (19.6 ppm), CO (13.3 ppm), M?c kh? gas: An to?n",Auto,OFF,OFF,OFF,OFF,
6/11/2025,12:12:29,30.608,70.093,15.56005,26.042,17.24488,13.95563,23.57918,0.98871,An toan,An toan,"Nhi?t ?? 30.6?C, ?? ?m 70.1%, Kh? CO th?p (14.0 ppm), M?c ch?y: An to?n","Kh? CH4 (26.0 ppm), LPG (17.2 ppm), CO (14.0 ppm), M?c kh? gas: An to?n",Auto,OFF,OFF,OFF,OFF,
6/11/2025,12:14:24,30.489,69.789,15.48552,25.77506,19.59879,14.40518,25.89948,0.36161,An toan,An toan,"Nhi?t ?? 30.5?C, ?? ?m 69.8%, Kh? CO th?p (14.4 ppm), M?c ch?y: An to?n","Kh? CH4 (25.8 ppm), LPG (19.6 ppm), CO (14.4 ppm), M?c kh? gas: An to?n",Auto,OFF,OFF,OFF,OFF,
6/11/2025,12:14:41,29.031,76.34,14.80349,24.72299,17.32339,14.4552,14.79175,0.63295,An toan,An toan,"Nhi?t ?? 29.0?C, ?? ?m 76.3%, Kh? CO th?p (14.5 ppm), M?c ch?y: An to?n","Kh? CH4 (24.7 ppm), LPG (17.3 ppm), CO (14.5 ppm), M?c kh? gas: An to?n",Auto,OFF,OFF,OFF,OFF,
6/11/2025,12:16:01,29.392,75.275,14.44393,24.46599,18.64767,14.76422,25.78612,0.59231,An toan,An toan,"Nhi?t ?? 29.4?C, ?? ?m 75.3%, Kh? CO th?p (14.8 ppm), M?c ch?y: An to?n","Kh? CH4 (24.5 ppm), LPG (18.6 ppm), CO (14.8 ppm), M?c kh? gas: An to?n",Auto,OFF,OFF,OFF,OFF,
6/11/2025,12:16:26,30.434,76.449,14.95425,26.05962,17.41672,14.3488,27.22557,0.54903,An toan,An toan,"Nhi?t ?? 30.4?C, ?? ?m 76.4%, Kh? CO th?p (14.3 ppm), M?c ch?y: An to?n","Kh? CH4 (26.1 ppm), LPG (17.4 ppm), CO (14.3 ppm), M?c kh? gas: An to?n",Auto,OFF,OFF,OFF,OFF,
6/11/2025,12:18:56,30.968,73.621,15.3284,25.38531,19.17886,13.23302,10.74734,0.23048,An toan,An toan,"Nhi?t ?? 31.0?C, ?? ?m 73.6%, Kh? CO th?p (13.2 ppm), M?c ch?y: An to?n","Kh? CH4 (25.4 ppm), LPG (19.2 ppm), CO (13.2 ppm), M?c kh? gas: An to?n",Auto,OFF,OFF,OFF,OFF,
6/11/2025,12:20:33,29.447,75.986,15.52163,26.50346,19.75146,13.94606,22.96119,0.97534,An toan,An toan,"Nhi?t ?? 29.4?C, ?? ?m 76.0%, Kh? CO th?p (13.9 ppm), M?c ch?y: An to?n","Kh? CH4 (26.5 ppm), LPG (19.8 ppm), CO (13.9 ppm), M?c kh? gas: An to?n",Auto,OFF,OFF,OFF,OFF,
6/11/2025,12:21:38,29.758,69.169,14.83017,24.28164,17.91698,14.12671,16.85695,0.3605,An toan,An toan,"Nhi?t ?? 29.8?C, ?? ?m 69.2%, Kh? CO th?p (14.1 ppm), M?c ch?y: An to?n","Kh? CH4 (24.3 ppm), LPG (17.9 ppm), CO (14.1 ppm), M?c kh? gas: An to?n",Auto,OFF,OFF,OFF,OFF,
6/11/2025,12:26:23,29.372,73.785,14.64026,26.48218,17.37246,13.46436,14.52282,0.6182,An toan,An toan,"Nhi?t ?? 29.4?C, ?? ?m 73.8%, Kh? CO th?p (13.5 ppm), M?c ch?y: An to?n","Kh? CH4 (26.5 ppm), LPG (17.4 ppm), CO (13.5 ppm), M?c kh? gas: An to?n",Auto,OFF,OFF,OFF,OFF,
6/11/2025,12:37:03,30.078,73.275,14.5414,25.82365,19.69228,14.99594,17.89092,0.87816,An toan,An toan,"Nhi?t ?? 30.1?C, ?? ?m 73.3%, Kh? CO th?p (15.0 ppm), M?c ch?y: An to?n","Kh? CH4 (25.8 ppm), LPG (19.7 ppm), CO (15.0 ppm), M?c kh? gas: An to?n",Auto,OFF,OFF,OFF,OFF,
6/11/2025,12:39:19,30.304,70.233,15.01877,26.782,19.43799,14.00548,25.78814,0.77556,An toan,An toan,"Nhi?t ?? 30.3?C, ?? ?m 70.2%, Kh? CO th?p (14.0 ppm), M?c ch?y: An to?n","Kh? CH4 (26.8 ppm), LPG (19.4 ppm), CO (14.0 ppm), M?c kh? gas: An to?n",Auto,OFF,OFF,OFF,OFF,
6/11/2025,12:40:16,30.809,70.217,14.97705,24.56483,17.53222,13.02054,19.96468,0.26787,An toan,An toan,"Nhi?t ?? 30.8?C, ?? ?m 70.2%, Kh? CO th?p (13.0 ppm), M?c ch?y: An to?n","Kh? CH4 (24.6 ppm), LPG (17.5 ppm), CO (13.0 ppm), M?c kh? gas: An to?n",Auto,OFF,OFF,OFF,OFF,
6/11/2025,12:42:12,30.838,79.258,14.2132,24.48739,17.91874,14.12682,24.41578,0.2065,An toan,An toan,"Nhi?t ?? 30.8?C, ?? ?m 79.3%, Kh? CO th?p (14.1 ppm), M?c ch?y: An to?n","Kh? CH4 (24.5 ppm), LPG (17.9 ppm), CO (14.1 ppm), M?c kh? gas: An to?n",Auto,OFF,OFF,OFF,OFF,
6/11/2025,12:45:53,30.537,71.628,15.00545,26.02107,17.85934,13.32575,12.92103,0.51129,An toan,An toan,"Nhi?t ?? 30.5?C, ?? ?m 71.6%, Kh? CO th?p (13.3 ppm), M?c ch?y: An to?n","Kh? CH4 (26.0 ppm), LPG (17.9 ppm), CO (13.3 ppm), M?c kh? gas: An to?n",Auto,OFF,OFF,OFF,OFF,
6/11/2025,12:46:34,30.757,77.494,15.94139,26.83604,17.18548,13.19346,11.42859,0.25409,An toan,An toan,"Nhi?t ?? 30.8?C, ?? ?m 77.5%, Kh? CO th?p (13.2 ppm), M?c ch?y: An to?n","Kh? CH4 (26.8 ppm), LPG (17.2 ppm), CO (13.2 ppm), M?c kh? gas: An to?n",Auto,OFF,OFF,OFF,OFF,
6/11/2025,12:47:21,29.646,78.357,15.59401,24.88282,17.91474,14.85514,17.18634,0.84524,An toan,An toan,"Nhi?t ?? 29.6?C, ?? ?m 78.4%, Kh? CO th?p (14.9 ppm), M?c ch?y: An to?n","Kh? CH4 (24.9 ppm), LPG (17.9 ppm), CO (14.9 ppm), M?c kh? gas: An to?n",Auto,OFF,OFF,OFF,OFF,
6/11/2025,12:56:08,30.265,73.435,15.78256,24.98935,17.81555,14.66962,19.40814,0.7524,An toan,An toan,"Nhi?t ?? 30.3?C, ?? ?m 73.4%, Kh? CO th?p (14.7 ppm), M?c ch?y: An to?n","Kh? CH4 (25.0 ppm), LPG (17.8 ppm), CO (14.7 ppm), M?c kh? gas: An to?n",Auto,OFF,OFF,OFF,OFF,
6/11/2025,12:56:10,30.874,70.244,15.66861,26.70263,18.62073,13.98407,27.21019,0.85667,An toan,An toan,"Nhi?t ?? 30.9?C, ?? ?m 70.2%, Kh? CO th?p (14.0 ppm), M?c ch?y: An to?n","Kh? CH4 (26.7 ppm), LPG (18.6 ppm), CO (14.0 ppm), M?c kh? gas: An to?n",Auto,OFF,OFF,OFF,OFF,
6/11/2025,13:05:02,29.158,72.174,14.76142,26.56064,18.10034,14.17507,27.75205,0.79313,An toan,An toan,"Nhi?t ?? 29.2?C, ?? ?m 72.2%, Kh? CO th?p (14.2 ppm), M?c ch?y: An to?n","Kh? CH4 (26.6 ppm), LPG (18.1 ppm), CO (14.2 ppm), M?c kh? gas: An to?n",Auto,OFF,OFF,OFF,OFF,
6/11/2025,13:05:37,29.477,70.447,15.82367,26.69694,19.68409,13.15642,13.86337,0.10414,An toan,An toan,"Nhi?t ?? 29.5?C, ?? ?m 70.4%, Kh? CO th?p (13.2 ppm), M?c ch?y: An to?n","Kh? CH4 (26.7 ppm), LPG (19.7 ppm), CO (13.2 ppm), M?c kh? gas: An to?n",Auto,OFF,OFF,OFF,OFF,
6/11/2025,13:07:51,29.689,69.538,14.17484,25.92732,19.8204,14.08257,23.53221,0.47189,An toan,An toan,"Nhi?t ?? 29.7?C, ?? ?m 69.5%, Kh? CO th?p (14.1 ppm), M?c ch?y: An to?n","Kh? CH4 (25.9 ppm), LPG (19.8 ppm), CO (14.1 ppm), M?c kh? gas: An to?n",Auto,OFF,OFF,OFF,OFF,
6/11/2025,13:09:51,29.198,75.928,15.72135,26.20058,19.27038,13.24011,17.96767,0.78401,An toan,An toan,"Nhi?t ?? 29.2?C, ?? ?m 75.9%, Kh? CO th?p (13.2 ppm), M?c ch?y: An to?n","Kh? CH4 (26.2 ppm), LPG (19.3 ppm), CO (13.2 ppm), M?c kh? gas: An to?n",Auto,OFF,OFF,OFF,OFF,
6/11/2025,13:19:12,29.156,70.638,15.65303,25.49517,17.60678,14.5063,25.18472,0.78548,An toan,An toan,"Nhi?t ?? 29.2?C, ?? ?m 70.6%, Kh? CO th?p (14.5 ppm), M?c ch?y: An to?n","Kh? CH4 (25.5 ppm), LPG (17.6 ppm), CO (14.5 ppm), M?c kh? gas: An to?n",Auto,OFF,OFF,OFF,OFF,
6/11/2025,13:26:48,30.209,79.037,15.07167,24.80704,17.23094,14.26241,15.212,0.3269,An toan,An toan,"Nhi?t ?? 30.2?C, ?? ?m 79.0%, Kh? CO th?p (14.3 ppm), M?c ch?y: An to?n","Kh? CH4 (24.8 ppm), LPG (17.2 ppm), CO (14.3 ppm), M?c kh? gas: An to?n",Auto,OFF,OFF,OFF,OFF,
6/11/2025,13:31:06,30.331,74.402,15.82725,26.80729,17.71332,14.07606,18.28028,0.93991,An toan,An toan,"Nhi?t ?? 30.3?C, ?? ?m 74.4%, Kh? CO th?p (14.1 ppm), M?c ch?y: An to?n","Kh? CH4 (26.8 ppm), LPG (17.7 ppm), CO (14.1 ppm), M?c kh? gas: An to?n",Auto,OFF,OFF,OFF,OFF,
6/11/2025,13:32:17,30.186,79.282,15.12822,24.09895,18.15822,13.57337,21.80156,0.44818,An toan,An toan,"Nhi?t ?? 30.2?C, ?? ?m 79.3%, Kh? CO th?p (13.6 ppm), M?c ch?y: An to?n","Kh? CH4 (24.1 ppm), LPG (18.2 ppm), CO (13.6 ppm), M?c kh? gas: An to?n",Auto,OFF,OFF,OFF,OFF,
6/11/2025,13:32:53,30.97,75.367,15.57474,26.60773,18.62079,13.70631,16.35543,0.80926,An toan,An toan,"Nhi?t ?? 31.0?C, ?? ?m 75.4%, Kh? CO th?p (13.7 ppm), M?c ch?y: An to?n","Kh? CH4 (26.6 ppm), LPG (18.6 ppm), CO (13.7 ppm), M?c kh? gas: An to?n",Auto,OFF,OFF,OFF,OFF,
6/11/2025,13:35:12,30.886,70.554,14.5248,26.62734,18.42942,13.22972,26.34138,0.68449,An toan,An toan,"Nhi?t ?? 30.9?C, ?? ?m 70.6%, Kh? CO th?p (13.2 ppm), M?c ch?y: An to?n","Kh? CH4 (26.6 ppm), LPG (18.4 ppm), CO (13.2 ppm), M?c kh? gas: An to?n",Auto,OFF,OFF,OFF,OFF,
6/11/2025,13:35:45,29.277,77.482,15.18173,25.84069,19.15636,14.59563,27.04905,0.52235,An toan,An toan,"Nhi?t ?? 29.3?C, ?? ?m 77.5%, Kh? CO th?p (14.6 ppm), M?c ch?y: An to?n","Kh? CH4 (25.8 ppm), LPG (19.2 ppm), CO (14.6 ppm), M?c kh? gas: An to?n",Auto,OFF,OFF,OFF,OFF,
6/11/2025,13:37:38,29.68,69.954,15.05583,24.44114,17.99865,13.4122,25.76844,0.2007,An toan,An toan,"Nhi?t ?? 29.7?C, ?? ?m 70.0%, Kh? CO th?p (13.4 ppm), M?c ch?y: An to?n","Kh? CH4 (24.4 ppm), LPG (18.0 ppm), CO (13.4 ppm), M?c kh? gas: An to?n",Auto,OFF,OFF,OFF,OFF,
6/11/2025,13:38:47,29.808,76.772,14.53128,24.59922,18.51524,13.47285,28.22776,0.96871,An toan,An toan,"Nhi?t ?? 29.8?C, ?? ?m 76.8%, Kh? CO th?p (13.5 ppm), M?c ch?y: An to?n","Kh? CH4 (24.6 ppm), LPG (18.5 ppm), CO (13.5 ppm), M?c kh? gas: An to?n",Auto,OFF,OFF,OFF,OFF,
6/11/2025,13:45:33,29.682,76.933,14.73022,24.29559,18.63585,14.17361,21.96902,0.84778,An toan,An toan,"Nhi?t ?? 29.7?C, ?? ?m 76.9%, Kh? CO th?p (14.2 ppm), M?c ch?y: An to?n","Kh? CH4 (24.3 ppm), LPG (18.6 ppm), CO (14.2 ppm), M?c kh? gas: An to?n",Auto,OFF,OFF,OFF,OFF,
6/11/2025,13:48:52,29.999,69.787,14.00457,25.39346,17.42257,14.5339,17.14088,0.38672,An toan,An toan,"Nhi?t ?? 30.0?C, ?? ?m 69.8%, Kh? CO th?p (14.5 ppm), M?c ch?y: An to?n","Kh? CH4 (25.4 ppm), LPG (17.4 ppm), CO (14.5 ppm), M?c kh? gas: An to?n",Auto,OFF,OFF,OFF,OFF,
6/11/2025,13:50:51,29.321,74.307,15.50195,24.3715,17.07801,13.2202,22.61092,0.97256,An toan,An toan,"Nhi?t ?? 29.3?C, ?? ?m 74.3%, Kh? CO th?p (13.2 ppm), M?c ch?y: An to?n","Kh? CH4 (24.4 ppm), LPG (17.1 ppm), CO (13.2 ppm), M?c kh? gas: An to?n",Auto,OFF,OFF,OFF,OFF,
6/11/2025,13:51:11,30.696,76.474,14.74746,24.30258,19.84865,14.23793,12.49981,0.95304,An toan,An toan,"Nhi?t ?? 30.7?C, ?? ?m 76.5%, Kh? CO th?p (14.2 ppm), M?c ch?y: An to?n","Kh? CH4 (24.3 ppm), LPG (19.8 ppm), CO (14.2 ppm), M?c kh? gas: An to?n",Auto,OFF,OFF,OFF,OFF,
6/11/2025,13:57:17,29.753,69.269,14.05167,25.34018,17.87677,13.47946,23.78855,0.87661,An toan,An toan,"Nhi?t ?? 29.8?C, ?? ?m 69.3%, Kh? CO th?p (13.5 ppm), M?c ch?y: An to?n","Kh? CH4 (25.3 ppm), LPG (17.9 ppm), CO (13.5 ppm), M?c kh? gas: An to?n",Auto,OFF,OFF,OFF,OFF,
6/11/2025,13:58:21,30.088,70.985,14.16077,25.50549,19.56605,14.40704,24.0248,0.33219,An toan,An toan,"Nhi?t ?? 30.1?C, ?? ?m 71.0%, Kh? CO th?p (14.4 ppm), M?c ch?y: An to?n","Kh? CH4 (25.5 ppm), LPG (19.6 ppm), CO (14.4 ppm), M?c kh? gas: An to?n",Auto,OFF,OFF,OFF,OFF,
6/11/2025,13:59:37,30.514,74.507,14.17228,24.51268,17.83498,13.91357,23.36347,0.19283,An toan,An toan,"Nhi?t ?? 30.5?C, ?? ?m 74.5%, Kh? CO th?p (13.9 ppm), M?c ch?y: An to?n","Kh? CH4 (24.5 ppm), LPG (17.8 ppm), CO (13.9 ppm), M?c kh? gas: An to?n",Auto,OFF,OFF,OFF,OFF,
6/11/2025,14:06:11,30.456,69.719,14.07311,26.66728,17.62378,13.38147,10.01836,0.94813,An toan,An toan,"Nhi?t ?? 30.5?C, ?? ?m 69.7%, Kh? CO th?p (13.4 ppm), M?c ch?y: An to?n","Kh? CH4 (26.7 ppm), LPG (17.6 ppm), CO (13.4 ppm), M?c kh? gas: An to?n",Auto,OFF,OFF,OFF,OFF,
6/11/2025,14:10:37,29.802,71.996,15.4962,25.81937,19.91815,13.4078,11.98221,0.50998,An toan,An toan,"Nhi?t ?? 29.8?C, ?? ?m 72.0%, Kh? CO th?p (13.4 ppm), M?c ch?y: An to?n","Kh? CH4 (25.8 ppm), LPG (19.9 ppm), CO (13.4 ppm), M?c kh? gas: An to?n",Auto,OFF,OFF,OFF,OFF,
6/11/2025,14:13:54,30.293,71.202,14.32961,26.82869,17.51639,13.05712,17.24432,0.89133,An toan,An toan,"Nhi?t ?? 30.3?C, ?? ?m 71.2%, Kh? CO th?p (13.1 ppm), M?c ch?y: An to?n","Kh? CH4 (26.8 ppm), LPG (17.5 ppm), CO (13.1 ppm), M?c kh? gas: An to?n",Auto,OFF,OFF,OFF,OFF,
6/11/2025,14:16:48,29.283,73.864,15.43568,26.18932,19.97881,14.33226,28.95816,0.27445,An toan,An toan,"Nhi?t ?? 29.3?C, ?? ?m 73.9%, Kh? CO th?p (14.3 ppm), M?c ch?y: An to?n","Kh? CH4 (26.2 ppm), LPG (20.0 ppm), CO (14.3 ppm), M?c kh? gas: An to?n",Auto,OFF,OFF,OFF,OFF,
6/11/2025,14:19:50,30.808,77.429,14.88251,24.32079,17.96754,14.15732,23.79069,0.25064,An toan,An toan,"Nhi?t ?? 30.8?C, ?? ?m 77.4%, Kh? CO th?p (14.2 ppm), M?c ch?y: An to?n","Kh? CH4 (24.3 ppm), LPG (18.0 ppm), CO (14.2 ppm), M?c kh? gas: An to?n",Auto,OFF,OFF,OFF,OFF,
6/11/2025,14:25:26,30.085,77.04,14.15407,24.32057,19.7333,13.21723,15.04834,0.92798,An toan,An toan,"Nhi?t ?? 30.1?C, ?? ?m 77.0%, Kh? CO th?p (13.2 ppm), M?c ch?y: An to?n","Kh? CH4 (24.3 ppm), LPG (19.7 ppm), CO (13.2 ppm), M?c kh? gas: An to?n",Auto,OFF,OFF,OFF,OFF,
6/11/2025,14:25:54,29.872,76.82,15.13882,25.6259,18.70154,14.97713,28.6427,0.66391,An toan,An toan,"Nhi?t ?? 29.9?C, ?? ?m 76.8%, Kh? CO th?p (15.0 ppm), M?c ch?y: An to?n","Kh? CH4 (25.6 ppm), LPG (18.7 ppm), CO (15.0 ppm), M?c kh? gas: An to?n",Auto,OFF,OFF,OFF,OFF,
6/11/2025,14:26:15,29.007,79.726,14.9759,24.66743,19.79942,14.33571,13.34924,0.29239,An toan,An toan,"Nhi?t ?? 29.0?C, ?? ?m 79.7%, Kh? CO th?p (14.3 ppm), M?c ch?y: An to?n","Kh? CH4 (24.7 ppm), LPG (19.8 ppm), CO (14.3 ppm), M?c kh? gas: An to?n",Auto,OFF,OFF,OFF,OFF,
6/11/2025,14:26:23,29.831,70.374,15.41876,24.46208,19.6925,13.72954,21.74121,0.2783,An toan,An toan,"Nhi?t ?? 29.8?C, ?? ?m 70.4%, Kh? CO th?p (13.7 ppm), M?c ch?y: An to?n","Kh? CH4 (24.5 ppm), LPG (19.7 ppm), CO (13.7 ppm), M?c kh? gas: An to?n",Auto,OFF,OFF,OFF,OFF,
6/11/2025,14:28:42,29.581,73.08,14.04581,25.11226,19.40843,14.82215,21.91533,0.47275,An toan,An toan,"Nhi?t ?? 29.6?C, ?? ?m 73.1%, Kh? CO th?p (14.8 ppm), M?c ch?y: An to?n","Kh? CH4 (25.1 ppm), LPG (19.4 ppm), CO (14.8 ppm), M?c kh? gas: An to?n",Auto,OFF,OFF,OFF,OFF,
6/11/2025,14:35:11,29.571,72.551,15.27248,25.16332,18.60099,14.70574,29.00675,0.42682,An toan,An toan,"Nhi?t ?? 29.6?C, ?? ?m 72.6%, Kh? CO th?p (14.7 ppm), M?c ch?y: An to?n","Kh? CH4 (25.2 ppm), LPG (18.6 ppm), CO (14.7 ppm), M?c kh? gas: An to?n",Auto,OFF,OFF,OFF,OFF,
6/11/2025,14:36:31,30.394,74.939,15.86952,26.29882,19.14954,13.69099,25.06536,0.14959,An toan,An toan,"Nhi?t ?? 30.4?C, ?? ?m 74.9%, Kh? CO th?p (13.7 ppm), M?c ch?y: An to?n","Kh? CH4 (26.3 ppm), LPG (19.1 ppm), CO (13.7 ppm), M?c kh? gas: An to?n",Auto,OFF,OFF,OFF,OFF,
6/11/2025,14:40:17,30.766,78.692,14.96198,25.67344,17.69033,14.59395,15.01528,0.10313,An toan,An toan,"Nhi?t ?? 30.8?C, ?? ?m 78.7%, Kh? CO th?p (14.6 ppm), M?c ch?y: An to?n","Kh? CH4 (25.7 ppm), LPG (17.7 ppm), CO (14.6 ppm), M?c kh? gas: An to?n",Auto,OFF,OFF,OFF,OFF,
6/11/2025,14:41:16,30.207,76.61,14.51725,25.64066,19.36873,13.89505,27.44604,0.40724,An toan,An toan,"Nhi?t ?? 30.2?C, ?? ?m 76.6%, Kh? CO th?p (13.9 ppm), M?c ch?y: An to?n","Kh? CH4 (25.6 ppm), LPG (19.4 ppm), CO (13.9 ppm), M?c kh? gas: An to?n",Auto,OFF,OFF,OFF,OFF,
6/11/2025,14:46:03,30.098,76.579,15.20238,24.94557,19.16013,13.40826,27.09897,0.40514,An toan,An toan,"Nhi?t ?? 30.1?C, ?? ?m 76.6%, Kh? CO th?p (13.4 ppm), M?c ch?y: An to?n","Kh? CH4 (24.9 ppm), LPG (19.2 ppm), CO (13.4 ppm), M?c kh? gas: An to?n",Auto,OFF,OFF,OFF,OFF,
6/11/2025,14:48:15,30.194,77.907,15.71719,26.22867,17.74774,13.37358,11.18017,0.38077,An toan,An toan,"Nhi?t ?? 30.2?C, ?? ?m 77.9%, Kh? CO th?p (13.4 ppm), M?c ch?y: An to?n","Kh? CH4 (26.2 ppm), LPG (17.7 ppm), CO (13.4 ppm), M?c kh? gas: An to?n",Auto,OFF,OFF,OFF,OFF,
6/11/2025,14:49:04,30.842,75.999,15.74771,24.96566,19.2759,14.1248,22.70776,0.17251,An toan,An toan,"Nhi?t ?? 30.8?C, ?? ?m 76.0%, Kh? CO th?p (14.1 ppm), M?c ch?y: An to?n","Kh? CH4 (25.0 ppm), LPG (19.3 ppm), CO (14.1 ppm), M?c kh? gas: An to?n",Auto,OFF,OFF,OFF,OFF,
6/11/2025,14:51:22,29.652,69.968,15.42646,25.49956,18.86811,13.03472,28.12736,0.70918,An toan,An toan,"Nhi?t ?? 29.7?C, ?? ?m 70.0%, Kh? CO th?p (13.0 ppm), M?c ch?y: An to?n","Kh? CH4 (25.5 ppm), LPG (18.9 ppm), CO (13.0 ppm), M?c kh? gas: An to?n",Auto,OFF,OFF,OFF,OFF,
6/11/2025,14:52:29,30.157,75.093,15.30453,26.92611,18.87224,13.69105,28.70705,0.60396,An toan,An toan,"Nhi?t ?? 30.2?C, ?? ?m 75.1%, Kh? CO th?p (13.7 ppm), M?c ch?y: An to?n","Kh? CH4 (26.9 ppm), LPG (18.9 ppm), CO (13.7 ppm), M?c kh? gas: An to?n",Auto,OFF,OFF,OFF,OFF,
6/11/2025,14:56:42,30.2,70.689,15.44638,24.67375,19.06926,14.48844,14.32662,0.61568,An toan,An toan,"Nhi?t ?? 30.2?C, ?? ?m 70.7%, Kh? CO th?p (14.5 ppm), M?c ch?y: An to?n","Kh? CH4 (24.7 ppm), LPG (19.1 ppm), CO (14.5 ppm), M?c kh? gas: An to?n",Auto,OFF,OFF,OFF,OFF,
6/11/2025,15:00:03,30.514,69.282,14.88153,24.00412,18.59287,14.09619,17.53549,0.96794,An toan,An toan,"Nhi?t ?? 30.5?C, ?? ?m 69.3%, Kh? CO th?p (14.1 ppm), M?c ch?y: An to?n","Kh? CH4 (24.0 ppm), LPG (18.6 ppm), CO (14.1 ppm), M?c kh? gas: An to?n",Auto,OFF,OFF,OFF,OFF,
6/11/2025,15:00:53,30.806,73.906,15.66496,25.80896,19.54626,13.27349,25.70348,0.39402,An toan,An toan,"Nhi?t ?? 30.8?C, ?? ?m 73.9%, Kh? CO th?p (13.3 ppm), M?c ch?y: An to?n","Kh? CH4 (25.8 ppm), LPG (19.5 ppm), CO (13.3 ppm), M?c kh? gas: An to?n",Auto,OFF,OFF,OFF,OFF,
6/11/2025,15:01:19,29.76,71.178,15.23449,26.86188,18.78775,13.20656,14.14554,0.92968,An toan,An toan,"Nhi?t ?? 29.8?C, ?? ?m 71.2%, Kh? CO th?p (13.2 ppm), M?c ch?y: An to?n","Kh? CH4 (26.9 ppm), LPG (18.8 ppm), CO (13.2 ppm), M?c kh? gas: An to?n",Auto,OFF,OFF,OFF,OFF,
6/11/2025,15:06:42,30.334,72.1,14.50514,24.12486,19.26075,14.24333,27.73141,0.58485,An toan,An toan,"Nhi?t ?? 30.3?C, ?? ?m 72.1%, Kh? CO th?p (14.2 ppm), M?c ch?y: An to?n","Kh? CH4 (24.1 ppm), LPG (19.3 ppm), CO (14.2 ppm), M?c kh? gas: An to?n",Auto,OFF,OFF,OFF,OFF,
6/11/2025,15:06:42,29.408,75.776,15.14515,26.02096,17.50372,13.40156,23.46294,0.40179,An toan,An toan,"Nhi?t ?? 29.4?C, ?? ?m 75.8%, Kh? CO th?p (13.4 ppm), M?c ch?y: An to?n","Kh? CH4 (26.0 ppm), LPG (17.5 ppm), CO (13.4 ppm), M?c kh? gas: An to?n",Auto,OFF,OFF,OFF,OFF,
6/11/2025,15:07:12,30.315,72.463,14.05118,25.60287,19.06765,14.34555,29.96447,0.89922,An toan,An toan,"Nhi?t ?? 30.3?C, ?? ?m 72.5%, Kh? CO th?p (14.3 ppm), M?c ch?y: An to?n","Kh? CH4 (25.6 ppm), LPG (19.1 ppm), CO (14.3 ppm), M?c kh? gas: An to?n",Auto,OFF,OFF,OFF,OFF,
6/11/2025,15:10:34,29.557,69.554,15.29078,26.06917,17.36368,13.52808,19.78247,0.78456,An toan,An toan,"Nhi?t ?? 29.6?C, ?? ?m 69.6%, Kh? CO th?p (13.5 ppm), M?c ch?y: An to?n","Kh? CH4 (26.1 ppm), LPG (17.4 ppm), CO (13.5 ppm), M?c kh? gas: An to?n",Auto,OFF,OFF,OFF,OFF,
6/11/2025,15:10:59,30.219,72.981,15.80184,24.61589,18.48232,13.58696,13.31979,0.35432,An toan,An toan,"Nhi?t ?? 30.2?C, ?? ?m 73.0%, Kh? CO th?p (13.6 ppm), M?c ch?y: An to?n","Kh? CH4 (24.6 ppm), LPG (18.5 ppm), CO (13.6 ppm), M?c kh? gas: An to?n",Auto,OFF,OFF,OFF,OFF,
6/11/2025,15:13:47,29.015,71.037,15.51697,24.60079,17.00815,13.88941,27.21533,0.7116,An toan,An toan,"Nhi?t ?? 29.0?C, ?? ?m 71.0%, Kh? CO th?p (13.9 ppm), M?c ch?y: An to?n","Kh? CH4 (24.6 ppm), LPG (17.0 ppm), CO (13.9 ppm), M?c kh? gas: An to?n",Auto,OFF,OFF,OFF,OFF,
6/11/2025,15:16:15,30.319,70.622,15.78326,24.85559,18.90509,13.69829,23.17391,0.81468,An toan,An toan,"Nhi?t ?? 30.3?C, ?? ?m 70.6%, Kh? CO th?p (13.7 ppm), M?c ch?y: An to?n","Kh? CH4 (24.9 ppm), LPG (18.9 ppm), CO (13.7 ppm), M?c kh? gas: An to?n",Auto,OFF,OFF,OFF,OFF,
6/11/2025,15:22:38,30.176,77.745,14.48635,25.85386,18.2787,14.90363,14.48392,0.33067,An toan,An toan,"Nhi?t ?? 30.2?C, ?? ?m 77.7%, Kh? CO th?p (14.9 ppm), M?c ch?y: An to?n","Kh? CH4 (25.9 ppm), LPG (18.3 ppm), CO (14.9 ppm), M?c kh? gas: An to?n",Auto,OFF,OFF,OFF,OFF,
6/11/2025,15:26:28,29.779,79.034,15.01576,24.62147,18.30459,14.12607,20.55503,0.73893,An toan,An toan,"Nhi?t ?? 29.8?C, ?? ?m 79.0%, Kh? CO th?p (14.1 ppm), M?c ch?y: An to?n","Kh? CH4 (24.6 ppm), LPG (18.3 ppm), CO (14.1 ppm), M?c kh? gas: An to?n",Auto,OFF,OFF,OFF,OFF,
6/11/2025,15:34:49,29.526,79.2,14.56611,24.32851,19.76686,13.98948,10.94301,0.3909,An toan,An toan,"Nhi?t ?? 29.5?C, ?? ?m 79.2%, Kh? CO th?p (14.0 ppm), M?c ch?y: An to?n","Kh? CH4 (24.3 ppm), LPG (19.8 ppm), CO (14.0 ppm), M?c kh? gas: An to?n",Auto,OFF,OFF,OFF,OFF,
6/11/2025,15:39:10,30.911,74.88,14.06975,24.02765,18.84139,14.28673,24.95791,0.28179,An toan,An toan,"Nhi?t ?? 30.9?C, ?? ?m 74.9%, Kh? CO th?p (14.3 ppm), M?c ch?y: An to?n","Kh? CH4 (24.0 ppm), LPG (18.8 ppm), CO (14.3 ppm), M?c kh? gas: An to?n",Auto,OFF,OFF,OFF,OFF,
6/11/2025,15:39:45,30.666,74.406,15.33991,25.9713,18.7557,14.61633,29.83998,0.82631,An toan,An toan,"Nhi?t ?? 30.7?C, ?? ?m 74.4%, Kh? CO th?p (14.6 ppm), M?c ch?y: An to?n","Kh? CH4 (26.0 ppm), LPG (18.8 ppm), CO (14.6 ppm), M?c kh? gas: An to?n",Auto,OFF,OFF,OFF,OFF,
6/11/2025,15:50:30,30.317,78.398,15.51099,26.14242,19.24081,14.34828,13.09913,0.58148,An toan,An toan,"Nhi?t ?? 30.3?C, ?? ?m 78.4%, Kh? CO th?p (14.3 ppm), M?c ch?y: An to?n","Kh? CH4 (26.1 ppm), LPG (19.2 ppm), CO (14.3 ppm), M?c kh? gas: An to?n",Auto,OFF,OFF,OFF,OFF,
6/11/2025,15:50:34,30.377,77.487,15.15159,26.4436,19.48161,13.91713,21.97816,0.49568,An toan,An toan,"Nhi?t ?? 30.4?C, ?? ?m 77.5%, Kh? CO th?p (13.9 ppm), M?c ch?y: An to?n","Kh? CH4 (26.4 ppm), LPG (19.5 ppm), CO (13.9 ppm), M?c kh? gas: An to?n",Auto,OFF,OFF,OFF,OFF,
6/11/2025,15:54:22,29.017,77.843,14.17491,25.10523,17.35491,13.23689,28.75851,0.92485,An toan,An toan,"Nhi?t ?? 29.0?C, ?? ?m 77.8%, Kh? CO th?p (13.2 ppm), M?c ch?y: An to?n","Kh? CH4 (25.1 ppm), LPG (17.4 ppm), CO (13.2 ppm), M?c kh? gas: An to?n",Auto,OFF,OFF,OFF,OFF,
6/11/2025,15:55:09,29.998,76.538,14.21044,24.26704,17.19389,14.58057,19.18801,0.21003,An toan,An toan,"Nhi?t ?? 30.0?C, ?? ?m 76.5%, Kh? CO th?p (14.6 ppm), M?c ch?y: An to?n","Kh? CH4 (24.3 ppm), LPG (17.2 ppm), CO (14.6 ppm), M?c kh? gas: An to?n",Auto,OFF,OFF,OFF,OFF,
6/11/2025,15:58:43,29.777,76.658,14.75545,25.66834,17.54379,13.38743,19.01023,0.83928,An toan,An toan,"Nhi?t ?? 29.8?C, ?? ?m 76.7%, Kh? CO th?p (13.4 ppm), M?c ch?y: An to?n","Kh? CH4 (25.7 ppm), LPG (17.5 ppm), CO (13.4 ppm), M?c kh? gas: An to?n",Auto,OFF,OFF,OFF,OFF,
6/11/2025,16:05:57,30.106,76.717,15.77647,25.66487,18.40169,13.75283,26.65021,0.8203,An toan,An toan,"Nhi?t ?? 30.1?C, ?? ?m 76.7%, Kh? CO th?p (13.8 ppm), M?c ch?y: An to?n","Kh? CH4 (25.7 ppm), LPG (18.4 ppm), CO (13.8 ppm), M?c kh? gas: An to?n",Auto,OFF,OFF,OFF,OFF,
6/11/2025,16:11:58,30.824,75.483,15.49838,24.15535,17.61824,14.34153,24.55047,0.25758,An toan,An toan,"Nhi?t ?? 30.8?C, ?? ?m 75.5%, Kh? CO th?p (14.3 ppm), M?c ch?y: An to?n","Kh? CH4 (24.2 ppm), LPG (17.6 ppm), CO (14.3 ppm), M?c kh? gas: An to?n",Auto,OFF,OFF,OFF,OFF,
6/11/2025,16:13:00,29.582,70.368,14.18695,24.22531,18.71405,14.9886,17.88819,0.29454,An toan,An toan,"Nhi?t ?? 29.6?C, ?? ?m 70.4%, Kh? CO th?p (15.0 ppm), M?c ch?y: An to?n","Kh? CH4 (24.2 ppm), LPG (18.7 ppm), CO (15.0 ppm), M?c kh? gas: An to?n",Auto,OFF,OFF,OFF,OFF,
6/11/2025,16:17:24,30.148,74.818,14.81277,26.1916,19.37809,13.3234,14.60754,0.72965,An toan,An toan,"Nhi?t ?? 30.1?C, ?? ?m 74.8%, Kh? CO th?p (13.3 ppm), M?c ch?y: An to?n","Kh? CH4 (26.2 ppm), LPG (19.4 ppm), CO (13.3 ppm), M?c kh? gas: An to?n",Auto,OFF,OFF,OFF,OFF,
6/11/2025,16:23:12,29.546,78.968,15.84955,24.2106,17.1532,13.04214,12.09218,0.69688,An toan,An toan,"Nhi?t ?? 29.5?C, ?? ?m 79.0%, Kh? CO th?p (13.0 ppm), M?c ch?y: An to?n","Kh? CH4 (24.2 ppm), LPG (17.2 ppm), CO (13.0 ppm), M?c kh? gas: An to?n",Auto,OFF,OFF,OFF,OFF,
6/11/2025,16:23:49,29.884,79.101,15.71685,26.158,18.18248,14.49868,22.84245,0.56851,An toan,An toan,"Nhi?t ?? 29.9?C, ?? ?m 79.1%, Kh? CO th?p (14.5 ppm), M?c ch?y: An to?n","Kh? CH4 (26.2 ppm), LPG (18.2 ppm), CO (14.5 ppm), M?c kh? gas: An to?n",Auto,OFF,OFF,OFF,OFF,
6/11/2025,16:29:04,29.215,77.226,15.33732,24.67899,18.32912,13.89897,12.73351,0.90174,An toan,An toan,"Nhi?t ?? 29.2?C, ?? ?m 77.2%, Kh? CO th?p (13.9 ppm), M?c ch?y: An to?n","Kh? CH4 (24.7 ppm), LPG (18.3 ppm), CO (13.9 ppm), M?c kh? gas: An to?n",Auto,OFF,OFF,OFF,OFF,
6/11/2025,16:30:16,30.396,79.052,14.78146,25.25735,17.01647,14.42679,14.45254,0.1054,An toan,An toan,"Nhi?t ?? 30.4?C, ?? ?m 79.1%, Kh? CO th?p (14.4 ppm), M?c ch?y: An to?n","Kh? CH4 (25.3 ppm), LPG (17.0 ppm), CO (14.4 ppm), M?c kh? gas: An to?n",Auto,OFF,OFF,OFF,OFF,
6/11/2025,16:33:40,29.086,78.385,14.78743,26.81644,19.72006,14.56557,11.87022,0.66594,An toan,An toan,"Nhi?t ?? 29.1?C, ?? ?m 78.4%, Kh? CO th?p (14.6 ppm), M?c ch?y: An to?n","Kh? CH4 (26.8 ppm), LPG (19.7 ppm), CO (14.6 ppm), M?c kh? gas: An to?n",Auto,OFF,OFF,OFF,OFF,
6/11/2025,16:34:11,29.383,76.573,14.65674,26.10128,17.99006,13.38717,21.30379,0.64221,An toan,An toan,"Nhi?t ?? 29.4?C, ?? ?m 76.6%, Kh? CO th?p (13.4 ppm), M?c ch?y: An to?n","Kh? CH4 (26.1 ppm), LPG (18.0 ppm), CO (13.4 ppm), M?c kh? gas: An to?n",Auto,OFF,OFF,OFF,OFF,
6/11/2025,16:38:36,29.198,69.532,14.42992,25.87209,19.62982,13.76039,20.94173,0.63604,An toan,An toan,"Nhi?t ?? 29.2?C, ?? ?m 69.5%, Kh? CO th?p (13.8 ppm), M?c ch?y: An to?n","Kh? CH4 (25.9 ppm), LPG (19.6 ppm), CO (13.8 ppm), M?c kh? gas: An to?n",Auto,OFF,OFF,OFF,OFF,
6/11/2025,16:39:12,29.8,69.666,15.09636,25.31446,18.70047,13.43119,24.8749,0.4705,An toan,An toan,"Nhi?t ?? 29.8?C, ?? ?m 69.7%, Kh? CO th?p (13.4 ppm), M?c ch?y: An to?n","Kh? CH4 (25.3 ppm), LPG (18.7 ppm), CO (13.4 ppm), M?c kh? gas: An to?n",Auto,OFF,OFF,OFF,OFF,
6/11/2025,16:40:40,30.061,78.706,15.65395,24.15459,17.72788,14.57033,17.83315,0.48046,An toan,An toan,"Nhi?t ?? 30.1?C, ?? ?m 78.7%, Kh? CO th?p (14.6 ppm), M?c ch?y: An to?n","Kh? CH4 (24.2 ppm), LPG (17.7 ppm), CO (14.6 ppm), M?c kh? gas: An to?n",Auto,OFF,OFF,OFF,OFF,
6/11/2025,16:40:43,29.264,75.357,15.36696,26.29668,18.89979,14.85482,20.59441,0.36408,An toan,An toan,"Nhi?t ?? 29.3?C, ?? ?m 75.4%, Kh? CO th?p (14.9 ppm), M?c ch?y: An to?n","Kh? CH4 (26.3 ppm), LPG (18.9 ppm), CO (14.9 ppm), M?c kh? gas: An to?n",Auto,OFF,OFF,OFF,OFF,
6/11/2025,16:44:07,29.353,77.332,14.47995,26.01274,18.53516,13.03635,14.62162,0.45028,An toan,An toan,"Nhi?t ?? 29.4?C, ?? ?m 77.3%, Kh? CO th?p (13.0 ppm), M?c ch?y: An to?n","Kh? CH4 (26.0 ppm), LPG (18.5 ppm), CO (13.0 ppm), M?c kh? gas: An to?n",Auto,OFF,OFF,OFF,OFF,
6/11/2025,16:44:30,30.01,69.163,15.74896,26.9056,18.3824,14.34161,10.94938,0.78193,An toan,An toan,"Nhi?t ?? 30.0?C, ?? ?m 69.2%, Kh? CO th?p (14.3 ppm), M?c ch?y: An to?n","Kh? CH4 (26.9 ppm), LPG (18.4 ppm), CO (14.3 ppm), M?c kh? gas: An to?n",Auto,OFF,OFF,OFF,OFF,
6/11/2025,16:49:08,30.375,69.136,14.35858,25.37113,19.83517,14.63304,29.19943,0.29337,An toan,An toan,"Nhi?t ?? 30.4?C, ?? ?m 69.1%, Kh? CO th?p (14.6 ppm), M?c ch?y: An to?n","Kh? CH4 (25.4 ppm), LPG (19.8 ppm), CO (14.6 ppm), M?c kh? gas: An to?n",Auto,OFF,OFF,OFF,OFF,
6/11/2025,16:51:23,30.372,75.077,15.0972,24.53653,18.67935,14.27151,19.59333,0.57382,An toan,An toan,"Nhi?t ?? 30.4?C, ?? ?m 75.1%, Kh? CO th?p (14.3 ppm), M?c ch?y: An to?n","Kh? CH4 (24.5 ppm), LPG (18.7 ppm), CO (14.3 ppm), M?c kh? gas: An to?n",Auto,OFF,OFF,OFF,OFF,
6/11/2025,16:56:11,30.58,77.772,15.77798,26.09016,18.13045,14.29798,11.94072,0.7602,An toan,An toan,"Nhi?t ?? 30.6?C, ?? ?m 77.8%, Kh? CO th?p (14.3 ppm), M?c ch?y: An to?n","Kh? CH4 (26.1 ppm), LPG (18.1 ppm), CO (14.3 ppm), M?c kh? gas: An to?n",Auto,OFF,OFF,OFF,OFF,
6/11/2025,16:58:39,30.025,70.956,14.39421,26.69816,18.43225,13.37464,29.70906,0.52759,An toan,An toan,"Nhi?t ?? 30.0?C, ?? ?m 71.0%, Kh? CO th?p (13.4 ppm), M?c ch?y: An to?n","Kh? CH4 (26.7 ppm), LPG (18.4 ppm), CO (13.4 ppm), M?c kh? gas: An to?n",Auto,OFF,OFF,OFF,OFF,
6/11/2025,17:04:45,30.172,78.585,14.33272,26.75627,18.71179,14.271,14.88997,0.12772,An toan,An toan,"Nhi?t ?? 30.2?C, ?? ?m 78.6%, Kh? CO th?p (14.3 ppm), M?c ch?y: An to?n","Kh? CH4 (26.8 ppm), LPG (18.7 ppm), CO (14.3 ppm), M?c kh? gas: An to?n",Auto,OFF,OFF,OFF,OFF,
6/11/2025,17:05:31,30.191,74.392,14.3247,26.09676,18.76161,13.88902,13.98712,0.63303,An toan,An toan,"Nhi?t ?? 30.2?C, ?? ?m 74.4%, Kh? CO th?p (13.9 ppm), M?c ch?y: An to?n","Kh? CH4 (26.1 ppm), LPG (18.8 ppm), CO (13.9 ppm), M?c kh? gas: An to?n",Auto,OFF,OFF,OFF,OFF,
6/11/2025,17:05:39,29.493,70.305,15.39092,26.18039,19.4653,14.31538,21.59032,0.29305,An toan,An toan,"Nhi?t ?? 29.5?C, ?? ?m 70.3%, Kh? CO th?p (14.3 ppm), M?c ch?y: An to?n","Kh? CH4 (26.2 ppm), LPG (19.5 ppm), CO (14.3 ppm), M?c kh? gas: An to?n",Auto,OFF,OFF,OFF,OFF,
6/11/2025,17:11:20,29.459,69.199,14.43594,24.73614,19.76676,13.23389,18.89406,0.16781,An toan,An toan,"Nhi?t ?? 29.5?C, ?? ?m 69.2%, Kh? CO th?p (13.2 ppm), M?c ch?y: An to?n","Kh? CH4 (24.7 ppm), LPG (19.8 ppm), CO (13.2 ppm), M?c kh? gas: An to?n",Auto,OFF,OFF,OFF,OFF,
6/11/2025,17:14:14,29.29,69.787,15.64231,26.68554,18.64328,14.69707,13.25266,0.75625,An toan,An toan,"Nhi?t ?? 29.3?C, ?? ?m 69.8%, Kh? CO th?p (14.7 ppm), M?c ch?y: An to?n","Kh? CH4 (26.7 ppm), LPG (18.6 ppm), CO (14.7 ppm), M?c kh? gas: An to?n",Auto,OFF,OFF,OFF,OFF,
6/11/2025,17:16:38,30.689,79.019,15.62874,25.90962,18.30229,14.56928,17.10579,0.35362,An toan,An toan,"Nhi?t ?? 30.7?C, ?? ?m 79.0%, Kh? CO th?p (14.6 ppm), M?c ch?y: An to?n","Kh? CH4 (25.9 ppm), LPG (18.3 ppm), CO (14.6 ppm), M?c kh? gas: An to?n",Auto,OFF,OFF,OFF,OFF,
6/11/2025,17:19:22,29.509,75.439,15.43381,26.35885,18.50738,13.82423,12.15725,0.81028,An toan,An toan,"Nhi?t ?? 29.5?C, ?? ?m 75.4%, Kh? CO th?p (13.8 ppm), M?c ch?y: An to?n","Kh? CH4 (26.4 ppm), LPG (18.5 ppm), CO (13.8 ppm), M?c kh? gas: An to?n",Auto,OFF,OFF,OFF,OFF,
6/11/2025,17:21:36,30.751,77.886,14.47509,24.26774,17.37197,14.95305,10.14247,0.88411,An toan,An toan,"Nhi?t ?? 30.8?C, ?? ?m 77.9%, Kh? CO th?p (15.0 ppm), M?c ch?y: An to?n","Kh? CH4 (24.3 ppm), LPG (17.4 ppm), CO (15.0 ppm), M?c kh? gas: An to?n",Auto,OFF,OFF,OFF,OFF,
6/11/2025,17:25:24,30.318,79.5,15.12534,26.77821,18.40623,13.97677,26.65071,0.55731,An toan,An toan,"Nhi?t ?? 30.3?C, ?? ?m 79.5%, Kh? CO th?p (14.0 ppm), M?c ch?y: An to?n","Kh? CH4 (26.8 ppm), LPG (18.4 ppm), CO (14.0 ppm), M?c kh? gas: An to?n",Auto,OFF,OFF,OFF,OFF,
6/11/2025,17:32:01,30.788,70.776,15.03641,25.67044,18.43521,13.7197,12.68894,0.13636,An toan,An toan,"Nhi?t ?? 30.8?C, ?? ?m 70.8%, Kh? CO th?p (13.7 ppm), M?c ch?y: An to?n","Kh? CH4 (25.7 ppm), LPG (18.4 ppm), CO (13.7 ppm), M?c kh? gas: An to?n",Auto,OFF,OFF,OFF,OFF,
6/11/2025,17:32:29,30.377,77.445,14.15985,25.94022,18.97335,14.70943,10.94822,0.23666,An toan,An toan,"Nhi?t ?? 30.4?C, ?? ?m 77.4%, Kh? CO th?p (14.7 ppm), M?c ch?y: An to?n","Kh? CH4 (25.9 ppm), LPG (19.0 ppm), CO (14.7 ppm), M?c kh? gas: An to?n",Auto,OFF,OFF,OFF,OFF,
6/11/2025,17:34:33,29.385,79.256,15.85345,25.0195,18.67272,14.51804,15.37324,0.18127,An toan,An toan,"Nhi?t ?? 29.4?C, ?? ?m 79.3%, Kh? CO th?p (14.5 ppm), M?c ch?y: An to?n","Kh? CH4 (25.0 ppm), LPG (18.7 ppm), CO (14.5 ppm), M?c kh? gas: An to?n",Auto,OFF,OFF,OFF,OFF,
6/11/2025,17:38:14,29.271,77.852,14.81856,26.89239,17.94728,14.57762,24.41499,0.55874,An toan,An toan,"Nhi?t ?? 29.3?C, ?? ?m 77.9%, Kh? CO th?p (14.6 ppm), M?c ch?y: An to?n","Kh? CH4 (26.9 ppm), LPG (17.9 ppm), CO (14.6 ppm), M?c kh? gas: An to?n",Auto,OFF,OFF,OFF,OFF,
6/11/2025,17:40:03,30.138,73.495,14.74319,24.19799,18.21131,14.28206,19.81951,0.13247,An toan,An toan,"Nhi?t ?? 30.1?C, ?? ?m 73.5%, Kh? CO th?p (14.3 ppm), M?c ch?y: An to?n","Kh? CH4 (24.2 ppm), LPG (18.2 ppm), CO (14.3 ppm), M?c kh? gas: An to?n",Auto,OFF,OFF,OFF,OFF,
6/11/2025,17:42:33,29.384,69.111,14.21127,25.64347,18.28187,14.14658,17.67387,0.21368,An toan,An toan,"Nhi?t ?? 29.4?C, ?? ?m 69.1%, Kh? CO th?p (14.1 ppm), M?c ch?y: An to?n","Kh? CH4 (25.6 ppm), LPG (18.3 ppm), CO (14.1 ppm), M?c kh? gas: An to?n",Auto,OFF,OFF,OFF,OFF,
6/11/2025,17:44:58,30.027,71.312,15.97853,24.30543,18.91144,13.60145,10.1265,0.68177,An toan,An toan,"Nhi?t ?? 30.0?C, ?? ?m 71.3%, Kh? CO th?p (13.6 ppm), M?c ch?y: An to?n","Kh? CH4 (24.3 ppm), LPG (18.9 ppm), CO (13.6 ppm), M?c kh? gas: An to?n",Auto,OFF,OFF,OFF,OFF,
6/11/2025,17:47:33,30.739,77.051,14.25515,25.67478,19.33175,13.41704,21.8578,0.67711,An toan,An toan,"Nhi?t ?? 30.7?C, ?? ?m 77.1%, Kh? CO th?p (13.4 ppm), M?c ch?y: An to?n","Kh? CH4 (25.7 ppm), LPG (19.3 ppm), CO (13.4 ppm), M?c kh? gas: An to?n",Auto,OFF,OFF,OFF,OFF,
6/11/2025,17:54:48,29.707,79.526,15.7221,26.44924,19.63737,14.8603,26.48223,0.38884,An toan,An toan,"Nhi?t ?? 29.7?C, ?? ?m 79.5%, Kh? CO th?p (14.9 ppm), M?c ch?y: An to?n","Kh? CH4 (26.4 ppm), LPG (19.6 ppm), CO (14.9 ppm), M?c kh? gas: An to?n",Auto,OFF,OFF,OFF,OFF,
6/11/2025,17:59:43,29.815,77.864,15.4654,24.30486,19.76946,14.28121,20.56484,0.90702,An toan,An toan,"Nhi?t ?? 29.8?C, ?? ?m 77.9%, Kh? CO th?p (14.3 ppm), M?c ch?y: An to?n","Kh? CH4 (24.3 ppm), LPG (19.8 ppm), CO (14.3 ppm), M?c kh? gas: An to?n",Auto,OFF,OFF,OFF,OFF,
6/11/2025,17:59:50,30.866,71.373,14.67649,25.9262,18.55481,14.48282,12.20623,0.79681,An toan,An toan,"Nhi?t ?? 30.9?C, ?? ?m 71.4%, Kh? CO th?p (14.5 ppm), M?c ch?y: An to?n","Kh? CH4 (25.9 ppm), LPG (18.6 ppm), CO (14.5 ppm), M?c kh? gas: An to?n",Auto,OFF,OFF,OFF,OFF,
6/11/2025,18:00:49,29.64,79.017,15.14125,24.96389,19.90576,14.4915,22.96919,0.7698,An toan,An toan,"Nhi?t ?? 29.6?C, ?? ?m 79.0%, Kh? CO th?p (14.5 ppm), M?c ch?y: An to?n","Kh? CH4 (25.0 ppm), LPG (19.9 ppm), CO (14.5 ppm), M?c kh? gas: An to?n",Auto,OFF,OFF,OFF,OFF,
6/11/2025,18:01:57,29.382,75.039,15.27079,24.95164,17.28682,13.67894,14.31981,0.50848,An toan,An toan,"Nhi?t ?? 29.4?C, ?? ?m 75.0%, Kh? CO th?p (13.7 ppm), M?c ch?y: An to?n","Kh? CH4 (25.0 ppm), LPG (17.3 ppm), CO (13.7 ppm), M?c kh? gas: An to?n",Auto,OFF,OFF,OFF,OFF,
6/11/2025,18:09:55,29.399,77.912,14.60199,24.89452,17.22705,13.94849,11.52714,0.14096,An toan,An toan,"Nhi?t ?? 29.4?C, ?? ?m 77.9%, Kh? CO th?p (13.9 ppm), M?c ch?y: An to?n","Kh? CH4 (24.9 ppm), LPG (17.2 ppm), CO (13.9 ppm), M?c kh? gas: An to?n",Auto,OFF,OFF,OFF,OFF,
6/11/2025,18:10:24,30.946,72.886,15.34191,26.6124,17.87099,14.57728,16.9755,0.67433,An toan,An toan,"Nhi?t ?? 30.9?C, ?? ?m 72.9%, Kh? CO th?p (14.6 ppm), M?c ch?y: An to?n","Kh? CH4 (26.6 ppm), LPG (17.9 ppm), CO (14.6 ppm), M?c kh? gas: An to?n",Auto,OFF,OFF,OFF,OFF,
6/11/2025,18:12:08,30.345,77.273,14.37431,26.74684,17.08649,13.45202,28.29961,0.34584,An toan,An toan,"Nhi?t ?? 30.3?C, ?? ?m 77.3%, Kh? CO th?p (13.5 ppm), M?c ch?y: An to?n","Kh? CH4 (26.7 ppm), LPG (17.1 ppm), CO (13.5 ppm), M?c kh? gas: An to?n",Auto,OFF,OFF,OFF,OFF,
6/11/2025,18:13:49,30.506,79.035,15.01287,24.092,17.37307,14.34437,19.87878,0.58215,An toan,An toan,"Nhi?t ?? 30.5?C, ?? ?m 79.0%, Kh? CO th?p (14.3 ppm), M?c ch?y: An to?n","Kh? CH4 (24.1 ppm), LPG (17.4 ppm), CO (14.3 ppm), M?c kh? gas: An to?n",Auto,OFF,OFF,OFF,OFF,
6/11/2025,18:15:16,30.249,70.765,14.51389,25.09785,19.60563,14.73182,18.7426,0.93052,An toan,An toan,"Nhi?t ?? 30.2?C, ?? ?m 70.8%, Kh? CO th?p (14.7 ppm), M?c ch?y: An to?n","Kh? CH4 (25.1 ppm), LPG (19.6 ppm), CO (14.7 ppm), M?c kh? gas: An to?n",Auto,OFF,OFF,OFF,OFF,
6/11/2025,18:27:07,30.098,72.303,14.9607,25.47317,17.33865,13.76356,13.33799,0.43357,An toan,An toan,"Nhi?t ?? 30.1?C, ?? ?m 72.3%, Kh? CO th?p (13.8 ppm), M?c ch?y: An to?n","Kh? CH4 (25.5 ppm), LPG (17.3 ppm), CO (13.8 ppm), M?c kh? gas: An to?n",Auto,OFF,OFF,OFF,OFF,
6/11/2025,18:31:40,30.483,72.941,14.92357,26.79857,19.37177,14.23209,28.37711,0.53653,An toan,An toan,"Nhi?t ?? 30.5?C, ?? ?m 72.9%, Kh? CO th?p (14.2 ppm), M?c ch?y: An to?n","Kh? CH4 (26.8 ppm), LPG (19.4 ppm), CO (14.2 ppm), M?c kh? gas: An to?n",Auto,OFF,OFF,OFF,OFF,
6/11/2025,18:32:41,30.733,71.61,15.21929,25.93298,18.68256,13.86245,26.31195,0.54111,An toan,An toan,"Nhi?t ?? 30.7?C, ?? ?m 71.6%, Kh? CO th?p (13.9 ppm), M?c ch?y: An to?n","Kh? CH4 (25.9 ppm), LPG (18.7 ppm), CO (13.9 ppm), M?c kh? gas: An to?n",Auto,OFF,OFF,OFF,OFF,
6/11/2025,18:33:20,29.201,71.764,14.12438,25.01195,17.13286,13.26211,29.30375,0.38724,An toan,An toan,"Nhi?t ?? 29.2?C, ?? ?m 71.8%, Kh? CO th?p (13.3 ppm), M?c ch?y: An to?n","Kh? CH4 (25.0 ppm), LPG (17.1 ppm), CO (13.3 ppm), M?c kh? gas: An to?n",Auto,OFF,OFF,OFF,OFF,
6/11/2025,18:34:37,30.522,75.107,14.88296,25.15598,19.95049,14.07951,25.37669,0.97625,An toan,An toan,"Nhi?t ?? 30.5?C, ?? ?m 75.1%, Kh? CO th?p (14.1 ppm), M?c ch?y: An to?n","Kh? CH4 (25.2 ppm), LPG (20.0 ppm), CO (14.1 ppm), M?c kh? gas: An to?n",Auto,OFF,OFF,OFF,OFF,
6/11/2025,18:34:40,29.66,71.978,15.54108,24.12617,18.75882,14.71844,25.44863,0.25728,An toan,An toan,"Nhi?t ?? 29.7?C, ?? ?m 72.0%, Kh? CO th?p (14.7 ppm), M?c ch?y: An to?n","Kh? CH4 (24.1 ppm), LPG (18.8 ppm), CO (14.7 ppm), M?c kh? gas: An to?n",Auto,OFF,OFF,OFF,OFF,
6/11/2025,18:41:03,29.672,73.233,15.84763,25.19825,18.50177,14.95574,19.6357,0.10604,An toan,An toan,"Nhi?t ?? 29.7?C, ?? ?m 73.2%, Kh? CO th?p (15.0 ppm), M?c ch?y: An to?n","Kh? CH4 (25.2 ppm), LPG (18.5 ppm), CO (15.0 ppm), M?c kh? gas: An to?n",Auto,OFF,OFF,OFF,OFF,
6/11/2025,18:42:23,29.962,71.483,14.4243,24.53388,19.79127,14.76243,21.41182,0.60376,An toan,An toan,"Nhi?t ?? 30.0?C, ?? ?m 71.5%, Kh? CO th?p (14.8 ppm), M?c ch?y: An to?n","Kh? CH4 (24.5 ppm), LPG (19.8 ppm), CO (14.8 ppm), M?c kh? gas: An to?n",Auto,OFF,OFF,OFF,OFF,
6/11/2025,18:49:31,30.921,72.027,15.32131,26.44979,17.09642,14.61672,18.55673,0.37173,An toan,An toan,"Nhi?t ?? 30.9?C, ?? ?m 72.0%, Kh? CO th?p (14.6 ppm), M?c ch?y: An to?n","Kh? CH4 (26.4 ppm), LPG (17.1 ppm), CO (14.6 ppm), M?c kh? gas: An to?n",Auto,OFF,OFF,OFF,OFF,
6/11/2025,18:55:20,29.651,78.473,15.37274,26.38921,19.12855,14.89286,15.31143,0.11524,An toan,An toan,"Nhi?t ?? 29.7?C, ?? ?m 78.5%, Kh? CO th?p (14.9 ppm), M?c ch?y: An to?n","Kh? CH4 (26.4 ppm), LPG (19.1 ppm), CO (14.9 ppm), M?c kh? gas: An to?n",Auto,OFF,OFF,OFF,OFF,
6/11/2025,18:55:47,30.252,74.882,15.80476,26.16408,19.70086,14.96339,13.66979,0.88538,An toan,An toan,"Nhi?t ?? 30.3?C, ?? ?m 74.9%, Kh? CO th?p (15.0 ppm), M?c ch?y: An to?n","Kh? CH4 (26.2 ppm), LPG (19.7 ppm), CO (15.0 ppm), M?c kh? gas: An to?n",Auto,OFF,OFF,OFF,OFF,
6/11/2025,18:55:57,30.667,79.796,14.19103,26.99101,18.3484,13.89353,22.58714,0.8592,An toan,An toan,"Nhi?t ?? 30.7?C, ?? ?m 79.8%, Kh? CO th?p (13.9 ppm), M?c ch?y: An to?n","Kh? CH4 (27.0 ppm), LPG (18.3 ppm), CO (13.9 ppm), M?c kh? gas: An to?n",Auto,OFF,OFF,OFF,OFF,
6/11/2025,18:58:34,29.356,73.906,14.0252,26.76791,19.4575,14.04453,19.71199,0.4728,An toan,An toan,"Nhi?t ?? 29.4?C, ?? ?m 73.9%, Kh? CO th?p (14.0 ppm), M?c ch?y: An to?n","Kh? CH4 (26.8 ppm), LPG (19.5 ppm), CO (14.0 ppm), M?c kh? gas: An to?n",Auto,OFF,OFF,OFF,OFF,
6/11/2025,19:02:05,29.639,73.835,14.14958,25.6455,19.16608,14.69905,21.40362,0.36713,An toan,An toan,"Nhi?t ?? 29.6?C, ?? ?m 73.8%, Kh? CO th?p (14.7 ppm), M?c ch?y: An to?n","Kh? CH4 (25.6 ppm), LPG (19.2 ppm), CO (14.7 ppm), M?c kh? gas: An to?n",Auto,OFF,OFF,OFF,OFF,
6/11/2025,19:09:59,29.422,75.931,14.78504,24.23347,18.78624,14.24068,25.36804,0.16127,An toan,An toan,"Nhi?t ?? 29.4?C, ?? ?m 75.9%, Kh? CO th?p (14.2 ppm), M?c ch?y: An to?n","Kh? CH4 (24.2 ppm), LPG (18.8 ppm), CO (14.2 ppm), M?c kh? gas: An to?n",Auto,OFF,OFF,OFF,OFF,
6/11/2025,19:12:13,30.59,79.896,15.2764,24.02686,18.47893,13.29504,26.55813,0.53232,An toan,An toan,"Nhi?t ?? 30.6?C, ?? ?m 79.9%, Kh? CO th?p (13.3 ppm), M?c ch?y: An to?n","Kh? CH4 (24.0 ppm), LPG (18.5 ppm), CO (13.3 ppm), M?c kh? gas: An to?n",Auto,OFF,OFF,OFF,OFF,
6/11/2025,19:12:20,29.348,77.376,14.00439,26.29217,18.85727,14.61319,11.11095,0.21934,An toan,An toan,"Nhi?t ?? 29.3?C, ?? ?m 77.4%, Kh? CO th?p (14.6 ppm), M?c ch?y: An to?n","Kh? CH4 (26.3 ppm), LPG (18.9 ppm), CO (14.6 ppm), M?c kh? gas: An to?n",Auto,OFF,OFF,OFF,OFF,
6/11/2025,19:14:08,29.814,77.359,15.55928,26.63547,17.30442,14.95284,29.93957,0.72622,An toan,An toan,"Nhi?t ?? 29.8?C, ?? ?m 77.4%, Kh? CO th?p (15.0 ppm), M?c ch?y: An to?n","Kh? CH4 (26.6 ppm), LPG (17.3 ppm), CO (15.0 ppm), M?c kh? gas: An to?n",Auto,OFF,OFF,OFF,OFF,
6/11/2025,19:16:18,29.699,75.456,15.70466,24.11773,19.15437,13.30198,18.301,0.48461,An toan,An toan,"Nhi?t ?? 29.7?C, ?? ?m 75.5%, Kh? CO th?p (13.3 ppm), M?c ch?y: An to?n","Kh? CH4 (24.1 ppm), LPG (19.2 ppm), CO (13.3 ppm), M?c kh? gas: An to?n",Auto,OFF,OFF,OFF,OFF,
6/11/2025,19:16:49,29.005,75.37,15.45396,25.72228,18.98376,14.92826,25.62876,0.45077,An toan,An toan,"Nhi?t ?? 29.0?C, ?? ?m 75.4%, Kh? CO th?p (14.9 ppm), M?c ch?y: An to?n","Kh? CH4 (25.7 ppm), LPG (19.0 ppm), CO (14.9 ppm), M?c kh? gas: An to?n",Auto,OFF,OFF,OFF,OFF,
6/11/2025,19:18:36,29.539,79.11,14.93695,26.90052,19.6755,13.35543,17.98037,0.49766,An toan,An toan,"Nhi?t ?? 29.5?C, ?? ?m 79.1%, Kh? CO th?p (13.4 ppm), M?c ch?y: An to?n","Kh? CH4 (26.9 ppm), LPG (19.7 ppm), CO (13.4 ppm), M?c kh? gas: An to?n",Auto,OFF,OFF,OFF,OFF,
6/11/2025,19:20:26,29.882,71.196,14.98033,25.89603,18.9595,13.74004,26.35049,0.9729,An toan,An toan,"Nhi?t ?? 29.9?C, ?? ?m 71.2%, Kh? CO th?p (13.7 ppm), M?c ch?y: An to?n","Kh? CH4 (25.9 ppm), LPG (19.0 ppm), CO (13.7 ppm), M?c kh? gas: An to?n",Auto,OFF,OFF,OFF,OFF,
6/11/2025,19:21:46,29.131,77.913,15.06489,24.32908,17.20294,13.81587,16.60625,0.18599,An toan,An toan,"Nhi?t ?? 29.1?C, ?? ?m 77.9%, Kh? CO th?p (13.8 ppm), M?c ch?y: An to?n","Kh? CH4 (24.3 ppm), LPG (17.2 ppm), CO (13.8 ppm), M?c kh? gas: An to?n",Auto,OFF,OFF,OFF,OFF,
6/11/2025,19:27:11,29.722,77.102,14.54121,26.56291,19.46017,14.72149,23.19696,0.10162,An toan,An toan,"Nhi?t ?? 29.7?C, ?? ?m 77.1%, Kh? CO th?p (14.7 ppm), M?c ch?y: An to?n","Kh? CH4 (26.6 ppm), LPG (19.5 ppm), CO (14.7 ppm), M?c kh? gas: An to?n",Auto,OFF,OFF,OFF,OFF,
6/11/2025,19:28:07,29.443,72.946,14.13817,24.60201,19.35048,14.85925,11.5401,0.40472,An toan,An toan,"Nhi?t ?? 29.4?C, ?? ?m 72.9%, Kh? CO th?p (14.9 ppm), M?c ch?y: An to?n","Kh? CH4 (24.6 ppm), LPG (19.4 ppm), CO (14.9 ppm), M?c kh? gas: An to?n",Auto,OFF,OFF,OFF,OFF,
6/11/2025,19:29:18,30.545,72.885,15.91593,26.24711,19.80521,14.86827,21.11663,0.18249,An toan,An toan,"Nhi?t ?? 30.5?C, ?? ?m 72.9%, Kh? CO th?p (14.9 ppm), M?c ch?y: An to?n","Kh? CH4 (26.2 ppm), LPG (19.8 ppm), CO (14.9 ppm), M?c kh? gas: An to?n",Auto,OFF,OFF,OFF,OFF,
6/11/2025,19:31:05,30.064,73.91,15.37692,26.7739,18.24337,14.08378,23.60128,0.685,An toan,An toan,"Nhi?t ?? 30.1?C, ?? ?m 73.9%, Kh? CO th?p (14.1 ppm), M?c ch?y: An to?n","Kh? CH4 (26.8 ppm), LPG (18.2 ppm), CO (14.1 ppm), M?c kh? gas: An to?n",Auto,OFF,OFF,OFF,OFF,
6/11/2025,19:38:30,30.558,71.255,14.70674,26.6469,18.19693,13.12164,20.60333,0.62534,An toan,An toan,"Nhi?t ?? 30.6?C, ?? ?m 71.3%, Kh? CO th?p (13.1 ppm), M?c ch?y: An to?n","Kh? CH4 (26.6 ppm), LPG (18.2 ppm), CO (13.1 ppm), M?c kh? gas: An to?n",Auto,OFF,OFF,OFF,OFF,
6/11/2025,19:43:05,30.94,79.792,15.29245,24.02842,18.22253,13.56055,24.82428,0.74857,An toan,An toan,"Nhi?t ?? 30.9?C, ?? ?m 79.8%, Kh? CO th?p (13.6 ppm), M?c ch?y: An to?n","Kh? CH4 (24.0 ppm), LPG (18.2 ppm), CO (13.6 ppm), M?c kh? gas: An to?n",Auto,OFF,OFF,OFF,OFF,
6/11/2025,19:44:04,29.54,74.641,14.41954,25.82849,18.65298,14.76725,29.03995,0.11625,An toan,An toan,"Nhi?t ?? 29.5?C, ?? ?m 74.6%, Kh? CO th?p (14.8 ppm), M?c ch?y: An to?n","Kh? CH4 (25.8 ppm), LPG (18.7 ppm), CO (14.8 ppm), M?c kh? gas: An to?n",Auto,OFF,OFF,OFF,OFF,
6/11/2025,19:44:56,30.144,79.979,15.03626,26.39093,19.40965,13.77776,26.69072,0.87041,An toan,An toan,"Nhi?t ?? 30.1?C, ?? ?m 80.0%, Kh? CO th?p (13.8 ppm), M?c ch?y: An to?n","Kh? CH4 (26.4 ppm), LPG (19.4 ppm), CO (13.8 ppm), M?c kh? gas: An to?n",Auto,OFF,OFF,OFF,OFF,
6/11/2025,19:46:30,30.939,71.908,14.90589,25.6777,18.92822,13.76663,29.66431,0.4975,An toan,An toan,"Nhi?t ?? 30.9?C, ?? ?m 71.9%, Kh? CO th?p (13.8 ppm), M?c ch?y: An to?n","Kh? CH4 (25.7 ppm), LPG (18.9 ppm), CO (13.8 ppm), M?c kh? gas: An to?n",Auto,OFF,OFF,OFF,OFF,
6/11/2025,19:55:22,30.572,75.713,14.04191,26.23675,17.8167,13.17097,25.62628,0.75502,An toan,An toan,"Nhi?t ?? 30.6?C, ?? ?m 75.7%, Kh? CO th?p (13.2 ppm), M?c ch?y: An to?n","Kh? CH4 (26.2 ppm), LPG (17.8 ppm), CO (13.2 ppm), M?c kh? gas: An to?n",Auto,OFF,OFF,OFF,OFF,
6/11/2025,20:00:53,30.27,70.199,14.61386,26.22478,18.9162,14.09257,22.32874,0.95865,An toan,An toan,"Nhi?t ?? 30.3?C, ?? ?m 70.2%, Kh? CO th?p (14.1 ppm), M?c ch?y: An to?n","Kh? CH4 (26.2 ppm), LPG (18.9 ppm), CO (14.1 ppm), M?c kh? gas: An to?n",Auto,OFF,OFF,OFF,OFF,
6/11/2025,20:07:08,29.761,74.926,15.00683,24.99947,19.17949,13.03295,28.5307,0.85922,An toan,An toan,"Nhi?t ?? 29.8?C, ?? ?m 74.9%, Kh? CO th?p (13.0 ppm), M?c ch?y: An to?n","Kh? CH4 (25.0 ppm), LPG (19.2 ppm), CO (13.0 ppm), M?c kh? gas: An to?n",Auto,OFF,OFF,OFF,OFF,
6/11/2025,20:07:40,29.026,71.698,14.79641,24.19374,19.94972,14.22894,25.88606,0.74041,An toan,An toan,"Nhi?t ?? 29.0?C, ?? ?m 71.7%, Kh? CO th?p (14.2 ppm), M?c ch?y: An to?n","Kh? CH4 (24.2 ppm), LPG (19.9 ppm), CO (14.2 ppm), M?c kh? gas: An to?n",Auto,OFF,OFF,OFF,OFF,
6/11/2025,20:12:58,30.198,72.711,14.33925,24.43825,17.99262,14.89341,12.49817,0.40087,An toan,An toan,"Nhi?t ?? 30.2?C, ?? ?m 72.7%, Kh? CO th?p (14.9 ppm), M?c ch?y: An to?n","Kh? CH4 (24.4 ppm), LPG (18.0 ppm), CO (14.9 ppm), M?c kh? gas: An to?n",Auto,OFF,OFF,OFF,OFF,
6/11/2025,20:13:57,29.348,78.689,14.13782,25.2723,17.3021,13.3256,29.93523,0.43775,An toan,An toan,"Nhi?t ?? 29.3?C, ?? ?m 78.7%, Kh? CO th?p (13.3 ppm), M?c ch?y: An to?n","Kh? CH4 (25.3 ppm), LPG (17.3 ppm), CO (13.3 ppm), M?c kh? gas: An to?n",Auto,OFF,OFF,OFF,OFF,
6/11/2025,20:14:09,30.064,70.355,14.57625,26.94489,18.75854,14.79105,15.18471,0.88162,An toan,An toan,"Nhi?t ?? 30.1?C, ?? ?m 70.4%, Kh? CO th?p (14.8 ppm), M?c ch?y: An to?n","Kh? CH4 (26.9 ppm), LPG (18.8 ppm), CO (14.8 ppm), M?c kh? gas: An to?n",Auto,OFF,OFF,OFF,OFF,
6/11/2025,20:16:16,29.813,78.609,15.59167,25.66109,17.75735,14.05381,21.51154,0.87222,An toan,An toan,"Nhi?t ?? 29.8?C, ?? ?m 78.6%, Kh? CO th?p (14.1 ppm), M?c ch?y: An to?n","Kh? CH4 (25.7 ppm), LPG (17.8 ppm), CO (14.1 ppm), M?c kh? gas: An to?n",Auto,OFF,OFF,OFF,OFF,
6/11/2025,20:17:18,29.316,72.86,14.20191,24.40988,17.41737,14.34957,13.6561,0.69274,An toan,An toan,"Nhi?t ?? 29.3?C, ?? ?m 72.9%, Kh? CO th?p (14.3 ppm), M?c ch?y: An to?n","Kh? CH4 (24.4 ppm), LPG (17.4 ppm), CO (14.3 ppm), M?c kh? gas: An to?n",Auto,OFF,OFF,OFF,OFF,
6/11/2025,20:21:00,29.861,73.502,15.10057,25.88722,19.94239,14.49131,13.14681,0.96526,An toan,An toan,"Nhi?t ?? 29.9?C, ?? ?m 73.5%, Kh? CO th?p (14.5 ppm), M?c ch?y: An to?n","Kh? CH4 (25.9 ppm), LPG (19.9 ppm), CO (14.5 ppm), M?c kh? gas: An to?n",Auto,OFF,OFF,OFF,OFF,
6/11/2025,20:21:12,30.936,77.363,14.62813,25.71127,19.95325,14.7765,10.12243,0.52535,An toan,An toan,"Nhi?t ?? 30.9?C, ?? ?m 77.4%, Kh? CO th?p (14.8 ppm), M?c ch?y: An to?n","Kh? CH4 (25.7 ppm), LPG (20.0 ppm), CO (14.8 ppm), M?c kh? gas: An to?n",Auto,OFF,OFF,OFF,OFF,
6/11/2025,20:21:20,29.721,70.864,14.70023,26.93226,19.47936,13.50722,16.03321,0.56979,An toan,An toan,"Nhi?t ?? 29.7?C, ?? ?m 70.9%, Kh? CO th?p (13.5 ppm), M?c ch?y: An to?n","Kh? CH4 (26.9 ppm), LPG (19.5 ppm), CO (13.5 ppm), M?c kh? gas: An to?n",Auto,OFF,OFF,OFF,OFF,
6/11/2025,20:24:28,29.908,77.071,14.27991,26.19748,19.29429,14.68844,14.41176,0.22898,An toan,An toan,"Nhi?t ?? 29.9?C, ?? ?m 77.1%, Kh? CO th?p (14.7 ppm), M?c ch?y: An to?n","Kh? CH4 (26.2 ppm), LPG (19.3 ppm), CO (14.7 ppm), M?c kh? gas: An to?n",Auto,OFF,OFF,OFF,OFF,
6/11/2025,20:32:50,29.386,72.651,14.66724,24.16959,19.03054,13.25065,14.86255,0.21968,An toan,An toan,"Nhi?t ?? 29.4?C, ?? ?m 72.7%, Kh? CO th?p (13.3 ppm), M?c ch?y: An to?n","Kh? CH4 (24.2 ppm), LPG (19.0 ppm), CO (13.3 ppm), M?c kh? gas: An to?n",Auto,OFF,OFF,OFF,OFF,
6/11/2025,20:36:51,30.527,72.317,14.53874,26.00328,19.70881,14.8736,22.83391,0.20348,An toan,An toan,"Nhi?t ?? 30.5?C, ?? ?m 72.3%, Kh? CO th?p (14.9 ppm), M?c ch?y: An to?n","Kh? CH4 (26.0 ppm), LPG (19.7 ppm), CO (14.9 ppm), M?c kh? gas: An to?n",Auto,OFF,OFF,OFF,OFF,
6/11/2025,20:37:51,29.736,78.476,14.01845,26.93654,18.27647,14.90076,14.02384,0.35646,An toan,An toan,"Nhi?t ?? 29.7?C, ?? ?m 78.5%, Kh? CO th?p (14.9 ppm), M?c ch?y: An to?n","Kh? CH4 (26.9 ppm), LPG (18.3 ppm), CO (14.9 ppm), M?c kh? gas: An to?n",Auto,OFF,OFF,OFF,OFF,
6/11/2025,20:38:53,30.424,71.885,14.52402,24.07272,18.02298,14.11637,27.07719,0.87649,An toan,An toan,"Nhi?t ?? 30.4?C, ?? ?m 71.9%, Kh? CO th?p (14.1 ppm), M?c ch?y: An to?n","Kh? CH4 (24.1 ppm), LPG (18.0 ppm), CO (14.1 ppm), M?c kh? gas: An to?n",Auto,OFF,OFF,OFF,OFF,
6/11/2025,20:41:16,29.064,71.368,14.55332,25.31472,18.76164,13.54468,22.10928,0.17374,An toan,An toan,"Nhi?t ?? 29.1?C, ?? ?m 71.4%, Kh? CO th?p (13.5 ppm), M?c ch?y: An to?n","Kh? CH4 (25.3 ppm), LPG (18.8 ppm), CO (13.5 ppm), M?c kh? gas: An to?n",Auto,OFF,OFF,OFF,OFF,
6/11/2025,20:51:04,29.66,78.972,15.30535,24.20008,17.47301,13.171,27.33233,0.19,An toan,An toan,"Nhi?t ?? 29.7?C, ?? ?m 79.0%, Kh? CO th?p (13.2 ppm), M?c ch?y: An to?n","Kh? CH4 (24.2 ppm), LPG (17.5 ppm), CO (13.2 ppm), M?c kh? gas: An to?n",Auto,OFF,OFF,OFF,OFF,
6/11/2025,20:51:26,30.708,74.977,14.19659,24.76536,17.09623,14.35508,19.50013,0.98547,An toan,An toan,"Nhi?t ?? 30.7?C, ?? ?m 75.0%, Kh? CO th?p (14.4 ppm), M?c ch?y: An to?n","Kh? CH4 (24.8 ppm), LPG (17.1 ppm), CO (14.4 ppm), M?c kh? gas: An to?n",Auto,OFF,OFF,OFF,OFF,
6/11/2025,20:59:53,30.553,72.876,14.69809,24.1659,18.33812,13.04211,18.89639,0.62832,An toan,An toan,"Nhi?t ?? 30.6?C, ?? ?m 72.9%, Kh? CO th?p (13.0 ppm), M?c ch?y: An to?n","Kh? CH4 (24.2 ppm), LPG (18.3 ppm), CO (13.0 ppm), M?c kh? gas: An to?n",Auto,OFF,OFF,OFF,OFF,
6/11/2025,21:04:04,30.011,75.459,14.47723,26.05988,17.72719,13.34592,27.79958,0.19017,An toan,An toan,"Nhi?t ?? 30.0?C, ?? ?m 75.5%, Kh? CO th?p (13.3 ppm), M?c ch?y: An to?n","Kh? CH4 (26.1 ppm), LPG (17.7 ppm), CO (13.3 ppm), M?c kh? gas: An to?n",Auto,OFF,OFF,OFF,OFF,
6/11/2025,21:05:24,29.648,76.148,14.81347,25.10043,17.55953,14.60794,22.80857,0.41083,An toan,An toan,"Nhi?t ?? 29.6?C, ?? ?m 76.1%, Kh? CO th?p (14.6 ppm), M?c ch?y: An to?n","Kh? CH4 (25.1 ppm), LPG (17.6 ppm), CO (14.6 ppm), M?c kh? gas: An to?n",Auto,OFF,OFF,OFF,OFF,
6/11/2025,21:05:43,29.698,79.517,14.68488,25.22604,17.81753,13.41217,22.56095,0.62659,An toan,An toan,"Nhi?t ?? 29.7?C, ?? ?m 79.5%, Kh? CO th?p (13.4 ppm), M?c ch?y: An to?n","Kh? CH4 (25.2 ppm), LPG (17.8 ppm), CO (13.4 ppm), M?c kh? gas: An to?n",Auto,OFF,OFF,OFF,OFF,
6/11/2025,21:09:44,30.698,69.46,14.72664,24.73672,18.6328,14.14815,18.66677,0.95603,An toan,An toan,"Nhi?t ?? 30.7?C, ?? ?m 69.5%, Kh? CO th?p (14.1 ppm), M?c ch?y: An to?n","Kh? CH4 (24.7 ppm), LPG (18.6 ppm), CO (14.1 ppm), M?c kh? gas: An to?n",Auto,OFF,OFF,OFF,OFF,
6/11/2025,21:11:58,29.365,79.941,15.10647,25.92213,19.65848,13.9798,18.00472,0.94885,An toan,An toan,"Nhi?t ?? 29.4?C, ?? ?m 79.9%, Kh? CO th?p (14.0 ppm), M?c ch?y: An to?n","Kh? CH4 (25.9 ppm), LPG (19.7 ppm), CO (14.0 ppm), M?c kh? gas: An to?n",Auto,OFF,OFF,OFF,OFF,
6/11/2025,21:13:15,30.116,70.558,14.01869,24.2588,19.22786,13.59732,20.97442,0.21222,An toan,An toan,"Nhi?t ?? 30.1?C, ?? ?m 70.6%, Kh? CO th?p (13.6 ppm), M?c ch?y: An to?n","Kh? CH4 (24.3 ppm), LPG (19.2 ppm), CO (13.6 ppm), M?c kh? gas: An to?n",Auto,OFF,OFF,OFF,OFF,
6/11/2025,21:16:03,30.233,70.546,14.21084,24.3893,19.2148,13.55037,26.11025,0.56596,An toan,An toan,"Nhi?t ?? 30.2?C, ?? ?m 70.5%, Kh? CO th?p (13.6 ppm), M?c ch?y: An to?n","Kh? CH4 (24.4 ppm), LPG (19.2 ppm), CO (13.6 ppm), M?c kh? gas: An to?n",Auto,OFF,OFF,OFF,OFF,
6/11/2025,21:24:31,30.979,75.367,14.88398,26.47342,17.81721,14.50838,25.23107,0.56791,An toan,An toan,"Nhi?t ?? 31.0?C, ?? ?m 75.4%, Kh? CO th?p (14.5 ppm), M?c ch?y: An to?n","Kh? CH4 (26.5 ppm), LPG (17.8 ppm), CO (14.5 ppm), M?c kh? gas: An to?n",Auto,OFF,OFF,OFF,OFF,
6/11/2025,21:25:19,29.173,79.679,14.84022,24.78106,19.35239,13.0014,24.5872,0.24118,An toan,An toan,"Nhi?t ?? 29.2?C, ?? ?m 79.7%, Kh? CO th?p (13.0 ppm), M?c ch?y: An to?n","Kh? CH4 (24.8 ppm), LPG (19.4 ppm), CO (13.0 ppm), M?c kh? gas: An to?n",Auto,OFF,OFF,OFF,OFF,
6/11/2025,21:30:39,29.097,72.682,15.25093,26.35535,17.1588,13.76467,27.36959,0.25986,An toan,An toan,"Nhi?t ?? 29.1?C, ?? ?m 72.7%, Kh? CO th?p (13.8 ppm), M?c ch?y: An to?n","Kh? CH4 (26.4 ppm), LPG (17.2 ppm), CO (13.8 ppm), M?c kh? gas: An to?n",Auto,OFF,OFF,OFF,OFF,
6/11/2025,21:30:44,30.578,74.768,15.37971,25.40526,19.51354,13.76456,20.77559,0.40305,An toan,An toan,"Nhi?t ?? 30.6?C, ?? ?m 74.8%, Kh? CO th?p (13.8 ppm), M?c ch?y: An to?n","Kh? CH4 (25.4 ppm), LPG (19.5 ppm), CO (13.8 ppm), M?c kh? gas: An to?n",Auto,OFF,OFF,OFF,OFF,
6/11/2025,21:31:22,30.072,73.152,14.56757,25.67186,19.63138,13.29297,14.48421,0.37475,An toan,An toan,"Nhi?t ?? 30.1?C, ?? ?m 73.2%, Kh? CO th?p (13.3 ppm), M?c ch?y: An to?n","Kh? CH4 (25.7 ppm), LPG (19.6 ppm), CO (13.3 ppm), M?c kh? gas: An to?n",Auto,OFF,OFF,OFF,OFF,
6/11/2025,21:33:35,29.191,77.473,15.05346,24.60745,17.26817,14.30389,14.45839,0.8326,An toan,An toan,"Nhi?t ?? 29.2?C, ?? ?m 77.5%, Kh? CO th?p (14.3 ppm), M?c ch?y: An to?n","Kh? CH4 (24.6 ppm), LPG (17.3 ppm), CO (14.3 ppm), M?c kh? gas: An to?n",Auto,OFF,OFF,OFF,OFF,
6/11/2025,21:41:11,29.091,69.839,15.86242,24.7024,19.15708,14.7961,28.84958,0.2178,An toan,An toan,"Nhi?t ?? 29.1?C, ?? ?m 69.8%, Kh? CO th?p (14.8 ppm), M?c ch?y: An to?n","Kh? CH4 (24.7 ppm), LPG (19.2 ppm), CO (14.8 ppm), M?c kh? gas: An to?n",Auto,OFF,OFF,OFF,OFF,
6/11/2025,21:46:16,29.91,79.64,14.09933,25.24328,19.10231,14.76799,10.34087,0.65233,An toan,An toan,"Nhi?t ?? 29.9?C, ?? ?m 79.6%, Kh? CO th?p (14.8 ppm), M?c ch?y: An to?n","Kh? CH4 (25.2 ppm), LPG (19.1 ppm), CO (14.8 ppm), M?c kh? gas: An to?n",Auto,OFF,OFF,OFF,OFF,
6/11/2025,21:47:24,29.189,75.054,15.71952,25.12003,18.72227,14.63153,18.73346,0.51603,An toan,An toan,"Nhi?t ?? 29.2?C, ?? ?m 75.1%, Kh? CO th?p (14.6 ppm), M?c ch?y: An to?n","Kh? CH4 (25.1 ppm), LPG (18.7 ppm), CO (14.6 ppm), M?c kh? gas: An to?n",Auto,OFF,OFF,OFF,OFF,
6/11/2025,21:53:24,30.147,77.83,14.29577,25.77094,17.79729,13.64464,12.62198,0.42748,An toan,An toan,"Nhi?t ?? 30.1?C, ?? ?m 77.8%, Kh? CO th?p (13.6 ppm), M?c ch?y: An to?n","Kh? CH4 (25.8 ppm), LPG (17.8 ppm), CO (13.6 ppm), M?c kh? gas: An to?n",Auto,OFF,OFF,OFF,OFF,
6/11/2025,21:54:58,30.706,78.193,15.76297,24.30466,18.75297,14.07967,16.61184,0.2249,An toan,An toan,"Nhi?t ?? 30.7?C, ?? ?m 78.2%, Kh? CO th?p (14.1 ppm), M?c ch?y: An to?n","Kh? CH4 (24.3 ppm), LPG (18.8 ppm), CO (14.1 ppm), M?c kh? gas: An to?n",Auto,OFF,OFF,OFF,OFF,
6/11/2025,21:55:02,30.338,69.585,14.92538,25.49787,18.51839,14.93897,29.26288,0.71331,An toan,An toan,"Nhi?t ?? 30.3?C, ?? ?m 69.6%, Kh? CO th?p (14.9 ppm), M?c ch?y: An to?n","Kh? CH4 (25.5 ppm), LPG (18.5 ppm), CO (14.9 ppm), M?c kh? gas: An to?n",Auto,OFF,OFF,OFF,OFF,
6/11/2025,21:58:45,30.585,76.311,14.72356,24.03043,19.9667,14.93927,20.12358,0.93544,An toan,An toan,"Nhi?t ?? 30.6?C, ?? ?m 76.3%, Kh? CO th?p (14.9 ppm), M?c ch?y: An to?n","Kh? CH4 (24.0 ppm), LPG (20.0 ppm), CO (14.9 ppm), M?c kh? gas: An to?n",Auto,OFF,OFF,OFF,OFF,
6/11/2025,22:04:20,29.058,79.213,15.42017,26.96172,17.16032,14.57905,22.61292,0.36101,An toan,An toan,"Nhi?t ?? 29.1?C, ?? ?m 79.2%, Kh? CO th?p (14.6 ppm), M?c ch?y: An to?n","Kh? CH4 (27.0 ppm), LPG (17.2 ppm), CO (14.6 ppm), M?c kh? gas: An to?n",Auto,OFF,OFF,OFF,OFF,
6/11/2025,22:06:51,30.574,69.748,14.91683,25.59666,18.11429,14.52796,15.76786,0.92529,An toan,An toan,"Nhi?t ?? 30.6?C, ?? ?m 69.7%, Kh? CO th?p (14.5 ppm), M?c ch?y: An to?n","Kh? CH4 (25.6 ppm), LPG (18.1 ppm), CO (14.5 ppm), M?c kh? gas: An to?n",Auto,OFF,OFF,OFF,OFF,
6/11/2025,22:07:52,29.065,72.224,15.74069,26.60907,18.07868,14.03121,24.73266,0.91566,An toan,An toan,"Nhi?t ?? 29.1?C, ?? ?m 72.2%, Kh? CO th?p (14.0 ppm), M?c ch?y: An to?n","Kh? CH4 (26.6 ppm), LPG (18.1 ppm), CO (14.0 ppm), M?c kh? gas: An to?n",Auto,OFF,OFF,OFF,OFF,
6/11/2025,22:12:15,30.025,73.834,14.72123,26.02173,17.44206,14.46128,29.54104,0.23207,An toan,An toan,"Nhi?t ?? 30.0?C, ?? ?m 73.8%, Kh? CO th?p (14.5 ppm), M?c ch?y: An to?n","Kh? CH4 (26.0 ppm), LPG (17.4 ppm), CO (14.5 ppm), M?c kh? gas: An to?n",Auto,OFF,OFF,OFF,OFF,
6/11/2025,22:17:49,30.084,75.788,15.42487,26.61679,18.11944,14.68849,18.54542,0.23376,An toan,An toan,"Nhi?t ?? 30.1?C, ?? ?m 75.8%, Kh? CO th?p (14.7 ppm), M?c ch?y: An to?n","Kh? CH4 (26.6 ppm), LPG (18.1 ppm), CO (14.7 ppm), M?c kh? gas: An to?n",Auto,OFF,OFF,OFF,OFF,
6/11/2025,22:18:42,30.513,74.988,14.44531,26.30518,19.91063,13.49937,17.61674,0.36586,An toan,An toan,"Nhi?t ?? 30.5?C, ?? ?m 75.0%, Kh? CO th?p (13.5 ppm), M?c ch?y: An to?n","Kh? CH4 (26.3 ppm), LPG (19.9 ppm), CO (13.5 ppm), M?c kh? gas: An to?n",Auto,OFF,OFF,OFF,OFF,
6/11/2025,22:18:45,29.802,78.683,14.73853,26.88408,18.04021,13.00549,17.53999,0.40398,An toan,An toan,"Nhi?t ?? 29.8?C, ?? ?m 78.7%, Kh? CO th?p (13.0 ppm), M?c ch?y: An to?n","Kh? CH4 (26.9 ppm), LPG (18.0 ppm), CO (13.0 ppm), M?c kh? gas: An to?n",Auto,OFF,OFF,OFF,OFF,
6/11/2025,22:21:55,30.83,70.766,14.31283,24.36875,19.32488,13.13762,17.86151,0.11454,An toan,An toan,"Nhi?t ?? 30.8?C, ?? ?m 70.8%, Kh? CO th?p (13.1 ppm), M?c ch?y: An to?n","Kh? CH4 (24.4 ppm), LPG (19.3 ppm), CO (13.1 ppm), M?c kh? gas: An to?n",Auto,OFF,OFF,OFF,OFF,
6/11/2025,22:25:02,29.782,73.456,15.81956,24.51338,19.69727,13.43874,10.78873,0.90828,An toan,An toan,"Nhi?t ?? 29.8?C, ?? ?m 73.5%, Kh? CO th?p (13.4 ppm), M?c ch?y: An to?n","Kh? CH4 (24.5 ppm), LPG (19.7 ppm), CO (13.4 ppm), M?c kh? gas: An to?n",Auto,OFF,OFF,OFF,OFF,
6/11/2025,22:27:09,29.652,78.266,15.97219,26.0145,18.93478,14.86042,16.47872,0.89395,An toan,An toan,"Nhi?t ?? 29.7?C, ?? ?m 78.3%, Kh? CO th?p (14.9 ppm), M?c ch?y: An to?n","Kh? CH4 (26.0 ppm), LPG (18.9 ppm), CO (14.9 ppm), M?c kh? gas: An to?n",Auto,OFF,OFF,OFF,OFF,
6/11/2025,22:29:01,29.877,74.264,14.45325,25.7631,17.46948,13.7346,13.78355,0.73867,An toan,An toan,"Nhi?t ?? 29.9?C, ?? ?m 74.3%, Kh? CO th?p (13.7 ppm), M?c ch?y: An to?n","Kh? CH4 (25.8 ppm), LPG (17.5 ppm), CO (13.7 ppm), M?c kh? gas: An to?n",Auto,OFF,OFF,OFF,OFF,
6/11/2025,22:29:09,30.935,71.127,14.82856,25.94955,17.73993,13.0149,16.39766,0.94123,An toan,An toan,"Nhi?t ?? 30.9?C, ?? ?m 71.1%, Kh? CO th?p (13.0 ppm), M?c ch?y: An to?n","Kh? CH4 (25.9 ppm), LPG (17.7 ppm), CO (13.0 ppm), M?c kh? gas: An to?n",Auto,OFF,OFF,OFF,OFF,
6/11/2025,22:30:51,29.884,71.383,14.17457,24.51936,19.78882,13.32638,28.7207,0.35468,An toan,An toan,"Nhi?t ?? 29.9?C, ?? ?m 71.4%, Kh? CO th?p (13.3 ppm), M?c ch?y: An to?n","Kh? CH4 (24.5 ppm), LPG (19.8 ppm), CO (13.3 ppm), M?c kh? gas: An to?n",Auto,OFF,OFF,OFF,OFF,
6/11/2025,22:31:07,30.368,70.965,15.21104,25.56947,18.78464,13.35092,21.85032,0.3413,An toan,An toan,"Nhi?t ?? 30.4?C, ?? ?m 71.0%, Kh? CO th?p (13.4 ppm), M?c ch?y: An to?n","Kh? CH4 (25.6 ppm), LPG (18.8 ppm), CO (13.4 ppm), M?c kh? gas: An to?n",Auto,OFF,OFF,OFF,OFF,
6/11/2025,22:32:07,30.022,75.855,15.96756,25.23352,17.43824,13.41218,11.44776,0.62527,An toan,An toan,"Nhi?t ?? 30.0?C, ?? ?m 75.9%, Kh? CO th?p (13.4 ppm), M?c ch?y: An to?n","Kh? CH4 (25.2 ppm), LPG (17.4 ppm), CO (13.4 ppm), M?c kh? gas: An to?n",Auto,OFF,OFF,OFF,OFF,
6/11/2025,22:41:39,29.212,74.614,14.43967,25.07179,18.54323,13.99956,25.14185,0.99603,An toan,An toan,"Nhi?t ?? 29.2?C, ?? ?m 74.6%, Kh? CO th?p (14.0 ppm), M?c ch?y: An to?n","Kh? CH4 (25.1 ppm), LPG (18.5 ppm), CO (14.0 ppm), M?c kh? gas: An to?n",Auto,OFF,OFF,OFF,OFF,
6/11/2025,22:44:32,29.031,71.333,15.67021,26.88173,18.43325,14.45317,10.64893,0.24797,An toan,An toan,"Nhi?t ?? 29.0?C, ?? ?m 71.3%, Kh? CO th?p (14.5 ppm), M?c ch?y: An to?n","Kh? CH4 (26.9 ppm), LPG (18.4 ppm), CO (14.5 ppm), M?c kh? gas: An to?n",Auto,OFF,OFF,OFF,OFF,
6/11/2025,22:49:53,29.28,79.626,15.65461,25.41626,18.68457,13.91347,16.75627,0.3262,An toan,An toan,"Nhi?t ?? 29.3?C, ?? ?m 79.6%, Kh? CO th?p (13.9 ppm), M?c ch?y: An to?n","Kh? CH4 (25.4 ppm), LPG (18.7 ppm), CO (13.9 ppm), M?c kh? gas: An to?n",Auto,OFF,OFF,OFF,OFF,
6/11/2025,22:52:55,30.456,78.616,15.45453,25.56776,18.29848,14.58689,21.81755,0.31733,An toan,An toan,"Nhi?t ?? 30.5?C, ?? ?m 78.6%, Kh? CO th?p (14.6 ppm), M?c ch?y: An to?n","Kh? CH4 (25.6 ppm), LPG (18.3 ppm), CO (14.6 ppm), M?c kh? gas: An to?n",Auto,OFF,OFF,OFF,OFF,
6/11/2025,22:58:44,29.996,77.378,15.71986,26.05871,17.03362,14.83339,17.62523,0.35867,An toan,An toan,"Nhi?t ?? 30.0?C, ?? ?m 77.4%, Kh? CO th?p (14.8 ppm), M?c ch?y: An to?n","Kh? CH4 (26.1 ppm), LPG (17.0 ppm), CO (14.8 ppm), M?c kh? gas: An to?n",Auto,OFF,OFF,OFF,OFF,
6/11/2025,23:00:59,30.133,76.358,15.42214,25.2521,18.32946,13.87411,26.68563,0.38473,An toan,An toan,"Nhi?t ?? 30.1?C, ?? ?m 76.4%, Kh? CO th?p (13.9 ppm), M?c ch?y: An to?n","Kh? CH4 (25.3 ppm), LPG (18.3 ppm), CO (13.9 ppm), M?c kh? gas: An to?n",Auto,OFF,OFF,OFF,OFF,
6/11/2025,23:06:33,29.497,72.774,14.38719,25.97598,18.53177,13.32985,12.23431,0.79872,An toan,An toan,"Nhi?t ?? 29.5?C, ?? ?m 72.8%, Kh? CO th?p (13.3 ppm), M?c ch?y: An to?n","Kh? CH4 (26.0 ppm), LPG (18.5 ppm), CO (13.3 ppm), M?c kh? gas: An to?n",Auto,OFF,OFF,OFF,OFF,
6/11/2025,23:11:15,30.914,75.11,15.2242,26.77455,19.16146,13.74803,24.53807,0.56511,An toan,An toan,"Nhi?t ?? 30.9?C, ?? ?m 75.1%, Kh? CO th?p (13.7 ppm), M?c ch?y: An to?n","Kh? CH4 (26.8 ppm), LPG (19.2 ppm), CO (13.7 ppm), M?c kh? gas: An to?n",Auto,OFF,OFF,OFF,OFF,
6/11/2025,23:15:17,29.532,75.334,15.42654,26.36594,17.48684,13.9415,28.03075,0.9174,An toan,An toan,"Nhi?t ?? 29.5?C, ?? ?m 75.3%, Kh? CO th?p (13.9 ppm), M?c ch?y: An to?n","Kh? CH4 (26.4 ppm), LPG (17.5 ppm), CO (13.9 ppm), M?c kh? gas: An to?n",Auto,OFF,OFF,OFF,OFF,
6/11/2025,23:19:55,30.056,79.145,14.58869,24.14286,19.34643,14.01817,28.68813,0.3333,An toan,An toan,"Nhi?t ?? 30.1?C, ?? ?m 79.1%, Kh? CO th?p (14.0 ppm), M?c ch?y: An to?n","Kh? CH4 (24.1 ppm), LPG (19.3 ppm), CO (14.0 ppm), M?c kh? gas: An to?n",Auto,OFF,OFF,OFF,OFF,
6/11/2025,23:23:56,30.179,71.089,15.24642,25.51799,18.22378,13.53709,18.91131,0.60113,An toan,An toan,"Nhi?t ?? 30.2?C, ?? ?m 71.1%, Kh? CO th?p (13.5 ppm), M?c ch?y: An to?n","Kh? CH4 (25.5 ppm), LPG (18.2 ppm), CO (13.5 ppm), M?c kh? gas: An to?n",Auto,OFF,OFF,OFF,OFF,
6/11/2025,23:26:05,29.907,71.765,14.19124,25.32424,17.46314,13.71909,15.51644,0.33181,An toan,An toan,"Nhi?t ?? 29.9?C, ?? ?m 71.8%, Kh? CO th?p (13.7 ppm), M?c ch?y: An to?n","Kh? CH4 (25.3 ppm), LPG (17.5 ppm), CO (13.7 ppm), M?c kh? gas: An to?n",Auto,OFF,OFF,OFF,OFF,
6/11/2025,23:27:25,30.591,73.113,15.53323,26.77324,19.55502,14.63518,21.71083,0.92805,An toan,An toan,"Nhi?t ?? 30.6?C, ?? ?m 73.1%, Kh? CO th?p (14.6 ppm), M?c ch?y: An to?n","Kh? CH4 (26.8 ppm), LPG (19.6 ppm), CO (14.6 ppm), M?c kh? gas: An to?n",Auto,OFF,OFF,OFF,OFF,
6/11/2025,23:27:30,30.893,69.282,15.75076,25.22931,19.78995,13.33651,14.26884,0.73649,An toan,An toan,"Nhi?t ?? 30.9?C, ?? ?m 69.3%, Kh? CO th?p (13.3 ppm), M?c ch?y: An to?n","Kh? CH4 (25.2 ppm), LPG (19.8 ppm), CO (13.3 ppm), M?c kh? gas: An to?n",Auto,OFF,OFF,OFF,OFF,
6/11/2025,23:33:33,29.176,72.912,14.37975,25.1355,19.5516,13.69564,26.1189,0.91914,An toan,An toan,"Nhi?t ?? 29.2?C, ?? ?m 72.9%, Kh? CO th?p (13.7 ppm), M?c ch?y: An to?n","Kh? CH4 (25.1 ppm), LPG (19.6 ppm), CO (13.7 ppm), M?c kh? gas: An to?n",Auto,OFF,OFF,OFF,OFF,
6/11/2025,23:34:17,29.748,71.957,14.81069,26.11877,18.9879,14.02686,22.60294,0.13975,An toan,An toan,"Nhi?t ?? 29.7?C, ?? ?m 72.0%, Kh? CO th?p (14.0 ppm), M?c ch?y: An to?n","Kh? CH4 (26.1 ppm), LPG (19.0 ppm), CO (14.0 ppm), M?c kh? gas: An to?n",Auto,OFF,OFF,OFF,OFF,
6/11/2025,23:35:16,29.893,74.01,15.80946,25.59834,17.17455,13.21541,18.48419,0.75233,An toan,An toan,"Nhi?t ?? 29.9?C, ?? ?m 74.0%, Kh? CO th?p (13.2 ppm), M?c ch?y: An to?n","Kh? CH4 (25.6 ppm), LPG (17.2 ppm), CO (13.2 ppm), M?c kh? gas: An to?n",Auto,OFF,OFF,OFF,OFF,
6/11/2025,23:36:07,29.914,75.201,14.72338,26.77726,18.37155,13.87884,14.93052,0.88359,An toan,An toan,"Nhi?t ?? 29.9?C, ?? ?m 75.2%, Kh? CO th?p (13.9 ppm), M?c ch?y: An to?n","Kh? CH4 (26.8 ppm), LPG (18.4 ppm), CO (13.9 ppm), M?c kh? gas: An to?n",Auto,OFF,OFF,OFF,OFF,
6/11/2025,23:39:09,30.99,75.588,14.39318,25.4119,18.36773,14.85879,13.38394,0.33566,An toan,An toan,"Nhi?t ?? 31.0?C, ?? ?m 75.6%, Kh? CO th?p (14.9 ppm), M?c ch?y: An to?n","Kh? CH4 (25.4 ppm), LPG (18.4 ppm), CO (14.9 ppm), M?c kh? gas: An to?n",Auto,OFF,OFF,OFF,OFF,
6/11/2025,23:48:09,30.318,69.592,14.14407,24.51301,17.30957,13.58717,25.28767,0.69471,An toan,An toan,"Nhi?t ?? 30.3?C, ?? ?m 69.6%, Kh? CO th?p (13.6 ppm), M?c ch?y: An to?n","Kh? CH4 (24.5 ppm), LPG (17.3 ppm), CO (13.6 ppm), M?c kh? gas: An to?n",Auto,OFF,OFF,OFF,OFF,
6/11/2025,23:49:40,30.873,76.112,14.23592,26.94541,18.65193,14.69654,27.80303,0.59321,An toan,An toan,"Nhi?t ?? 30.9?C, ?? ?m 76.1%, Kh? CO th?p (14.7 ppm), M?c ch?y: An to?n","Kh? CH4 (26.9 ppm), LPG (18.7 ppm), CO (14.7 ppm), M?c kh? gas: An to?n",Auto,OFF,OFF,OFF,OFF,
6/11/2025,23:49:43,30.774,70.051,15.74024,26.04948,18.99548,14.51417,20.65863,0.47665,An toan,An toan,"Nhi?t ?? 30.8?C, ?? ?m 70.1%, Kh? CO th?p (14.5 ppm), M?c ch?y: An to?n","Kh? CH4 (26.0 ppm), LPG (19.0 ppm), CO (14.5 ppm), M?c kh? gas: An to?n",Auto,OFF,OFF,OFF,OFF,
6/11/2025,23:52:05,29.855,76.559,14.0425,26.27987,17.90465,13.81847,13.30708,0.66033,An toan,An toan,"Nhi?t ?? 29.9?C, ?? ?m 76.6%, Kh? CO th?p (13.8 ppm), M?c ch?y: An to?n","Kh? CH4 (26.3 ppm), LPG (17.9 ppm), CO (13.8 ppm), M?c kh? gas: An to?n",Auto,OFF,OFF,OFF,OFF,
6/11/2025,23:56:22,30.412,78.021,15.32729,24.29329,19.65022,14.61205,11.9149,0.61159,An toan,An toan,"Nhi?t ?? 30.4?C, ?? ?m 78.0%, Kh? CO th?p (14.6 ppm), M?c ch?y: An to?n","Kh? CH4 (24.3 ppm), LPG (19.7 ppm), CO (14.6 ppm), M?c kh? gas: An to?n",Auto,OFF,OFF,OFF,OFF,
6/11/2025,23:57:28,29.559,74.806,15.9378,26.77435,19.04039,14.30408,23.30558,0.83267,An toan,An toan,"Nhi?t ?? 29.6?C, ?? ?m 74.8%, Kh? CO th?p (14.3 ppm), M?c ch?y: An to?n","Kh? CH4 (26.8 ppm), LPG (19.0 ppm), CO (14.3 ppm), M?c kh? gas: An to?n",Auto,OFF,OFF,OFF,OFF,
7/11/2025,0:04:10,30.72,75.284,14.42593,24.7723,19.35498,14.08788,13.2561,0.23178,An toan,An toan,"Nhi?t ?? 30.7?C, ?? ?m 75.3%, Kh? CO th?p (14.1 ppm), M?c ch?y: An to?n","Kh? CH4 (24.8 ppm), LPG (19.4 ppm), CO (14.1 ppm), M?c kh? gas: An to?n",Auto,OFF,OFF,OFF,OFF,
7/11/2025,0:05:23,29.974,74.873,15.88617,24.03455,19.33513,14.24953,11.88636,0.59409,An toan,An toan,"Nhi?t ?? 30.0?C, ?? ?m 74.9%, Kh? CO th?p (14.2 ppm), M?c ch?y: An to?n","Kh? CH4 (24.0 ppm), LPG (19.3 ppm), CO (14.2 ppm), M?c kh? gas: An to?n",Auto,OFF,OFF,OFF,OFF,
7/11/2025,0:07:06,29.863,73.807,14.15856,25.70699,19.7106,13.06553,17.71008,0.48011,An toan,An toan,"Nhi?t ?? 29.9?C, ?? ?m 73.8%, Kh? CO th?p (13.1 ppm), M?c ch?y: An to?n","Kh? CH4 (25.7 ppm), LPG (19.7 ppm), CO (13.1 ppm), M?c kh? gas: An to?n",Auto,OFF,OFF,OFF,OFF,
7/11/2025,0:09:28,29.99,78.751,15.33871,24.56007,19.32657,13.37329,18.17194,0.61986,An toan,An toan,"Nhi?t ?? 30.0?C, ?? ?m 78.8%, Kh? CO th?p (13.4 ppm), M?c ch?y: An to?n","Kh? CH4 (24.6 ppm), LPG (19.3 ppm), CO (13.4 ppm), M?c kh? gas: An to?n",Auto,OFF,OFF,OFF,OFF,
7/11/2025,0:11:54,29.62,70.29,15.00704,24.37054,19.2753,14.77733,13.16942,0.60629,An toan,An toan,"Nhi?t ?? 29.6?C, ?? ?m 70.3%, Kh? CO th?p (14.8 ppm), M?c ch?y: An to?n","Kh? CH4 (24.4 ppm), LPG (19.3 ppm), CO (14.8 ppm), M?c kh? gas: An to?n",Auto,OFF,OFF,OFF,OFF,
7/11/2025,0:12:16,29.169,72.314,14.92804,25.17976,17.70785,13.28856,14.09333,0.1755,An toan,An toan,"Nhi?t ?? 29.2?C, ?? ?m 72.3%, Kh? CO th?p (13.3 ppm), M?c ch?y: An to?n","Kh? CH4 (25.2 ppm), LPG (17.7 ppm), CO (13.3 ppm), M?c kh? gas: An to?n",Auto,OFF,OFF,OFF,OFF,
7/11/2025,0:15:33,30.388,73.522,15.97141,24.57133,19.51976,14.91771,27.82922,0.67916,An toan,An toan,"Nhi?t ?? 30.4?C, ?? ?m 73.5%, Kh? CO th?p (14.9 ppm), M?c ch?y: An to?n","Kh? CH4 (24.6 ppm), LPG (19.5 ppm), CO (14.9 ppm), M?c kh? gas: An to?n",Auto,OFF,OFF,OFF,OFF,
7/11/2025,0:16:44,29.223,76.754,14.88845,26.58639,19.33612,14.39114,28.58352,0.53907,An toan,An toan,"Nhi?t ?? 29.2?C, ?? ?m 76.8%, Kh? CO th?p (14.4 ppm), M?c ch?y: An to?n","Kh? CH4 (26.6 ppm), LPG (19.3 ppm), CO (14.4 ppm), M?c kh? gas: An to?n",Auto,OFF,OFF,OFF,OFF,
7/11/2025,0:19:49,29.999,71.757,14.49657,26.62751,18.46421,13.23463,11.27902,0.91792,An toan,An toan,"Nhi?t ?? 30.0?C, ?? ?m 71.8%, Kh? CO th?p (13.2 ppm), M?c ch?y: An to?n","Kh? CH4 (26.6 ppm), LPG (18.5 ppm), CO (13.2 ppm), M?c kh? gas: An to?n",Auto,OFF,OFF,OFF,OFF,
7/11/2025,0:22:54,30.309,72.183,14.52945,26.68421,17.12694,14.06062,26.1834,0.67216,An toan,An toan,"Nhi?t ?? 30.3?C, ?? ?m 72.2%, Kh? CO th?p (14.1 ppm), M?c ch?y: An to?n","Kh? CH4 (26.7 ppm), LPG (17.1 ppm), CO (14.1 ppm), M?c kh? gas: An to?n",Auto,OFF,OFF,OFF,OFF,
7/11/2025,0:27:16,29.714,69.142,15.67531,24.49294,19.32765,13.80893,23.04246,0.81926,An toan,An toan,"Nhi?t ?? 29.7?C, ?? ?m 69.1%, Kh? CO th?p (13.8 ppm), M?c ch?y: An to?n","Kh? CH4 (24.5 ppm), LPG (19.3 ppm), CO (13.8 ppm), M?c kh? gas: An to?n",Auto,OFF,OFF,OFF,OFF,
7/11/2025,0:30:37,30.968,78.154,14.048,25.84024,19.78331,13.29823,26.08606,0.36561,An toan,An toan,"Nhi?t ?? 31.0?C, ?? ?m 78.2%, Kh? CO th?p (13.3 ppm), M?c ch?y: An to?n","Kh? CH4 (25.8 ppm), LPG (19.8 ppm), CO (13.3 ppm), M?c kh? gas: An to?n",Auto,OFF,OFF,OFF,OFF,
7/11/2025,0:31:19,30.743,74.858,15.84743,25.67188,18.33469,13.98247,26.66905,0.80158,An toan,An toan,"Nhi?t ?? 30.7?C, ?? ?m 74.9%, Kh? CO th?p (14.0 ppm), M?c ch?y: An to?n","Kh? CH4 (25.7 ppm), LPG (18.3 ppm), CO (14.0 ppm), M?c kh? gas: An to?n",Auto,OFF,OFF,OFF,OFF,
7/11/2025,0:31:35,30.445,71.517,14.24938,26.58732,17.22001,14.46456,19.4631,0.4186,An toan,An toan,"Nhi?t ?? 30.4?C, ?? ?m 71.5%, Kh? CO th?p (14.5 ppm), M?c ch?y: An to?n","Kh? CH4 (26.6 ppm), LPG (17.2 ppm), CO (14.5 ppm), M?c kh? gas: An to?n",Auto,OFF,OFF,OFF,OFF,
7/11/2025,0:32:00,29.887,71.327,14.03591,25.06299,18.36421,14.37445,26.09702,0.41754,An toan,An toan,"Nhi?t ?? 29.9?C, ?? ?m 71.3%, Kh? CO th?p (14.4 ppm), M?c ch?y: An to?n","Kh? CH4 (25.1 ppm), LPG (18.4 ppm), CO (14.4 ppm), M?c kh? gas: An to?n",Auto,OFF,OFF,OFF,OFF,
7/11/2025,0:36:52,29.666,70.582,15.17769,24.65265,17.13857,14.35431,15.94673,0.72007,An toan,An toan,"Nhi?t ?? 29.7?C, ?? ?m 70.6%, Kh? CO th?p (14.4 ppm), M?c ch?y: An to?n","Kh? CH4 (24.7 ppm), LPG (17.1 ppm), CO (14.4 ppm), M?c kh? gas: An to?n",Auto,OFF,OFF,OFF,OFF,
7/11/2025,0:41:36,29.665,78.219,14.55187,24.60202,19.60234,13.10775,22.01907,0.87744,An toan,An toan,"Nhi?t ?? 29.7?C, ?? ?m 78.2%, Kh? CO th?p (13.1 ppm), M?c ch?y: An to?n","Kh? CH4 (24.6 ppm), LPG (19.6 ppm), CO (13.1 ppm), M?c kh? gas: An to?n",Auto,OFF,OFF,OFF,OFF,
7/11/2025,0:43:02,30.565,79.855,14.13114,24.33225,18.04808,14.00332,21.53453,0.50066,An toan,An toan,"Nhi?t ?? 30.6?C, ?? ?m 79.9%, Kh? CO th?p (14.0 ppm), M?c ch?y: An to?n","Kh? CH4 (24.3 ppm), LPG (18.0 ppm), CO (14.0 ppm), M?c kh? gas: An to?n",Auto,OFF,OFF,OFF,OFF,
7/11/2025,0:47:10,30.633,79.711,15.67396,24.32154,17.87377,14.95211,19.73578,0.30627,An toan,An toan,"Nhi?t ?? 30.6?C, ?? ?m 79.7%, Kh? CO th?p (15.0 ppm), M?c ch?y: An to?n","Kh? CH4 (24.3 ppm), LPG (17.9 ppm), CO (15.0 ppm), M?c kh? gas: An to?n",Auto,OFF,OFF,OFF,OFF,
7/11/2025,0:52:28,29.829,76.171,14.0541,25.24723,17.05673,13.05102,15.61912,0.96391,An toan,An toan,"Nhi?t ?? 29.8?C, ?? ?m 76.2%, Kh? CO th?p (13.1 ppm), M?c ch?y: An to?n","Kh? CH4 (25.2 ppm), LPG (17.1 ppm), CO (13.1 ppm), M?c kh? gas: An to?n",Auto,OFF,OFF,OFF,OFF,
7/11/2025,1:00:39,29.821,74.013,14.34289,24.38594,18.18648,14.31669,26.434,0.24851,An toan,An toan,"Nhi?t ?? 29.8?C, ?? ?m 74.0%, Kh? CO th?p (14.3 ppm), M?c ch?y: An to?n","Kh? CH4 (24.4 ppm), LPG (18.2 ppm), CO (14.3 ppm), M?c kh? gas: An to?n",Auto,OFF,OFF,OFF,OFF,
7/11/2025,1:14:30,29.41,79.84,15.76792,24.58704,18.38909,14.95437,13.38194,0.82044,An toan,An toan,"Nhi?t ?? 29.4?C, ?? ?m 79.8%, Kh? CO th?p (15.0 ppm), M?c ch?y: An to?n","Kh? CH4 (24.6 ppm), LPG (18.4 ppm), CO (15.0 ppm), M?c kh? gas: An to?n",Auto,OFF,OFF,OFF,OFF,
7/11/2025,1:16:32,30.963,73.337,14.92474,24.97866,19.98087,14.2143,11.2506,0.39528,An toan,An toan,"Nhi?t ?? 31.0?C, ?? ?m 73.3%, Kh? CO th?p (14.2 ppm), M?c ch?y: An to?n","Kh? CH4 (25.0 ppm), LPG (20.0 ppm), CO (14.2 ppm), M?c kh? gas: An to?n",Auto,OFF,OFF,OFF,OFF,
7/11/2025,1:18:50,30.569,77.299,14.08801,25.67713,17.16505,13.04127,17.53345,0.82891,An toan,An toan,"Nhi?t ?? 30.6?C, ?? ?m 77.3%, Kh? CO th?p (13.0 ppm), M?c ch?y: An to?n","Kh? CH4 (25.7 ppm), LPG (17.2 ppm), CO (13.0 ppm), M?c kh? gas: An to?n",Auto,OFF,OFF,OFF,OFF,
7/11/2025,1:19:43,29.258,73.327,15.45993,24.87248,17.62578,13.00483,12.29158,0.27433,An toan,An toan,"Nhi?t ?? 29.3?C, ?? ?m 73.3%, Kh? CO th?p (13.0 ppm), M?c ch?y: An to?n","Kh? CH4 (24.9 ppm), LPG (17.6 ppm), CO (13.0 ppm), M?c kh? gas: An to?n",Auto,OFF,OFF,OFF,OFF,
7/11/2025,1:20:18,29.871,78.108,15.3785,25.37512,18.09954,14.32573,20.83346,0.56705,An toan,An toan,"Nhi?t ?? 29.9?C, ?? ?m 78.1%, Kh? CO th?p (14.3 ppm), M?c ch?y: An to?n","Kh? CH4 (25.4 ppm), LPG (18.1 ppm), CO (14.3 ppm), M?c kh? gas: An to?n",Auto,OFF,OFF,OFF,OFF,
7/11/2025,1:22:34,30.977,69.909,14.22984,26.47373,19.41047,14.95844,27.07475,0.28004,An toan,An toan,"Nhi?t ?? 31.0?C, ?? ?m 69.9%, Kh? CO th?p (15.0 ppm), M?c ch?y: An to?n","Kh? CH4 (26.5 ppm), LPG (19.4 ppm), CO (15.0 ppm), M?c kh? gas: An to?n",Auto,OFF,OFF,OFF,OFF,
7/11/2025,1:26:57,29.676,70.859,15.24753,26.86299,17.4226,14.68067,24.91063,0.3594,An toan,An toan,"Nhi?t ?? 29.7?C, ?? ?m 70.9%, Kh? CO th?p (14.7 ppm), M?c ch?y: An to?n","Kh? CH4 (26.9 ppm), LPG (17.4 ppm), CO (14.7 ppm), M?c kh? gas: An to?n",Auto,OFF,OFF,OFF,OFF,
7/11/2025,1:28:01,29.354,79.668,15.18723,24.42161,17.31828,14.15191,25.0066,0.50245,An toan,An toan,"Nhi?t ?? 29.4?C, ?? ?m 79.7%, Kh? CO th?p (14.2 ppm), M?c ch?y: An to?n","Kh? CH4 (24.4 ppm), LPG (17.3 ppm), CO (14.2 ppm), M?c kh? gas: An to?n",Auto,OFF,OFF,OFF,OFF,
7/11/2025,1:31:56,30.624,74.04,14.41586,25.91057,19.39217,14.76322,19.21567,0.43434,An toan,An toan,"Nhi?t ?? 30.6?C, ?? ?m 74.0%, Kh? CO th?p (14.8 ppm), M?c ch?y: An to?n","Kh? CH4 (25.9 ppm), LPG (19.4 ppm), CO (14.8 ppm), M?c kh? gas: An to?n",Auto,OFF,OFF,OFF,OFF,
7/11/2025,1:35:30,30.856,78.088,14.05136,24.55002,17.88232,14.32985,12.31721,0.88766,An toan,An toan,"Nhi?t ?? 30.9?C, ?? ?m 78.1%, Kh? CO th?p (14.3 ppm), M?c ch?y: An to?n","Kh? CH4 (24.6 ppm), LPG (17.9 ppm), CO (14.3 ppm), M?c kh? gas: An to?n",Auto,OFF,OFF,OFF,OFF,
7/11/2025,1:39:36,30.017,72.443,14.97169,24.71297,19.12386,14.38249,29.1838,0.65733,An toan,An toan,"Nhi?t ?? 30.0?C, ?? ?m 72.4%, Kh? CO th?p (14.4 ppm), M?c ch?y: An to?n","Kh? CH4 (24.7 ppm), LPG (19.1 ppm), CO (14.4 ppm), M?c kh? gas: An to?n",Auto,OFF,OFF,OFF,OFF,
7/11/2025,1:40:02,30.873,73.463,15.71418,24.22748,17.00497,13.69381,17.9509,0.33788,An toan,An toan,"Nhi?t ?? 30.9?C, ?? ?m 73.5%, Kh? CO th?p (13.7 ppm), M?c ch?y: An to?n","Kh? CH4 (24.2 ppm), LPG (17.0 ppm), CO (13.7 ppm), M?c kh? gas: An to?n",Auto,OFF,OFF,OFF,OFF,
7/11/2025,1:44:31,30.475,73.342,14.06326,24.31625,17.68394,14.67003,10.61408,0.92699,An toan,An toan,"Nhi?t ?? 30.5?C, ?? ?m 73.3%, Kh? CO th?p (14.7 ppm), M?c ch?y: An to?n","Kh? CH4 (24.3 ppm), LPG (17.7 ppm), CO (14.7 ppm), M?c kh? gas: An to?n",Auto,OFF,OFF,OFF,OFF,
7/11/2025,1:44:40,29.095,74.112,15.35268,26.9749,19.03939,13.62261,27.31442,0.69631,An toan,An toan,"Nhi?t ?? 29.1?C, ?? ?m 74.1%, Kh? CO th?p (13.6 ppm), M?c ch?y: An to?n","Kh? CH4 (27.0 ppm), LPG (19.0 ppm), CO (13.6 ppm), M?c kh? gas: An to?n",Auto,OFF,OFF,OFF,OFF,
7/11/2025,1:46:00,29.52,74.018,15.69671,26.5894,19.25007,14.91892,21.63755,0.8514,An toan,An toan,"Nhi?t ?? 29.5?C, ?? ?m 74.0%, Kh? CO th?p (14.9 ppm), M?c ch?y: An to?n","Kh? CH4 (26.6 ppm), LPG (19.3 ppm), CO (14.9 ppm), M?c kh? gas: An to?n",Auto,OFF,OFF,OFF,OFF,
7/11/2025,1:52:00,30.209,70.773,15.83914,26.92595,19.43318,13.75117,16.89813,0.71644,An toan,An toan,"Nhi?t ?? 30.2?C, ?? ?m 70.8%, Kh? CO th?p (13.8 ppm), M?c ch?y: An to?n","Kh? CH4 (26.9 ppm), LPG (19.4 ppm), CO (13.8 ppm), M?c kh? gas: An to?n",Auto,OFF,OFF,OFF,OFF,
7/11/2025,1:54:27,29.482,72.349,15.66959,25.01876,19.73325,13.94482,12.95283,0.51575,An toan,An toan,"Nhi?t ?? 29.5?C, ?? ?m 72.3%, Kh? CO th?p (13.9 ppm), M?c ch?y: An to?n","Kh? CH4 (25.0 ppm), LPG (19.7 ppm), CO (13.9 ppm), M?c kh? gas: An to?n",Auto,OFF,OFF,OFF,OFF,
7/11/2025,1:57:03,29.451,75.372,15.16832,26.26419,19.4408,13.43966,16.87506,0.73949,An toan,An toan,"Nhi?t ?? 29.5?C, ?? ?m 75.4%, Kh? CO th?p (13.4 ppm), M?c ch?y: An to?n","Kh? CH4 (26.3 ppm), LPG (19.4 ppm), CO (13.4 ppm), M?c kh? gas: An to?n",Auto,OFF,OFF,OFF,OFF,
7/11/2025,1:57:09,30.257,78.792,15.75196,24.49594,18.49704,13.03076,26.26289,0.41657,An toan,An toan,"Nhi?t ?? 30.3?C, ?? ?m 78.8%, Kh? CO th?p (13.0 ppm), M?c ch?y: An to?n","Kh? CH4 (24.5 ppm), LPG (18.5 ppm), CO (13.0 ppm), M?c kh? gas: An to?n",Auto,OFF,OFF,OFF,OFF,
7/11/2025,2:02:57,29.45,78.485,14.83516,24.75307,18.39146,14.28039,13.89318,0.92852,An toan,An toan,"Nhi?t ?? 29.5?C, ?? ?m 78.5%, Kh? CO th?p (14.3 ppm), M?c ch?y: An to?n","Kh? CH4 (24.8 ppm), LPG (18.4 ppm), CO (14.3 ppm), M?c kh? gas: An to?n",Auto,OFF,OFF,OFF,OFF,
7/11/2025,2:04:35,29.657,71.486,15.22383,26.72075,17.73706,14.57899,12.31993,0.74188,An toan,An toan,"Nhi?t ?? 29.7?C, ?? ?m 71.5%, Kh? CO th?p (14.6 ppm), M?c ch?y: An to?n","Kh? CH4 (26.7 ppm), LPG (17.7 ppm), CO (14.6 ppm), M?c kh? gas: An to?n",Auto,OFF,OFF,OFF,OFF,
7/11/2025,2:08:09,30.721,69.765,15.89192,26.94173,18.11826,13.39109,28.23864,0.56818,An toan,An toan,"Nhi?t ?? 30.7?C, ?? ?m 69.8%, Kh? CO th?p (13.4 ppm), M?c ch?y: An to?n","Kh? CH4 (26.9 ppm), LPG (18.1 ppm), CO (13.4 ppm), M?c kh? gas: An to?n",Auto,OFF,OFF,OFF,OFF,
7/11/2025,2:19:35,29.068,70.018,14.60887,26.13549,17.54067,14.95293,24.05513,0.93589,An toan,An toan,"Nhi?t ?? 29.1?C, ?? ?m 70.0%, Kh? CO th?p (15.0 ppm), M?c ch?y: An to?n","Kh? CH4 (26.1 ppm), LPG (17.5 ppm), CO (15.0 ppm), M?c kh? gas: An to?n",Auto,OFF,OFF,OFF,OFF,
7/11/2025,2:20:32,30.294,69.906,15.66284,26.38858,18.31203,14.15119,18.86202,0.5627,An toan,An toan,"Nhi?t ?? 30.3?C, ?? ?m 69.9%, Kh? CO th?p (14.2 ppm), M?c ch?y: An to?n","Kh? CH4 (26.4 ppm), LPG (18.3 ppm), CO (14.2 ppm), M?c kh? gas: An to?n",Auto,OFF,OFF,OFF,OFF,
7/11/2025,2:21:39,29.771,73.603,15.43268,24.81921,18.72017,13.5673,22.07269,0.1048,An toan,An toan,"Nhi?t ?? 29.8?C, ?? ?m 73.6%, Kh? CO th?p (13.6 ppm), M?c ch?y: An to?n","Kh? CH4 (24.8 ppm), LPG (18.7 ppm), CO (13.6 ppm), M?c kh? gas: An to?n",Auto,OFF,OFF,OFF,OFF,
7/11/2025,2:23:37,29.469,77.887,14.84606,24.81911,17.8703,13.63368,17.20148,0.32743,An toan,An toan,"Nhi?t ?? 29.5?C, ?? ?m 77.9%, Kh? CO th?p (13.6 ppm), M?c ch?y: An to?n","Kh? CH4 (24.8 ppm), LPG (17.9 ppm), CO (13.6 ppm), M?c kh? gas: An to?n",Auto,OFF,OFF,OFF,OFF,
7/11/2025,2:27:45,30.574,70.742,14.72051,24.63354,19.48637,14.72958,10.15756,0.67629,An toan,An toan,"Nhi?t ?? 30.6?C, ?? ?m 70.7%, Kh? CO th?p (14.7 ppm), M?c ch?y: An to?n","Kh? CH4 (24.6 ppm), LPG (19.5 ppm), CO (14.7 ppm), M?c kh? gas: An to?n",Auto,OFF,OFF,OFF,OFF,
7/11/2025,2:32:49,29.695,70.386,15.88584,25.47142,17.32433,13.26801,19.94097,0.97588,An toan,An toan,"Nhi?t ?? 29.7?C, ?? ?m 70.4%, Kh? CO th?p (13.3 ppm), M?c ch?y: An to?n","Kh? CH4 (25.5 ppm), LPG (17.3 ppm), CO (13.3 ppm), M?c kh? gas: An to?n",Auto,OFF,OFF,OFF,OFF,
7/11/2025,2:34:05,29.141,73.812,15.11112,26.67517,17.95922,13.11738,12.66008,0.64064,An toan,An toan,"Nhi?t ?? 29.1?C, ?? ?m 73.8%, Kh? CO th?p (13.1 ppm), M?c ch?y: An to?n","Kh? CH4 (26.7 ppm), LPG (18.0 ppm), CO (13.1 ppm), M?c kh? gas: An to?n",Auto,OFF,OFF,OFF,OFF,
7/11/2025,2:34:35,29.449,73.972,14.90747,25.59106,19.59367,14.39856,11.91194,0.50542,An toan,An toan,"Nhi?t ?? 29.4?C, ?? ?m 74.0%, Kh? CO th?p (14.4 ppm), M?c ch?y: An to?n","Kh? CH4 (25.6 ppm), LPG (19.6 ppm), CO (14.4 ppm), M?c kh? gas: An to?n",Auto,OFF,OFF,OFF,OFF,
7/11/2025,2:39:26,29.59,79.55,14.88234,26.67491,18.95322,13.38591,22.77641,0.40539,An toan,An toan,"Nhi?t ?? 29.6?C, ?? ?m 79.5%, Kh? CO th?p (13.4 ppm), M?c ch?y: An to?n","Kh? CH4 (26.7 ppm), LPG (19.0 ppm), CO (13.4 ppm), M?c kh? gas: An to?n",Auto,OFF,OFF,OFF,OFF,
7/11/2025,2:45:03,30.917,72.116,14.71731,24.12037,18.58689,14.03534,15.63937,0.53374,An toan,An toan,"Nhi?t ?? 30.9?C, ?? ?m 72.1%, Kh? CO th?p (14.0 ppm), M?c ch?y: An to?n","Kh? CH4 (24.1 ppm), LPG (18.6 ppm), CO (14.0 ppm), M?c kh? gas: An to?n",Auto,OFF,OFF,OFF,OFF,
7/11/2025,2:48:56,30.527,73.501,15.74488,26.30943,18.26803,13.72444,12.2995,0.26138,An toan,An toan,"Nhi?t ?? 30.5?C, ?? ?m 73.5%, Kh? CO th?p (13.7 ppm), M?c ch?y: An to?n","Kh? CH4 (26.3 ppm), LPG (18.3 ppm), CO (13.7 ppm), M?c kh? gas: An to?n",Auto,OFF,OFF,OFF,OFF,
7/11/2025,2:49:59,29.916,75.853,15.69365,24.83995,18.23641,14.41578,15.43234,0.62348,An toan,An toan,"Nhi?t ?? 29.9?C, ?? ?m 75.9%, Kh? CO th?p (14.4 ppm), M?c ch?y: An to?n","Kh? CH4 (24.8 ppm), LPG (18.2 ppm), CO (14.4 ppm), M?c kh? gas: An to?n",Auto,OFF,OFF,OFF,OFF,
7/11/2025,2:50:17,29.207,77.744,14.30281,25.34985,19.00157,14.82557,15.72638,0.15637,An toan,An toan,"Nhi?t ?? 29.2?C, ?? ?m 77.7%, Kh? CO th?p (14.8 ppm), M?c ch?y: An to?n","Kh? CH4 (25.3 ppm), LPG (19.0 ppm), CO (14.8 ppm), M?c kh? gas: An to?n",Auto,OFF,OFF,OFF,OFF,
7/11/2025,2:50:55,30.2,69.65,15.41454,24.14882,19.55568,14.79037,22.24142,0.28635,An toan,An toan,"Nhi?t ?? 30.2?C, ?? ?m 69.7%, Kh? CO th?p (14.8 ppm), M?c ch?y: An to?n","Kh? CH4 (24.1 ppm), LPG (19.6 ppm), CO (14.8 ppm), M?c kh? gas: An to?n",Auto,OFF,OFF,OFF,OFF,
7/11/2025,2:51:55,30.528,76.709,14.19486,26.62421,18.22443,14.29476,20.26994,0.48344,An toan,An toan,"Nhi?t ?? 30.5?C, ?? ?m 76.7%, Kh? CO th?p (14.3 ppm), M?c ch?y: An to?n","Kh? CH4 (26.6 ppm), LPG (18.2 ppm), CO (14.3 ppm), M?c kh? gas: An to?n",Auto,OFF,OFF,OFF,OFF,
7/11/2025,2:57:31,30.336,78.875,14.57561,24.59945,18.71288,14.86828,14.95802,0.91282,An toan,An toan,"Nhi?t ?? 30.3?C, ?? ?m 78.9%, Kh? CO th?p (14.9 ppm), M?c ch?y: An to?n","Kh? CH4 (24.6 ppm), LPG (18.7 ppm), CO (14.9 ppm), M?c kh? gas: An to?n",Auto,OFF,OFF,OFF,OFF,
7/11/2025,2:58:11,29.63,69.054,14.60045,24.19029,19.18575,13.30261,15.22674,0.47409,An toan,An toan,"Nhi?t ?? 29.6?C, ?? ?m 69.1%, Kh? CO th?p (13.3 ppm), M?c ch?y: An to?n","Kh? CH4 (24.2 ppm), LPG (19.2 ppm), CO (13.3 ppm), M?c kh? gas: An to?n",Auto,OFF,OFF,OFF,OFF,
7/11/2025,3:04:31,29.338,77.296,15.01207,25.17913,18.66142,14.43739,11.71739,0.78302,An toan,An toan,"Nhi?t ?? 29.3?C, ?? ?m 77.3%, Kh? CO th?p (14.4 ppm), M?c ch?y: An to?n","Kh? CH4 (25.2 ppm), LPG (18.7 ppm), CO (14.4 ppm), M?c kh? gas: An to?n",Auto,OFF,OFF,OFF,OFF,
7/11/2025,3:05:52,29.697,75.502,14.46865,25.0293,17.7984,13.97725,26.86194,0.39454,An toan,An toan,"Nhi?t ?? 29.7?C, ?? ?m 75.5%, Kh? CO th?p (14.0 ppm), M?c ch?y: An to?n","Kh? CH4 (25.0 ppm), LPG (17.8 ppm), CO (14.0 ppm), M?c kh? gas: An to?n",Auto,OFF,OFF,OFF,OFF,
7/11/2025,3:10:07,30.216,73.849,15.78253,25.19656,18.45313,13.73206,14.93623,0.60303,An toan,An toan,"Nhi?t ?? 30.2?C, ?? ?m 73.8%, Kh? CO th?p (13.7 ppm), M?c ch?y: An to?n","Kh? CH4 (25.2 ppm), LPG (18.5 ppm), CO (13.7 ppm), M?c kh? gas: An to?n",Auto,OFF,OFF,OFF,OFF,
7/11/2025,3:16:17,30.155,72.971,15.9219,26.20257,19.56414,13.51792,10.65486,0.52062,An toan,An toan,"Nhi?t ?? 30.2?C, ?? ?m 73.0%, Kh? CO th?p (13.5 ppm), M?c ch?y: An to?n","Kh? CH4 (26.2 ppm), LPG (19.6 ppm), CO (13.5 ppm), M?c kh? gas: An to?n",Auto,OFF,OFF,OFF,OFF,
7/11/2025,3:25:02,29.349,76.211,14.11551,25.88596,17.56127,14.5218,10.99029,0.55763,An toan,An toan,"Nhi?t ?? 29.3?C, ?? ?m 76.2%, Kh? CO th?p (14.5 ppm), M?c ch?y: An to?n","Kh? CH4 (25.9 ppm), LPG (17.6 ppm), CO (14.5 ppm), M?c kh? gas: An to?n",Auto,OFF,OFF,OFF,OFF,
7/11/2025,3:26:41,30.928,70.425,14.0437,25.69844,19.99394,13.2804,18.16837,0.77492,An toan,An toan,"Nhi?t ?? 30.9?C, ?? ?m 70.4%, Kh? CO th?p (13.3 ppm), M?c ch?y: An to?n","Kh? CH4 (25.7 ppm), LPG (20.0 ppm), CO (13.3 ppm), M?c kh? gas: An to?n",Auto,OFF,OFF,OFF,OFF,
7/11/2025,3:26:41,30.79,73.813,15.10397,24.14452,18.91083,13.09356,16.40008,0.51562,An toan,An toan,"Nhi?t ?? 30.8?C, ?? ?m 73.8%, Kh? CO th?p (13.1 ppm), M?c ch?y: An to?n","Kh? CH4 (24.1 ppm), LPG (18.9 ppm), CO (13.1 ppm), M?c kh? gas: An to?n",Auto,OFF,OFF,OFF,OFF,
7/11/2025,3:33:31,30.849,72.019,14.62806,25.00973,19.79608,14.54523,22.96955,0.98107,An toan,An toan,"Nhi?t ?? 30.8?C, ?? ?m 72.0%, Kh? CO th?p (14.5 ppm), M?c ch?y: An to?n","Kh? CH4 (25.0 ppm), LPG (19.8 ppm), CO (14.5 ppm), M?c kh? gas: An to?n",Auto,OFF,OFF,OFF,OFF,
7/11/2025,3:38:27,29.684,73.847,14.59479,24.47965,19.87095,13.75945,22.28024,0.52462,An toan,An toan,"Nhi?t ?? 29.7?C, ?? ?m 73.8%, Kh? CO th?p (13.8 ppm), M?c ch?y: An to?n","Kh? CH4 (24.5 ppm), LPG (19.9 ppm), CO (13.8 ppm), M?c kh? gas: An to?n",Auto,OFF,OFF,OFF,OFF,
7/11/2025,3:39:54,30.095,79.882,14.3219,26.52541,18.58699,13.33143,13.16582,0.5752,An toan,An toan,"Nhi?t ?? 30.1?C, ?? ?m 79.9%, Kh? CO th?p (13.3 ppm), M?c ch?y: An to?n","Kh? CH4 (26.5 ppm), LPG (18.6 ppm), CO (13.3 ppm), M?c kh? gas: An to?n",Auto,OFF,OFF,OFF,OFF,
7/11/2025,3:40:24,29.676,70.515,14.13474,24.71279,17.98805,13.81459,22.27603,0.18373,An toan,An toan,"Nhi?t ?? 29.7?C, ?? ?m 70.5%, Kh? CO th?p (13.8 ppm), M?c ch?y: An to?n","Kh? CH4 (24.7 ppm), LPG (18.0 ppm), CO (13.8 ppm), M?c kh? gas: An to?n",Auto,OFF,OFF,OFF,OFF,
7/11/2025,3:41:55,29.973,76.339,14.58635,25.09914,18.91431,13.51057,17.69052,0.46863,An toan,An toan,"Nhi?t ?? 30.0?C, ?? ?m 76.3%, Kh? CO th?p (13.5 ppm), M?c ch?y: An to?n","Kh? CH4 (25.1 ppm), LPG (18.9 ppm), CO (13.5 ppm), M?c kh? gas: An to?n",Auto,OFF,OFF,OFF,OFF,
7/11/2025,3:43:58,29.064,70.03,14.46274,26.98673,19.48968,13.23151,13.1258,0.67826,An toan,An toan,"Nhi?t ?? 29.1?C, ?? ?m 70.0%, Kh? CO th?p (13.2 ppm), M?c ch?y: An to?n","Kh? CH4 (27.0 ppm), LPG (19.5 ppm), CO (13.2 ppm), M?c kh? gas: An to?n",Auto,OFF,OFF,OFF,OFF,
7/11/2025,3:45:50,30.334,71.503,15.9564,25.8884,17.95887,13.98344,29.16823,0.911,An toan,An toan,"Nhi?t ?? 30.3?C, ?? ?m 71.5%, Kh? CO th?p (14.0 ppm), M?c ch?y: An to?n","Kh? CH4 (25.9 ppm), LPG (18.0 ppm), CO (14.0 ppm), M?c kh? gas: An to?n",Auto,OFF,OFF,OFF,OFF,
7/11/2025,3:46:00,29.312,79.131,14.80041,26.0014,17.53794,13.96636,29.34513,0.44958,An toan,An toan,"Nhi?t ?? 29.3?C, ?? ?m 79.1%, Kh? CO th?p (14.0 ppm), M?c ch?y: An to?n","Kh? CH4 (26.0 ppm), LPG (17.5 ppm), CO (14.0 ppm), M?c kh? gas: An to?n",Auto,OFF,OFF,OFF,OFF,
7/11/2025,3:48:46,29.324,75.689,14.54907,25.45163,18.8824,14.84885,11.0938,0.71834,An toan,An toan,"Nhi?t ?? 29.3?C, ?? ?m 75.7%, Kh? CO th?p (14.8 ppm), M?c ch?y: An to?n","Kh? CH4 (25.5 ppm), LPG (18.9 ppm), CO (14.8 ppm), M?c kh? gas: An to?n",Auto,OFF,OFF,OFF,OFF,
7/11/2025,3:51:05,29.016,75.841,14.30437,24.52254,17.38092,14.46046,18.18745,0.32848,An toan,An toan,"Nhi?t ?? 29.0?C, ?? ?m 75.8%, Kh? CO th?p (14.5 ppm), M?c ch?y: An to?n","Kh? CH4 (24.5 ppm), LPG (17.4 ppm), CO (14.5 ppm), M?c kh? gas: An to?n",Auto,OFF,OFF,OFF,OFF,
7/11/2025,3:52:31,30.609,78.284,15.6964,24.0045,19.11329,13.08678,12.33405,0.38395,An toan,An toan,"Nhi?t ?? 30.6?C, ?? ?m 78.3%, Kh? CO th?p (13.1 ppm), M?c ch?y: An to?n","Kh? CH4 (24.0 ppm), LPG (19.1 ppm), CO (13.1 ppm), M?c kh? gas: An to?n",Auto,OFF,OFF,OFF,OFF,
7/11/2025,3:52:39,29.592,78.758,14.24568,24.34561,17.60941,13.18353,11.16092,0.28079,An toan,An toan,"Nhi?t ?? 29.6?C, ?? ?m 78.8%, Kh? CO th?p (13.2 ppm), M?c ch?y: An to?n","Kh? CH4 (24.3 ppm), LPG (17.6 ppm), CO (13.2 ppm), M?c kh? gas: An to?n",Auto,OFF,OFF,OFF,OFF,
7/11/2025,3:54:40,30.019,76.907,15.12107,24.01843,18.08466,14.73855,16.16719,0.99525,An toan,An toan,"Nhi?t ?? 30.0?C, ?? ?m 76.9%, Kh? CO th?p (14.7 ppm), M?c ch?y: An to?n","Kh? CH4 (24.0 ppm), LPG (18.1 ppm), CO (14.7 ppm), M?c kh? gas: An to?n",Auto,OFF,OFF,OFF,OFF,
7/11/2025,4:02:37,30.845,71.57,15.15156,25.82545,17.0764,14.67273,28.78616,0.8949,An toan,An toan,"Nhi?t ?? 30.8?C, ?? ?m 71.6%, Kh? CO th?p (14.7 ppm), M?c ch?y: An to?n","Kh? CH4 (25.8 ppm), LPG (17.1 ppm), CO (14.7 ppm), M?c kh? gas: An to?n",Auto,OFF,OFF,OFF,OFF,
7/11/2025,4:12:16,29.031,69.144,14.14217,24.67221,17.20682,14.00997,16.83302,0.30217,An toan,An toan,"Nhi?t ?? 29.0?C, ?? ?m 69.1%, Kh? CO th?p (14.0 ppm), M?c ch?y: An to?n","Kh? CH4 (24.7 ppm), LPG (17.2 ppm), CO (14.0 ppm), M?c kh? gas: An to?n",Auto,OFF,OFF,OFF,OFF,
7/11/2025,4:13:52,29.561,78.808,15.4956,24.26964,17.75653,14.06446,14.33418,0.95277,An toan,An toan,"Nhi?t ?? 29.6?C, ?? ?m 78.8%, Kh? CO th?p (14.1 ppm), M?c ch?y: An to?n","Kh? CH4 (24.3 ppm), LPG (17.8 ppm), CO (14.1 ppm), M?c kh? gas: An to?n",Auto,OFF,OFF,OFF,OFF,
7/11/2025,4:14:33,29.183,76.217,14.63382,25.32386,17.86949,13.72899,20.83794,0.63976,An toan,An toan,"Nhi?t ?? 29.2?C, ?? ?m 76.2%, Kh? CO th?p (13.7 ppm), M?c ch?y: An to?n","Kh? CH4 (25.3 ppm), LPG (17.9 ppm), CO (13.7 ppm), M?c kh? gas: An to?n",Auto,OFF,OFF,OFF,OFF,
7/11/2025,4:22:01,29.415,72.571,14.78294,24.7521,19.74612,14.99133,28.73564,0.66378,An toan,An toan,"Nhi?t ?? 29.4?C, ?? ?m 72.6%, Kh? CO th?p (15.0 ppm), M?c ch?y: An to?n","Kh? CH4 (24.8 ppm), LPG (19.7 ppm), CO (15.0 ppm), M?c kh? gas: An to?n",Auto,OFF,OFF,OFF,OFF,
7/11/2025,4:23:02,29.933,69.485,14.12917,24.16307,17.70117,13.91209,19.3563,0.3334,An toan,An toan,"Nhi?t ?? 29.9?C, ?? ?m 69.5%, Kh? CO th?p (13.9 ppm), M?c ch?y: An to?n","Kh? CH4 (24.2 ppm), LPG (17.7 ppm), CO (13.9 ppm), M?c kh? gas: An to?n",Auto,OFF,OFF,OFF,OFF,
7/11/2025,4:23:52,30.895,73.721,15.72929,25.52947,18.45474,14.6598,21.99872,0.76,An toan,An toan,"Nhi?t ?? 30.9?C, ?? ?m 73.7%, Kh? CO th?p (14.7 ppm), M?c ch?y: An to?n","Kh? CH4 (25.5 ppm), LPG (18.5 ppm), CO (14.7 ppm), M?c kh? gas: An to?n",Auto,OFF,OFF,OFF,OFF,
7/11/2025,4:28:43,30.547,79.953,15.34182,26.31974,17.61315,14.56478,21.11722,0.80069,An toan,An toan,"Nhi?t ?? 30.5?C, ?? ?m 80.0%, Kh? CO th?p (14.6 ppm), M?c ch?y: An to?n","Kh? CH4 (26.3 ppm), LPG (17.6 ppm), CO (14.6 ppm), M?c kh? gas: An to?n",Auto,OFF,OFF,OFF,OFF,
7/11/2025,4:28:49,29.513,78.213,15.63088,26.06054,18.70483,14.92877,14.11147,0.78015,An toan,An toan,"Nhi?t ?? 29.5?C, ?? ?m 78.2%, Kh? CO th?p (14.9 ppm), M?c ch?y: An to?n","Kh? CH4 (26.1 ppm), LPG (18.7 ppm), CO (14.9 ppm), M?c kh? gas: An to?n",Auto,OFF,OFF,OFF,OFF,
7/11/2025,4:30:09,29.638,71.265,14.91992,24.32025,19.08006,13.4223,16.27657,0.57151,An toan,An toan,"Nhi?t ?? 29.6?C, ?? ?m 71.3%, Kh? CO th?p (13.4 ppm), M?c ch?y: An to?n","Kh? CH4 (24.3 ppm), LPG (19.1 ppm), CO (13.4 ppm), M?c kh? gas: An to?n",Auto,OFF,OFF,OFF,OFF,
7/11/2025,4:30:56,29.779,71.832,15.72958,25.71908,17.31171,14.87361,19.69323,0.52469,An toan,An toan,"Nhi?t ?? 29.8?C, ?? ?m 71.8%, Kh? CO th?p (14.9 ppm), M?c ch?y: An to?n","Kh? CH4 (25.7 ppm), LPG (17.3 ppm), CO (14.9 ppm), M?c kh? gas: An to?n",Auto,OFF,OFF,OFF,OFF,
7/11/2025,4:31:25,30.299,76.365,14.59723,26.90494,17.74395,13.22264,17.3059,0.25204,An toan,An toan,"Nhi?t ?? 30.3?C, ?? ?m 76.4%, Kh? CO th?p (13.2 ppm), M?c ch?y: An to?n","Kh? CH4 (26.9 ppm), LPG (17.7 ppm), CO (13.2 ppm), M?c kh? gas: An to?n",Auto,OFF,OFF,OFF,OFF,
7/11/2025,4:39:58,29.565,76.486,14.93637,25.83866,18.33012,14.38165,24.68456,0.7551,An toan,An toan,"Nhi?t ?? 29.6?C, ?? ?m 76.5%, Kh? CO th?p (14.4 ppm), M?c ch?y: An to?n","Kh? CH4 (25.8 ppm), LPG (18.3 ppm), CO (14.4 ppm), M?c kh? gas: An to?n",Auto,OFF,OFF,OFF,OFF,
7/11/2025,4:40:46,30.705,77.432,15.07193,26.43331,18.08589,13.91295,28.47847,0.91239,An toan,An toan,"Nhi?t ?? 30.7?C, ?? ?m 77.4%, Kh? CO th?p (13.9 ppm), M?c ch?y: An to?n","Kh? CH4 (26.4 ppm), LPG (18.1 ppm), CO (13.9 ppm), M?c kh? gas: An to?n",Auto,OFF,OFF,OFF,OFF,
7/11/2025,4:43:24,30.691,71.871,15.861,24.34034,19.35063,14.46357,16.39203,0.21664,An toan,An toan,"Nhi?t ?? 30.7?C, ?? ?m 71.9%, Kh? CO th?p (14.5 ppm), M?c ch?y: An to?n","Kh? CH4 (24.3 ppm), LPG (19.4 ppm), CO (14.5 ppm), M?c kh? gas: An to?n",Auto,OFF,OFF,OFF,OFF,
7/11/2025,4:43:40,30.828,70.617,14.98022,24.31324,17.49167,14.80251,18.66883,0.9887,An toan,An toan,"Nhi?t ?? 30.8?C, ?? ?m 70.6%, Kh? CO th?p (14.8 ppm), M?c ch?y: An to?n","Kh? CH4 (24.3 ppm), LPG (17.5 ppm), CO (14.8 ppm), M?c kh? gas: An to?n",Auto,OFF,OFF,OFF,OFF,
7/11/2025,4:49:04,30.767,75.135,14.16172,25.0206,19.74276,13.69541,21.58557,0.90447,An toan,An toan,"Nhi?t ?? 30.8?C, ?? ?m 75.1%, Kh? CO th?p (13.7 ppm), M?c ch?y: An to?n","Kh? CH4 (25.0 ppm), LPG (19.7 ppm), CO (13.7 ppm), M?c kh? gas: An to?n",Auto,OFF,OFF,OFF,OFF,
7/11/2025,4:51:27,29.293,77.626,15.28785,25.28002,18.14682,14.6146,10.67914,0.17901,An toan,An toan,"Nhi?t ?? 29.3?C, ?? ?m 77.6%, Kh? CO th?p (14.6 ppm), M?c ch?y: An to?n","Kh? CH4 (25.3 ppm), LPG (18.1 ppm), CO (14.6 ppm), M?c kh? gas: An to?n",Auto,OFF,OFF,OFF,OFF,
7/11/2025,4:54:06,29.685,74.309,14.73079,24.63367,18.55281,13.31172,18.67355,0.87545,An toan,An toan,"Nhi?t ?? 29.7?C, ?? ?m 74.3%, Kh? CO th?p (13.3 ppm), M?c ch?y: An to?n","Kh? CH4 (24.6 ppm), LPG (18.6 ppm), CO (13.3 ppm), M?c kh? gas: An to?n",Auto,OFF,OFF,OFF,OFF,
7/11/2025,4:56:19,29.155,77.279,15.55948,26.39272,19.91327,14.35964,12.81099,0.46305,An toan,An toan,"Nhi?t ?? 29.2?C, ?? ?m 77.3%, Kh? CO th?p (14.4 ppm), M?c ch?y: An to?n","Kh? CH4 (26.4 ppm), LPG (19.9 ppm), CO (14.4 ppm), M?c kh? gas: An to?n",Auto,OFF,OFF,OFF,OFF,
7/11/2025,5:03:03,30.835,72.384,15.56696,26.14763,19.47135,14.69844,26.49509,0.53676,An toan,An toan,"Nhi?t ?? 30.8?C, ?? ?m 72.4%, Kh? CO th?p (14.7 ppm), M?c ch?y: An to?n","Kh? CH4 (26.1 ppm), LPG (19.5 ppm), CO (14.7 ppm), M?c kh? gas: An to?n",Auto,OFF,OFF,OFF,OFF,
7/11/2025,5:13:11,30.603,77.446,15.27193,25.43542,17.70933,13.88597,26.64569,0.9053,An toan,An toan,"Nhi?t ?? 30.6?C, ?? ?m 77.4%, Kh? CO th?p (13.9 ppm), M?c ch?y: An to?n","Kh? CH4 (25.4 ppm), LPG (17.7 ppm), CO (13.9 ppm), M?c kh? gas: An to?n",Auto,OFF,OFF,OFF,OFF,
7/11/2025,5:17:43,30.537,71.301,15.48156,24.30353,18.31503,13.09738,19.3078,0.81023,An toan,An toan,"Nhi?t ?? 30.5?C, ?? ?m 71.3%, Kh? CO th?p (13.1 ppm), M?c ch?y: An to?n","Kh? CH4 (24.3 ppm), LPG (18.3 ppm), CO (13.1 ppm), M?c kh? gas: An to?n",Auto,OFF,OFF,OFF,OFF,
7/11/2025,5:18:33,30.174,77.655,15.5124,26.66763,19.20547,14.99893,28.90444,0.69831,An toan,An toan,"Nhi?t ?? 30.2?C, ?? ?m 77.7%, Kh? CO th?p (15.0 ppm), M?c ch?y: An to?n","Kh? CH4 (26.7 ppm), LPG (19.2 ppm), CO (15.0 ppm), M?c kh? gas: An to?n",Auto,OFF,OFF,OFF,OFF,
7/11/2025,5:21:12,29.912,76.622,14.341,25.024,19.99908,13.80649,26.44076,0.48526,An toan,An toan,"Nhi?t ?? 29.9?C, ?? ?m 76.6%, Kh? CO th?p (13.8 ppm), M?c ch?y: An to?n","Kh? CH4 (25.0 ppm), LPG (20.0 ppm), CO (13.8 ppm), M?c kh? gas: An to?n",Auto,OFF,OFF,OFF,OFF,
7/11/2025,5:22:58,30.925,79.75,15.92465,26.9814,19.18454,14.44363,27.94921,0.51851,An toan,An toan,"Nhi?t ?? 30.9?C, ?? ?m 79.7%, Kh? CO th?p (14.4 ppm), M?c ch?y: An to?n","Kh? CH4 (27.0 ppm), LPG (19.2 ppm), CO (14.4 ppm), M?c kh? gas: An to?n",Auto,OFF,OFF,OFF,OFF,
7/11/2025,5:25:09,29.474,75.228,15.45164,24.37943,18.63065,14.66128,26.66189,0.90427,An toan,An toan,"Nhi?t ?? 29.5?C, ?? ?m 75.2%, Kh? CO th?p (14.7 ppm), M?c ch?y: An to?n","Kh? CH4 (24.4 ppm), LPG (18.6 ppm), CO (14.7 ppm), M?c kh? gas: An to?n",Auto,OFF,OFF,OFF,OFF,
7/11/2025,5:25:13,29.45,74.296,15.36183,25.63681,17.28334,13.74994,18.30629,0.54343,An toan,An toan,"Nhi?t ?? 29.4?C, ?? ?m 74.3%, Kh? CO th?p (13.7 ppm), M?c ch?y: An to?n","Kh? CH4 (25.6 ppm), LPG (17.3 ppm), CO (13.7 ppm), M?c kh? gas: An to?n",Auto,OFF,OFF,OFF,OFF,
7/11/2025,5:30:26,30.261,78.948,15.54587,25.85326,19.8249,13.03971,24.85473,0.91764,An toan,An toan,"Nhi?t ?? 30.3?C, ?? ?m 78.9%, Kh? CO th?p (13.0 ppm), M?c ch?y: An to?n","Kh? CH4 (25.9 ppm), LPG (19.8 ppm), CO (13.0 ppm), M?c kh? gas: An to?n",Auto,OFF,OFF,OFF,OFF,
7/11/2025,5:32:31,30.306,79.164,14.97995,24.59184,17.83745,14.32513,24.51306,0.25978,An toan,An toan,"Nhi?t ?? 30.3?C, ?? ?m 79.2%, Kh? CO th?p (14.3 ppm), M?c ch?y: An to?n","Kh? CH4 (24.6 ppm), LPG (17.8 ppm), CO (14.3 ppm), M?c kh? gas: An to?n",Auto,OFF,OFF,OFF,OFF,
7/11/2025,5:33:29,29.21,71.754,15.14214,25.05505,17.54687,14.92273,16.67865,0.80336,An toan,An toan,"Nhi?t ?? 29.2?C, ?? ?m 71.8%, Kh? CO th?p (14.9 ppm), M?c ch?y: An to?n","Kh? CH4 (25.1 ppm), LPG (17.5 ppm), CO (14.9 ppm), M?c kh? gas: An to?n",Auto,OFF,OFF,OFF,OFF,
7/11/2025,5:34:53,29.03,74.083,14.33073,24.88613,19.94329,13.38882,17.95499,0.97408,An toan,An toan,"Nhi?t ?? 29.0?C, ?? ?m 74.1%, Kh? CO th?p (13.4 ppm), M?c ch?y: An to?n","Kh? CH4 (24.9 ppm), LPG (19.9 ppm), CO (13.4 ppm), M?c kh? gas: An to?n",Auto,OFF,OFF,OFF,OFF,
7/11/2025,5:37:42,30.866,76.768,14.30655,24.21972,19.15161,14.38136,18.95196,0.33253,An toan,An toan,"Nhi?t ?? 30.9?C, ?? ?m 76.8%, Kh? CO th?p (14.4 ppm), M?c ch?y: An to?n","Kh? CH4 (24.2 ppm), LPG (19.2 ppm), CO (14.4 ppm), M?c kh? gas: An to?n",Auto,OFF,OFF,OFF,OFF,
7/11/2025,5:41:15,30.416,75.561,14.24997,26.25862,18.70437,13.7368,14.9873,0.89904,An toan,An toan,"Nhi?t ?? 30.4?C, ?? ?m 75.6%, Kh? CO th?p (13.7 ppm), M?c ch?y: An to?n","Kh? CH4 (26.3 ppm), LPG (18.7 ppm), CO (13.7 ppm), M?c kh? gas: An to?n",Auto,OFF,OFF,OFF,OFF,
7/11/2025,5:42:51,30.823,78.535,14.28244,24.19452,18.36472,14.51683,16.45993,0.76901,An toan,An toan,"Nhi?t ?? 30.8?C, ?? ?m 78.5%, Kh? CO th?p (14.5 ppm), M?c ch?y: An to?n","Kh? CH4 (24.2 ppm), LPG (18.4 ppm), CO (14.5 ppm), M?c kh? gas: An to?n",Auto,OFF,OFF,OFF,OFF,
7/11/2025,5:43:50,29.681,77.844,15.2823,26.88369,18.56976,14.95923,12.72936,0.20637,An toan,An toan,"Nhi?t ?? 29.7?C, ?? ?m 77.8%, Kh? CO th?p (15.0 ppm), M?c ch?y: An to?n","Kh? CH4 (26.9 ppm), LPG (18.6 ppm), CO (15.0 ppm), M?c kh? gas: An to?n",Auto,OFF,OFF,OFF,OFF,
7/11/2025,5:44:09,29.986,76.53,15.6047,24.08954,17.46018,14.98666,27.58557,0.46851,An toan,An toan,"Nhi?t ?? 30.0?C, ?? ?m 76.5%, Kh? CO th?p (15.0 ppm), M?c ch?y: An to?n","Kh? CH4 (24.1 ppm), LPG (17.5 ppm), CO (15.0 ppm), M?c kh? gas: An to?n",Auto,OFF,OFF,OFF,OFF,
7/11/2025,5:45:37,29.544,75.612,15.82966,24.35787,18.6665,14.39699,19.61393,0.29008,An toan,An toan,"Nhi?t ?? 29.5?C, ?? ?m 75.6%, Kh? CO th?p (14.4 ppm), M?c ch?y: An to?n","Kh? CH4 (24.4 ppm), LPG (18.7 ppm), CO (14.4 ppm), M?c kh? gas: An to?n",Auto,OFF,OFF,OFF,OFF,
7/11/2025,5:46:24,29.732,74.306,14.1935,25.94019,17.53679,13.32443,12.09644,0.37607,An toan,An toan,"Nhi?t ?? 29.7?C, ?? ?m 74.3%, Kh? CO th?p (13.3 ppm), M?c ch?y: An to?n","Kh? CH4 (25.9 ppm), LPG (17.5 ppm), CO (13.3 ppm), M?c kh? gas: An to?n",Auto,OFF,OFF,OFF,OFF,
7/11/2025,5:55:05,29.123,78.569,15.22311,24.75624,19.40706,13.24076,29.25954,0.13108,An toan,An toan,"Nhi?t ?? 29.1?C, ?? ?m 78.6%, Kh? CO th?p (13.2 ppm), M?c ch?y: An to?n","Kh? CH4 (24.8 ppm), LPG (19.4 ppm), CO (13.2 ppm), M?c kh? gas: An to?n",Auto,OFF,OFF,OFF,OFF,
7/11/2025,6:02:37,29.294,69.567,14.83476,26.04715,18.82836,14.07422,26.55889,0.95558,An toan,An toan,"Nhi?t ?? 29.3?C, ?? ?m 69.6%, Kh? CO th?p (14.1 ppm), M?c ch?y: An to?n","Kh? CH4 (26.0 ppm), LPG (18.8 ppm), CO (14.1 ppm), M?c kh? gas: An to?n",Auto,OFF,OFF,OFF,OFF,
7/11/2025,6:03:07,29.175,71.059,14.09543,24.41547,19.11795,13.56666,25.70671,0.92641,An toan,An toan,"Nhi?t ?? 29.2?C, ?? ?m 71.1%, Kh? CO th?p (13.6 ppm), M?c ch?y: An to?n","Kh? CH4 (24.4 ppm), LPG (19.1 ppm), CO (13.6 ppm), M?c kh? gas: An to?n",Auto,OFF,OFF,OFF,OFF,
7/11/2025,6:06:12,29.385,69.019,15.9068,25.51979,18.29151,13.66673,15.72181,0.5576,An toan,An toan,"Nhi?t ?? 29.4?C, ?? ?m 69.0%, Kh? CO th?p (13.7 ppm), M?c ch?y: An to?n","Kh? CH4 (25.5 ppm), LPG (18.3 ppm), CO (13.7 ppm), M?c kh? gas: An to?n",Auto,OFF,OFF,OFF,OFF,
7/11/2025,6:16:36,30.455,79.142,14.85625,25.45927,19.753,13.52613,23.06167,0.19837,An toan,An toan,"Nhi?t ?? 30.5?C, ?? ?m 79.1%, Kh? CO th?p (13.5 ppm), M?c ch?y: An to?n","Kh? CH4 (25.5 ppm), LPG (19.8 ppm), CO (13.5 ppm), M?c kh? gas: An to?n",Auto,OFF,OFF,OFF,OFF,
7/11/2025,6:17:43,30.63,72.506,15.03318,25.64424,17.21536,14.3849,17.90535,0.26462,An toan,An toan,"Nhi?t ?? 30.6?C, ?? ?m 72.5%, Kh? CO th?p (14.4 ppm), M?c ch?y: An to?n","Kh? CH4 (25.6 ppm), LPG (17.2 ppm), CO (14.4 ppm), M?c kh? gas: An to?n",Auto,OFF,OFF,OFF,OFF,
7/11/2025,6:18:52,30.754,78.008,14.13272,24.5759,18.39953,14.71875,28.56289,0.38514,An toan,An toan,"Nhi?t ?? 30.8?C, ?? ?m 78.0%, Kh? CO th?p (14.7 ppm), M?c ch?y: An to?n","Kh? CH4 (24.6 ppm), LPG (18.4 ppm), CO (14.7 ppm), M?c kh? gas: An to?n",Auto,OFF,OFF,OFF,OFF,
7/11/2025,6:19:23,30.76,78.818,14.70965,24.91305,18.69571,13.25117,15.30999,0.42605,An toan,An toan,"Nhi?t ?? 30.8?C, ?? ?m 78.8%, Kh? CO th?p (13.3 ppm), M?c ch?y: An to?n","Kh? CH4 (24.9 ppm), LPG (18.7 ppm), CO (13.3 ppm), M?c kh? gas: An to?n",Auto,OFF,OFF,OFF,OFF,
7/11/2025,6:22:31,30.886,79.974,14.17994,26.27634,19.88927,14.42991,26.43344,0.19714,An toan,An toan,"Nhi?t ?? 30.9?C, ?? ?m 80.0%, Kh? CO th?p (14.4 ppm), M?c ch?y: An to?n","Kh? CH4 (26.3 ppm), LPG (19.9 ppm), CO (14.4 ppm), M?c kh? gas: An to?n",Auto,OFF,OFF,OFF,OFF,
7/11/2025,6:24:39,30.49,70.006,14.87639,25.95096,18.27905,14.55339,18.11226,0.56395,An toan,An toan,"Nhi?t ?? 30.5?C, ?? ?m 70.0%, Kh? CO th?p (14.6 ppm), M?c ch?y: An to?n","Kh? CH4 (26.0 ppm), LPG (18.3 ppm), CO (14.6 ppm), M?c kh? gas: An to?n",Auto,OFF,OFF,OFF,OFF,
7/11/2025,6:26:51,30.827,77.235,14.50173,24.66926,17.63469,14.46958,14.34113,0.12969,An toan,An toan,"Nhi?t ?? 30.8?C, ?? ?m 77.2%, Kh? CO th?p (14.5 ppm), M?c ch?y: An to?n","Kh? CH4 (24.7 ppm), LPG (17.6 ppm), CO (14.5 ppm), M?c kh? gas: An to?n",Auto,OFF,OFF,OFF,OFF,
7/11/2025,6:31:22,29.057,79.789,15.76048,24.54487,17.76637,13.87239,29.21033,0.2046,An toan,An toan,"Nhi?t ?? 29.1?C, ?? ?m 79.8%, Kh? CO th?p (13.9 ppm), M?c ch?y: An to?n","Kh? CH4 (24.5 ppm), LPG (17.8 ppm), CO (13.9 ppm), M?c kh? gas: An to?n",Auto,OFF,OFF,OFF,OFF,
7/11/2025,6:35:28,30.725,70.97,15.02578,25.90395,19.31589,13.65798,10.51256,0.40957,An toan,An toan,"Nhi?t ?? 30.7?C, ?? ?m 71.0%, Kh? CO th?p (13.7 ppm), M?c ch?y: An to?n","Kh? CH4 (25.9 ppm), LPG (19.3 ppm), CO (13.7 ppm), M?c kh? gas: An to?n",Auto,OFF,OFF,OFF,OFF,
7/11/2025,6:37:32,29.191,72.743,14.13864,26.51899,17.17866,14.95564,13.93629,0.94066,An toan,An toan,"Nhi?t ?? 29.2?C, ?? ?m 72.7%, Kh? CO th?p (15.0 ppm), M?c ch?y: An to?n","Kh? CH4 (26.5 ppm), LPG (17.2 ppm), CO (15.0 ppm), M?c kh? gas: An to?n",Auto,OFF,OFF,OFF,OFF,
7/11/2025,6:39:21,29.526,74.045,14.65805,26.95995,17.50181,14.62462,25.47658,0.53136,An toan,An toan,"Nhi?t ?? 29.5?C, ?? ?m 74.0%, Kh? CO th?p (14.6 ppm), M?c ch?y: An to?n","Kh? CH4 (27.0 ppm), LPG (17.5 ppm), CO (14.6 ppm), M?c kh? gas: An to?n",Auto,OFF,OFF,OFF,OFF,
7/11/2025,6:41:23,30.019,69.175,15.72266,26.26908,18.69893,13.17135,14.75422,0.93172,An toan,An toan,"Nhi?t ?? 30.0?C, ?? ?m 69.2%, Kh? CO th?p (13.2 ppm), M?c ch?y: An to?n","Kh? CH4 (26.3 ppm), LPG (18.7 ppm), CO (13.2 ppm), M?c kh? gas: An to?n",Auto,OFF,OFF,OFF,OFF,
7/11/2025,6:43:44,30.187,74.477,15.22919,26.76003,18.89425,14.02463,24.97532,0.539,An toan,An toan,"Nhi?t ?? 30.2?C, ?? ?m 74.5%, Kh? CO th?p (14.0 ppm), M?c ch?y: An to?n","Kh? CH4 (26.8 ppm), LPG (18.9 ppm), CO (14.0 ppm), M?c kh? gas: An to?n",Auto,OFF,OFF,OFF,OFF,
7/11/2025,6:46:49,29.864,79.754,15.74703,24.88258,19.85614,14.298,27.80754,0.34268,An toan,An toan,"Nhi?t ?? 29.9?C, ?? ?m 79.8%, Kh? CO th?p (14.3 ppm), M?c ch?y: An to?n","Kh? CH4 (24.9 ppm), LPG (19.9 ppm), CO (14.3 ppm), M?c kh? gas: An to?n",Auto,OFF,OFF,OFF,OFF,
7/11/2025,6:51:33,30.074,69.713,15.97332,26.16479,17.9064,13.01632,12.3538,0.68121,An toan,An toan,"Nhi?t ?? 30.1?C, ?? ?m 69.7%, Kh? CO th?p (13.0 ppm), M?c ch?y: An to?n","Kh? CH4 (26.2 ppm), LPG (17.9 ppm), CO (13.0 ppm), M?c kh? gas: An to?n",Auto,OFF,OFF,OFF,OFF,
7/11/2025,6:57:29,30.633,73.432,15.07387,25.01404,18.77565,14.98389,24.37728,0.95247,An toan,An toan,"Nhi?t ?? 30.6?C, ?? ?m 73.4%, Kh? CO th?p (15.0 ppm), M?c ch?y: An to?n","Kh? CH4 (25.0 ppm), LPG (18.8 ppm), CO (15.0 ppm), M?c kh? gas: An to?n",Auto,OFF,OFF,OFF,OFF,
7/11/2025,6:57:35,30.364,73.978,14.75477,24.42185,19.44836,14.23568,14.99955,0.6469,An toan,An toan,"Nhi?t ?? 30.4?C, ?? ?m 74.0%, Kh? CO th?p (14.2 ppm), M?c ch?y: An to?n","Kh? CH4 (24.4 ppm), LPG (19.4 ppm), CO (14.2 ppm), M?c kh? gas: An to?n",Auto,OFF,OFF,OFF,OFF,
7/11/2025,7:02:21,29.401,75.657,14.71683,25.80624,18.1162,14.27099,21.04301,0.23257,An toan,An toan,"Nhi?t ?? 29.4?C, ?? ?m 75.7%, Kh? CO th?p (14.3 ppm), M?c ch?y: An to?n","Kh? CH4 (25.8 ppm), LPG (18.1 ppm), CO (14.3 ppm), M?c kh? gas: An to?n",Auto,OFF,OFF,OFF,OFF,
7/11/2025,7:04:27,29.289,69.236,15.68327,24.4853,19.72138,14.47933,13.93203,0.95824,An toan,An toan,"Nhi?t ?? 29.3?C, ?? ?m 69.2%, Kh? CO th?p (14.5 ppm), M?c ch?y: An to?n","Kh? CH4 (24.5 ppm), LPG (19.7 ppm), CO (14.5 ppm), M?c kh? gas: An to?n",Auto,OFF,OFF,OFF,OFF,
7/11/2025,7:08:02,29.428,76.569,14.86562,26.6232,17.01598,13.80403,27.74678,0.56757,An toan,An toan,"Nhi?t ?? 29.4?C, ?? ?m 76.6%, Kh? CO th?p (13.8 ppm), M?c ch?y: An to?n","Kh? CH4 (26.6 ppm), LPG (17.0 ppm), CO (13.8 ppm), M?c kh? gas: An to?n",Auto,OFF,OFF,OFF,OFF,
7/11/2025,7:13:42,29.276,76.031,14.07316,25.26101,17.00995,14.83687,27.75545,0.63015,An toan,An toan,"Nhi?t ?? 29.3?C, ?? ?m 76.0%, Kh? CO th?p (14.8 ppm), M?c ch?y: An to?n","Kh? CH4 (25.3 ppm), LPG (17.0 ppm), CO (14.8 ppm), M?c kh? gas: An to?n",Auto,OFF,OFF,OFF,OFF,
7/11/2025,7:17:00,30.049,71.349,14.4985,24.74628,17.94309,13.75342,16.37152,0.5673,An toan,An toan,"Nhi?t ?? 30.0?C, ?? ?m 71.3%, Kh? CO th?p (13.8 ppm), M?c ch?y: An to?n","Kh? CH4 (24.7 ppm), LPG (17.9 ppm), CO (13.8 ppm), M?c kh? gas: An to?n",Auto,OFF,OFF,OFF,OFF,
7/11/2025,7:17:57,29.649,71.84,14.89137,26.37376,17.666,13.59546,26.88106,0.5085,An toan,An toan,"Nhi?t ?? 29.6?C, ?? ?m 71.8%, Kh? CO th?p (13.6 ppm), M?c ch?y: An to?n","Kh? CH4 (26.4 ppm), LPG (17.7 ppm), CO (13.6 ppm), M?c kh? gas: An to?n",Auto,OFF,OFF,OFF,OFF,
7/11/2025,7:18:33,30.262,70.491,15.22024,26.3781,19.79787,14.86242,24.72896,0.68781,An toan,An toan,"Nhi?t ?? 30.3?C, ?? ?m 70.5%, Kh? CO th?p (14.9 ppm), M?c ch?y: An to?n","Kh? CH4 (26.4 ppm), LPG (19.8 ppm), CO (14.9 ppm), M?c kh? gas: An to?n",Auto,OFF,OFF,OFF,OFF,
7/11/2025,7:21:00,30.306,75.277,14.4613,24.53388,18.81953,14.05645,16.87564,0.79615,An toan,An toan,"Nhi?t ?? 30.3?C, ?? ?m 75.3%, Kh? CO th?p (14.1 ppm), M?c ch?y: An to?n","Kh? CH4 (24.5 ppm), LPG (18.8 ppm), CO (14.1 ppm), M?c kh? gas: An to?n",Auto,OFF,OFF,OFF,OFF,
7/11/2025,7:25:04,30.462,75.236,14.18479,26.38612,17.21489,14.53157,22.4192,0.98005,An toan,An toan,"Nhi?t ?? 30.5?C, ?? ?m 75.2%, Kh? CO th?p (14.5 ppm), M?c ch?y: An to?n","Kh? CH4 (26.4 ppm), LPG (17.2 ppm), CO (14.5 ppm), M?c kh? gas: An to?n",Auto,OFF,OFF,OFF,OFF,
7/11/2025,7:25:55,29.04,69.121,15.5066,24.21951,19.82767,13.42523,25.03711,0.86422,An toan,An toan,"Nhi?t ?? 29.0?C, ?? ?m 69.1%, Kh? CO th?p (13.4 ppm), M?c ch?y: An to?n","Kh? CH4 (24.2 ppm), LPG (19.8 ppm), CO (13.4 ppm), M?c kh? gas: An to?n",Auto,OFF,OFF,OFF,OFF,
7/11/2025,7:29:04,30.443,78.146,15.60661,25.00209,18.08837,14.54736,10.43643,0.37543,An toan,An toan,"Nhi?t ?? 30.4?C, ?? ?m 78.1%, Kh? CO th?p (14.5 ppm), M?c ch?y: An to?n","Kh? CH4 (25.0 ppm), LPG (18.1 ppm), CO (14.5 ppm), M?c kh? gas: An to?n",Auto,OFF,OFF,OFF,OFF,
7/11/2025,7:32:15,29.017,74.95,15.97998,25.35369,19.94765,14.81186,16.77907,0.53519,An toan,An toan,"Nhi?t ?? 29.0?C, ?? ?m 74.9%, Kh? CO th?p (14.8 ppm), M?c ch?y: An to?n","Kh? CH4 (25.4 ppm), LPG (19.9 ppm), CO (14.8 ppm), M?c kh? gas: An to?n",Auto,OFF,OFF,OFF,OFF,
7/11/2025,7:37:30,30.836,74.404,15.95596,25.3806,17.56835,14.81932,24.65799,0.72204,An toan,An toan,"Nhi?t ?? 30.8?C, ?? ?m 74.4%, Kh? CO th?p (14.8 ppm), M?c ch?y: An to?n","Kh? CH4 (25.4 ppm), LPG (17.6 ppm), CO (14.8 ppm), M?c kh? gas: An to?n",Auto,OFF,OFF,OFF,OFF,
7/11/2025,7:41:42,30.031,77.918,15.55394,25.70182,18.74436,13.13756,20.49905,0.74795,An toan,An toan,"Nhi?t ?? 30.0?C, ?? ?m 77.9%, Kh? CO th?p (13.1 ppm), M?c ch?y: An to?n","Kh? CH4 (25.7 ppm), LPG (18.7 ppm), CO (13.1 ppm), M?c kh? gas: An to?n",Auto,OFF,OFF,OFF,OFF,
7/11/2025,7:43:34,30.199,75.915,15.19349,26.53153,19.3267,13.84374,19.43984,0.66568,An toan,An toan,"Nhi?t ?? 30.2?C, ?? ?m 75.9%, Kh? CO th?p (13.8 ppm), M?c ch?y: An to?n","Kh? CH4 (26.5 ppm), LPG (19.3 ppm), CO (13.8 ppm), M?c kh? gas: An to?n",Auto,OFF,OFF,OFF,OFF,
7/11/2025,7:43:49,29.053,70.518,15.74846,24.2986,19.46606,13.05089,29.4935,0.67411,An toan,An toan,"Nhi?t ?? 29.1?C, ?? ?m 70.5%, Kh? CO th?p (13.1 ppm), M?c ch?y: An to?n","Kh? CH4 (24.3 ppm), LPG (19.5 ppm), CO (13.1 ppm), M?c kh? gas: An to?n",Auto,OFF,OFF,OFF,OFF,
7/11/2025,7:44:45,29.049,75.972,15.95852,26.73736,18.07035,14.78515,23.96509,0.83658,An toan,An toan,"Nhi?t ?? 29.0?C, ?? ?m 76.0%, Kh? CO th?p (14.8 ppm), M?c ch?y: An to?n","Kh? CH4 (26.7 ppm), LPG (18.1 ppm), CO (14.8 ppm), M?c kh? gas: An to?n",Auto,OFF,OFF,OFF,OFF,
7/11/2025,7:53:01,30.161,79.051,15.77354,26.0286,17.23814,13.0493,13.26844,0.87263,An toan,An toan,"Nhi?t ?? 30.2?C, ?? ?m 79.1%, Kh? CO th?p (13.0 ppm), M?c ch?y: An to?n","Kh? CH4 (26.0 ppm), LPG (17.2 ppm), CO (13.0 ppm), M?c kh? gas: An to?n",Auto,OFF,OFF,OFF,OFF,
7/11/2025,7:54:20,29.864,77.09,15.73928,24.47206,17.90391,13.39474,22.79249,0.86794,An toan,An toan,"Nhi?t ?? 29.9?C, ?? ?m 77.1%, Kh? CO th?p (13.4 ppm), M?c ch?y: An to?n","Kh? CH4 (24.5 ppm), LPG (17.9 ppm), CO (13.4 ppm), M?c kh? gas: An to?n",Auto,OFF,OFF,OFF,OFF,
7/11/2025,7:57:37,30.992,75.396,15.53839,24.70632,17.08476,13.98637,28.25796,0.89833,An toan,An toan,"Nhi?t ?? 31.0?C, ?? ?m 75.4%, Kh? CO th?p (14.0 ppm), M?c ch?y: An to?n","Kh? CH4 (24.7 ppm), LPG (17.1 ppm), CO (14.0 ppm), M?c kh? gas: An to?n",Auto,OFF,OFF,OFF,OFF,
7/11/2025,8:01:29,29.224,79.118,15.14625,26.68864,19.90685,13.051,25.1412,0.51171,An toan,An toan,"Nhi?t ?? 29.2?C, ?? ?m 79.1%, Kh? CO th?p (13.1 ppm), M?c ch?y: An to?n","Kh? CH4 (26.7 ppm), LPG (19.9 ppm), CO (13.1 ppm), M?c kh? gas: An to?n",Auto,OFF,OFF,OFF,OFF,
7/11/2025,8:10:35,30.24,79.163,14.20242,26.40629,18.85131,14.66097,22.92425,0.61135,An toan,An toan,"Nhi?t ?? 30.2?C, ?? ?m 79.2%, Kh? CO th?p (14.7 ppm), M?c ch?y: An to?n","Kh? CH4 (26.4 ppm), LPG (18.9 ppm), CO (14.7 ppm), M?c kh? gas: An to?n",Auto,OFF,OFF,OFF,OFF,
7/11/2025,8:11:12,29.736,77.408,15.26735,24.15706,17.25252,14.72966,16.7708,0.25582,An toan,An toan,"Nhi?t ?? 29.7?C, ?? ?m 77.4%, Kh? CO th?p (14.7 ppm), M?c ch?y: An to?n","Kh? CH4 (24.2 ppm), LPG (17.3 ppm), CO (14.7 ppm), M?c kh? gas: An to?n",Auto,OFF,OFF,OFF,OFF,
7/11/2025,8:12:44,29.253,76.16,15.05857,26.94016,17.90782,14.22107,23.87419,0.57335,An toan,An toan,"Nhi?t ?? 29.3?C, ?? ?m 76.2%, Kh? CO th?p (14.2 ppm), M?c ch?y: An to?n","Kh? CH4 (26.9 ppm), LPG (17.9 ppm), CO (14.2 ppm), M?c kh? gas: An to?n",Auto,OFF,OFF,OFF,OFF,
7/11/2025,8:19:38,30.417,74.866,15.54964,25.49749,18.14152,13.22125,29.49306,0.80018,An toan,An toan,"Nhi?t ?? 30.4?C, ?? ?m 74.9%, Kh? CO th?p (13.2 ppm), M?c ch?y: An to?n","Kh? CH4 (25.5 ppm), LPG (18.1 ppm), CO (13.2 ppm), M?c kh? gas: An to?n",Auto,OFF,OFF,OFF,OFF,
7/11/2025,8:20:29,29.151,74.346,14.8306,26.80281,17.9603,13.86092,17.73663,0.97967,An toan,An toan,"Nhi?t ?? 29.2?C, ?? ?m 74.3%, Kh? CO th?p (13.9 ppm), M?c ch?y: An to?n","Kh? CH4 (26.8 ppm), LPG (18.0 ppm), CO (13.9 ppm), M?c kh? gas: An to?n",Auto,OFF,OFF,OFF,OFF,
7/11/2025,8:20:52,30.872,71.293,15.04627,24.27889,19.35967,13.27319,19.63668,0.6574,An toan,An toan,"Nhi?t ?? 30.9?C, ?? ?m 71.3%, Kh? CO th?p (13.3 ppm), M?c ch?y: An to?n","Kh? CH4 (24.3 ppm), LPG (19.4 ppm), CO (13.3 ppm), M?c kh? gas: An to?n",Auto,OFF,OFF,OFF,OFF,
7/11/2025,8:21:35,29.685,70.718,14.20604,25.5055,17.96368,14.3609,23.17299,0.81556,An toan,An toan,"Nhi?t ?? 29.7?C, ?? ?m 70.7%, Kh? CO th?p (14.4 ppm), M?c ch?y: An to?n","Kh? CH4 (25.5 ppm), LPG (18.0 ppm), CO (14.4 ppm), M?c kh? gas: An to?n",Auto,OFF,OFF,OFF,OFF,
7/11/2025,8:24:10,30.532,79.829,14.44304,25.84993,18.39598,13.77723,10.60672,0.90668,An toan,An toan,"Nhi?t ?? 30.5?C, ?? ?m 79.8%, Kh? CO th?p (13.8 ppm), M?c ch?y: An to?n","Kh? CH4 (25.8 ppm), LPG (18.4 ppm), CO (13.8 ppm), M?c kh? gas: An to?n",Auto,OFF,OFF,OFF,OFF,
7/11/2025,8:24:22,30.913,77.187,14.91886,26.0758,17.66413,13.00066,20.22314,0.18377,An toan,An toan,"Nhi?t ?? 30.9?C, ?? ?m 77.2%, Kh? CO th?p (13.0 ppm), M?c ch?y: An to?n","Kh? CH4 (26.1 ppm), LPG (17.7 ppm), CO (13.0 ppm), M?c kh? gas: An to?n",Auto,OFF,OFF,OFF,OFF,
7/11/2025,8:27:57,30.348,75.534,15.37759,26.15369,18.09803,14.1201,13.06339,0.59432,An toan,An toan,"Nhi?t ?? 30.3?C, ?? ?m 75.5%, Kh? CO th?p (14.1 ppm), M?c ch?y: An to?n","Kh? CH4 (26.2 ppm), LPG (18.1 ppm), CO (14.1 ppm), M?c kh? gas: An to?n",Auto,OFF,OFF,OFF,OFF,
7/11/2025,8:30:12,30.209,78.912,15.00175,26.51796,18.72325,13.88691,20.80003,0.23751,An toan,An toan,"Nhi?t ?? 30.2?C, ?? ?m 78.9%, Kh? CO th?p (13.9 ppm), M?c ch?y: An to?n","Kh? CH4 (26.5 ppm), LPG (18.7 ppm), CO (13.9 ppm), M?c kh? gas: An to?n",Auto,OFF,OFF,OFF,OFF,
7/11/2025,8:30:36,29.771,78.674,14.633,25.32632,17.21039,14.75553,16.68483,0.50547,An toan,An toan,"Nhi?t ?? 29.8?C, ?? ?m 78.7%, Kh? CO th?p (14.8 ppm), M?c ch?y: An to?n","Kh? CH4 (25.3 ppm), LPG (17.2 ppm), CO (14.8 ppm), M?c kh? gas: An to?n",Auto,OFF,OFF,OFF,OFF,
7/11/2025,8:30:44,30.137,78.419,14.44963,26.11296,19.95427,14.23306,27.98527,0.97613,An toan,An toan,"Nhi?t ?? 30.1?C, ?? ?m 78.4%, Kh? CO th?p (14.2 ppm), M?c ch?y: An to?n","Kh? CH4 (26.1 ppm), LPG (20.0 ppm), CO (14.2 ppm), M?c kh? gas: An to?n",Auto,OFF,OFF,OFF,OFF,
7/11/2025,8:31:23,29.857,77.527,14.8632,26.16994,19.11087,14.39657,21.92455,0.20817,An toan,An toan,"Nhi?t ?? 29.9?C, ?? ?m 77.5%, Kh? CO th?p (14.4 ppm), M?c ch?y: An to?n","Kh? CH4 (26.2 ppm), LPG (19.1 ppm), CO (14.4 ppm), M?c kh? gas: An to?n",Auto,OFF,OFF,OFF,OFF,
7/11/2025,8:37:34,30.027,79.289,14.42084,24.9337,17.12081,13.86732,20.16931,0.16769,An toan,An toan,"Nhi?t ?? 30.0?C, ?? ?m 79.3%, Kh? CO th?p (13.9 ppm), M?c ch?y: An to?n","Kh? CH4 (24.9 ppm), LPG (17.1 ppm), CO (13.9 ppm), M?c kh? gas: An to?n",Auto,OFF,OFF,OFF,OFF,
7/11/2025,8:42:46,29.532,74.576,14.60514,26.68859,19.64748,13.28332,12.28491,0.66372,An toan,An toan,"Nhi?t ?? 29.5?C, ?? ?m 74.6%, Kh? CO th?p (13.3 ppm), M?c ch?y: An to?n","Kh? CH4 (26.7 ppm), LPG (19.6 ppm), CO (13.3 ppm), M?c kh? gas: An to?n",Auto,OFF,OFF,OFF,OFF,
7/11/2025,8:42:59,30.876,69.195,15.99295,25.32807,19.06901,14.26064,25.66329,0.86366,An toan,An toan,"Nhi?t ?? 30.9?C, ?? ?m 69.2%, Kh? CO th?p (14.3 ppm), M?c ch?y: An to?n","Kh? CH4 (25.3 ppm), LPG (19.1 ppm), CO (14.3 ppm), M?c kh? gas: An to?n",Auto,OFF,OFF,OFF,OFF,
7/11/2025,8:44:17,29.967,72.947,14.56596,25.32437,17.42185,14.4508,18.12339,0.36531,An toan,An toan,"Nhi?t ?? 30.0?C, ?? ?m 72.9%, Kh? CO th?p (14.5 ppm), M?c ch?y: An to?n","Kh? CH4 (25.3 ppm), LPG (17.4 ppm), CO (14.5 ppm), M?c kh? gas: An to?n",Auto,OFF,OFF,OFF,OFF,
7/11/2025,8:44:48,30.903,70.731,14.26728,26.17243,19.3534,13.01728,14.18128,0.83633,An toan,An toan,"Nhi?t ?? 30.9?C, ?? ?m 70.7%, Kh? CO th?p (13.0 ppm), M?c ch?y: An to?n","Kh? CH4 (26.2 ppm), LPG (19.4 ppm), CO (13.0 ppm), M?c kh? gas: An to?n",Auto,OFF,OFF,OFF,OFF,
7/11/2025,9:07:52,30.6,69.239,14.03998,26.09019,19.45522,13.35049,12.13247,0.48179,An toan,An toan,"Nhi?t ?? 30.6?C, ?? ?m 69.2%, Kh? CO th?p (13.4 ppm), M?c ch?y: An to?n","Kh? CH4 (26.1 ppm), LPG (19.5 ppm), CO (13.4 ppm), M?c kh? gas: An to?n",Auto,OFF,OFF,OFF,OFF,
7/11/2025,9:14:29,30.356,69.295,15.27277,26.65201,17.01073,13.96867,20.59414,0.44041,An toan,An toan,"Nhi?t ?? 30.4?C, ?? ?m 69.3%, Kh? CO th?p (14.0 ppm), M?c ch?y: An to?n","Kh? CH4 (26.7 ppm), LPG (17.0 ppm), CO (14.0 ppm), M?c kh? gas: An to?n",Auto,OFF,OFF,OFF,OFF,
7/11/2025,9:17:17,30.042,75.788,15.82672,24.15483,18.64517,14.79108,27.67271,0.41675,An toan,An toan,"Nhi?t ?? 30.0?C, ?? ?m 75.8%, Kh? CO th?p (14.8 ppm), M?c ch?y: An to?n","Kh? CH4 (24.2 ppm), LPG (18.6 ppm), CO (14.8 ppm), M?c kh? gas: An to?n",Auto,OFF,OFF,OFF,OFF,
7/11/2025,9:17:44,30.317,69.934,15.4928,25.05651,19.8657,13.93032,11.72497,0.7497,An toan,An toan,"Nhi?t ?? 30.3?C, ?? ?m 69.9%, Kh? CO th?p (13.9 ppm), M?c ch?y: An to?n","Kh? CH4 (25.1 ppm), LPG (19.9 ppm), CO (13.9 ppm), M?c kh? gas: An to?n",Auto,OFF,OFF,OFF,OFF,
7/11/2025,9:17:49,30.372,78.745,15.98534,26.90081,18.04515,13.63948,15.17348,0.6244,An toan,An toan,"Nhi?t ?? 30.4?C, ?? ?m 78.7%, Kh? CO th?p (13.6 ppm), M?c ch?y: An to?n","Kh? CH4 (26.9 ppm), LPG (18.0 ppm), CO (13.6 ppm), M?c kh? gas: An to?n",Auto,OFF,OFF,OFF,OFF,
7/11/2025,9:20:01,29.831,75.89,14.63274,24.77564,18.60545,13.89412,25.5856,0.30295,An toan,An toan,"Nhi?t ?? 29.8?C, ?? ?m 75.9%, Kh? CO th?p (13.9 ppm), M?c ch?y: An to?n","Kh? CH4 (24.8 ppm), LPG (18.6 ppm), CO (13.9 ppm), M?c kh? gas: An to?n",Auto,OFF,OFF,OFF,OFF,
7/11/2025,9:24:16,30.125,70.113,15.12796,24.03043,17.67952,14.64895,25.65403,0.28173,An toan,An toan,"Nhi?t ?? 30.1?C, ?? ?m 70.1%, Kh? CO th?p (14.6 ppm), M?c ch?y: An to?n","Kh? CH4 (24.0 ppm), LPG (17.7 ppm), CO (14.6 ppm), M?c kh? gas: An to?n",Auto,OFF,OFF,OFF,OFF,
7/11/2025,9:24:39,29.388,75.852,15.74877,24.40902,17.3201,14.32335,24.93521,0.90829,An toan,An toan,"Nhi?t ?? 29.4?C, ?? ?m 75.9%, Kh? CO th?p (14.3 ppm), M?c ch?y: An to?n","Kh? CH4 (24.4 ppm), LPG (17.3 ppm), CO (14.3 ppm), M?c kh? gas: An to?n",Auto,OFF,OFF,OFF,OFF,
7/11/2025,9:26:55,29.952,77.654,15.47787,25.25852,19.78342,13.5965,19.12421,0.17844,An toan,An toan,"Nhi?t ?? 30.0?C, ?? ?m 77.7%, Kh? CO th?p (13.6 ppm), M?c ch?y: An to?n","Kh? CH4 (25.3 ppm), LPG (19.8 ppm), CO (13.6 ppm), M?c kh? gas: An to?n",Auto,OFF,OFF,OFF,OFF,
7/11/2025,9:32:19,30.698,69.927,15.2628,24.73597,19.30012,13.15638,23.77608,0.3508,An toan,An toan,"Nhi?t ?? 30.7?C, ?? ?m 69.9%, Kh? CO th?p (13.2 ppm), M?c ch?y: An to?n","Kh? CH4 (24.7 ppm), LPG (19.3 ppm), CO (13.2 ppm), M?c kh? gas: An to?n",Auto,OFF,OFF,OFF,OFF,
7/11/2025,9:34:20,30.321,78.245,15.9638,24.87312,19.86499,13.8512,25.56125,0.10769,An toan,An toan,"Nhi?t ?? 30.3?C, ?? ?m 78.2%, Kh? CO th?p (13.9 ppm), M?c ch?y: An to?n","Kh? CH4 (24.9 ppm), LPG (19.9 ppm), CO (13.9 ppm), M?c kh? gas: An to?n",Auto,OFF,OFF,OFF,OFF,
7/11/2025,9:35:39,29.937,79.377,14.53337,24.43132,18.60862,14.95349,27.92245,0.72407,An toan,An toan,"Nhi?t ?? 29.9?C, ?? ?m 79.4%, Kh? CO th?p (15.0 ppm), M?c ch?y: An to?n","Kh? CH4 (24.4 ppm), LPG (18.6 ppm), CO (15.0 ppm), M?c kh? gas: An to?n",Auto,OFF,OFF,OFF,OFF,
7/11/2025,9:40:21,30.592,73.39,15.19934,25.16503,17.92752,13.45118,29.03453,0.71339,An toan,An toan,"Nhi?t ?? 30.6?C, ?? ?m 73.4%, Kh? CO th?p (13.5 ppm), M?c ch?y: An to?n","Kh? CH4 (25.2 ppm), LPG (17.9 ppm), CO (13.5 ppm), M?c kh? gas: An to?n",Auto,OFF,OFF,OFF,OFF,
7/11/2025,9:44:05,29.084,69.827,14.39537,25.63018,19.48499,13.62214,19.43942,0.94459,An toan,An toan,"Nhi?t ?? 29.1?C, ?? ?m 69.8%, Kh? CO th?p (13.6 ppm), M?c ch?y: An to?n","Kh? CH4 (25.6 ppm), LPG (19.5 ppm), CO (13.6 ppm), M?c kh? gas: An to?n",Auto,OFF,OFF,OFF,OFF,
7/11/2025,9:47:05,30.524,70.191,14.14041,25.73511,17.44762,13.68407,24.11412,0.28106,An toan,An toan,"Nhi?t ?? 30.5?C, ?? ?m 70.2%, Kh? CO th?p (13.7 ppm), M?c ch?y: An to?n","Kh? CH4 (25.7 ppm), LPG (17.4 ppm), CO (13.7 ppm), M?c kh? gas: An to?n",Auto,OFF,OFF,OFF,OFF,
7/11/2025,9:49:23,30.748,76.971,14.06188,25.67539,17.59187,14.7358,19.76885,0.47836,An toan,An toan,"Nhi?t ?? 30.7?C, ?? ?m 77.0%, Kh? CO th?p (14.7 ppm), M?c ch?y: An to?n","Kh? CH4 (25.7 ppm), LPG (17.6 ppm), CO (14.7 ppm), M?c kh? gas: An to?n",Auto,OFF,OFF,OFF,OFF,
7/11/2025,9:49:51,30.153,69.085,14.89402,25.91824,17.06376,13.77587,16.44772,0.57687,An toan,An toan,"Nhi?t ?? 30.2?C, ?? ?m 69.1%, Kh? CO th?p (13.8 ppm), M?c ch?y: An to?n","Kh? CH4 (25.9 ppm), LPG (17.1 ppm), CO (13.8 ppm), M?c kh? gas: An to?n",Auto,OFF,OFF,OFF,OFF,
7/11/2025,9:50:09,29.498,73.61,14.89596,24.76489,18.47906,14.37775,17.68924,0.8945,An toan,An toan,"Nhi?t ?? 29.5?C, ?? ?m 73.6%, Kh? CO th?p (14.4 ppm), M?c ch?y: An to?n","Kh? CH4 (24.8 ppm), LPG (18.5 ppm), CO (14.4 ppm), M?c kh? gas: An to?n",Auto,OFF,OFF,OFF,OFF,
7/11/2025,9:54:00,29.178,76.728,15.94901,25.19563,18.81738,14.74593,28.21824,0.92951,An toan,An toan,"Nhi?t ?? 29.2?C, ?? ?m 76.7%, Kh? CO th?p (14.7 ppm), M?c ch?y: An to?n","Kh? CH4 (25.2 ppm), LPG (18.8 ppm), CO (14.7 ppm), M?c kh? gas: An to?n",Auto,OFF,OFF,OFF,OFF,
7/11/2025,9:59:47,30.665,73.904,15.45578,24.6309,19.76134,14.76284,12.84167,0.35373,An toan,An toan,"Nhi?t ?? 30.7?C, ?? ?m 73.9%, Kh? CO th?p (14.8 ppm), M?c ch?y: An to?n","Kh? CH4 (24.6 ppm), LPG (19.8 ppm), CO (14.8 ppm), M?c kh? gas: An to?n",Auto,OFF,OFF,OFF,OFF,
7/11/2025,10:00:58,29.411,69.874,15.33632,26.99131,17.60361,14.21415,29.06949,0.27178,An toan,An toan,"Nhi?t ?? 29.4?C, ?? ?m 69.9%, Kh? CO th?p (14.2 ppm), M?c ch?y: An to?n","Kh? CH4 (27.0 ppm), LPG (17.6 ppm), CO (14.2 ppm), M?c kh? gas: An to?n",Auto,OFF,OFF,OFF,OFF,
7/11/2025,10:01:53,30.22,76.283,14.00558,24.71376,18.89522,13.01222,19.74663,0.19874,An toan,An toan,"Nhi?t ?? 30.2?C, ?? ?m 76.3%, Kh? CO th?p (13.0 ppm), M?c ch?y: An to?n","Kh? CH4 (24.7 ppm), LPG (18.9 ppm), CO (13.0 ppm), M?c kh? gas: An to?n",Auto,OFF,OFF,OFF,OFF,
7/11/2025,10:09:48,30.692,72.667,14.96396,25.01099,18.8825,13.42254,25.75834,0.13084,An toan,An toan,"Nhi?t ?? 30.7?C, ?? ?m 72.7%, Kh? CO th?p (13.4 ppm), M?c ch?y: An to?n","Kh? CH4 (25.0 ppm), LPG (18.9 ppm), CO (13.4 ppm), M?c kh? gas: An to?n",Auto,OFF,OFF,OFF,OFF,
7/11/2025,10:12:53,29.24,70.379,14.01608,25.74524,17.5159,14.30241,22.48733,0.89731,An toan,An toan,"Nhi?t ?? 29.2?C, ?? ?m 70.4%, Kh? CO th?p (14.3 ppm), M?c ch?y: An to?n","Kh? CH4 (25.7 ppm), LPG (17.5 ppm), CO (14.3 ppm), M?c kh? gas: An to?n",Auto,OFF,OFF,OFF,OFF,
7/11/2025,10:17:42,30.325,74.538,14.69291,24.79866,18.04797,14.20168,28.0004,0.83186,An toan,An toan,"Nhi?t ?? 30.3?C, ?? ?m 74.5%, Kh? CO th?p (14.2 ppm), M?c ch?y: An to?n","Kh? CH4 (24.8 ppm), LPG (18.0 ppm), CO (14.2 ppm), M?c kh? gas: An to?n",Auto,OFF,OFF,OFF,OFF,
7/11/2025,10:23:40,29.232,79.258,15.1452,26.07934,17.77462,13.89726,29.42111,0.31074,An toan,An toan,"Nhi?t ?? 29.2?C, ?? ?m 79.3%, Kh? CO th?p (13.9 ppm), M?c ch?y: An to?n","Kh? CH4 (26.1 ppm), LPG (17.8 ppm), CO (13.9 ppm), M?c kh? gas: An to?n",Auto,OFF,OFF,OFF,OFF,
7/11/2025,10:23:56,30.505,71.59,15.55618,26.74691,19.42416,13.66461,17.61699,0.42613,An toan,An toan,"Nhi?t ?? 30.5?C, ?? ?m 71.6%, Kh? CO th?p (13.7 ppm), M?c ch?y: An to?n","Kh? CH4 (26.7 ppm), LPG (19.4 ppm), CO (13.7 ppm), M?c kh? gas: An to?n",Auto,OFF,OFF,OFF,OFF,
7/11/2025,10:25:09,29.352,69.921,15.09603,25.25078,19.51301,14.77327,11.02718,0.31326,An toan,An toan,"Nhi?t ?? 29.4?C, ?? ?m 69.9%, Kh? CO th?p (14.8 ppm), M?c ch?y: An to?n","Kh? CH4 (25.3 ppm), LPG (19.5 ppm), CO (14.8 ppm), M?c kh? gas: An to?n",Auto,OFF,OFF,OFF,OFF,
7/11/2025,10:26:36,30.203,74.837,15.50867,24.3298,19.5033,13.24433,13.76634,0.27459,An toan,An toan,"Nhi?t ?? 30.2?C, ?? ?m 74.8%, Kh? CO th?p (13.2 ppm), M?c ch?y: An to?n","Kh? CH4 (24.3 ppm), LPG (19.5 ppm), CO (13.2 ppm), M?c kh? gas: An to?n",Auto,OFF,OFF,OFF,OFF,
7/11/2025,10:28:19,30.13,70.573,15.67259,25.01367,19.63197,13.9116,22.34591,0.22157,An toan,An toan,"Nhi?t ?? 30.1?C, ?? ?m 70.6%, Kh? CO th?p (13.9 ppm), M?c ch?y: An to?n","Kh? CH4 (25.0 ppm), LPG (19.6 ppm), CO (13.9 ppm), M?c kh? gas: An to?n",Auto,OFF,OFF,OFF,OFF,
7/11/2025,10:29:54,30.76,78.808,14.10664,25.04573,18.95933,13.47228,16.15626,0.30204,An toan,An toan,"Nhi?t ?? 30.8?C, ?? ?m 78.8%, Kh? CO th?p (13.5 ppm), M?c ch?y: An to?n","Kh? CH4 (25.0 ppm), LPG (19.0 ppm), CO (13.5 ppm), M?c kh? gas: An to?n",Auto,OFF,OFF,OFF,OFF,
7/11/2025,10:29:59,30.752,74.94,14.79705,26.02704,19.6756,13.60314,17.92613,0.27987,An toan,An toan,"Nhi?t ?? 30.8?C, ?? ?m 74.9%, Kh? CO th?p (13.6 ppm), M?c ch?y: An to?n","Kh? CH4 (26.0 ppm), LPG (19.7 ppm), CO (13.6 ppm), M?c kh? gas: An to?n",Auto,OFF,OFF,OFF,OFF,
7/11/2025,10:32:11,29.744,73.124,15.39469,25.39508,18.46981,13.99661,18.30035,0.41734,An toan,An toan,"Nhi?t ?? 29.7?C, ?? ?m 73.1%, Kh? CO th?p (14.0 ppm), M?c ch?y: An to?n","Kh? CH4 (25.4 ppm), LPG (18.5 ppm), CO (14.0 ppm), M?c kh? gas: An to?n",Auto,OFF,OFF,OFF,OFF,
7/11/2025,10:41:43,30.609,69.126,14.33886,26.37681,18.94305,13.31734,17.31966,0.85072,An toan,An toan,"Nhi?t ?? 30.6?C, ?? ?m 69.1%, Kh? CO th?p (13.3 ppm), M?c ch?y: An to?n","Kh? CH4 (26.4 ppm), LPG (18.9 ppm), CO (13.3 ppm), M?c kh? gas: An to?n",Auto,OFF,OFF,OFF,OFF,
7/11/2025,10:47:49,29.523,70.208,15.41239,25.48154,17.13783,14.32468,19.15142,0.84422,An toan,An toan,"Nhi?t ?? 29.5?C, ?? ?m 70.2%, Kh? CO th?p (14.3 ppm), M?c ch?y: An to?n","Kh? CH4 (25.5 ppm), LPG (17.1 ppm), CO (14.3 ppm), M?c kh? gas: An to?n",Auto,OFF,OFF,OFF,OFF,
7/11/2025,10:47:56,30.286,71.961,15.92687,24.52936,17.44916,14.14065,23.37552,0.86559,An toan,An toan,"Nhi?t ?? 30.3?C, ?? ?m 72.0%, Kh? CO th?p (14.1 ppm), M?c ch?y: An to?n","Kh? CH4 (24.5 ppm), LPG (17.4 ppm), CO (14.1 ppm), M?c kh? gas: An to?n",Auto,OFF,OFF,OFF,OFF,
7/11/2025,10:51:25,29.802,69.444,14.45695,25.07333,19.69155,13.47923,18.50238,0.23336,An toan,An toan,"Nhi?t ?? 29.8?C, ?? ?m 69.4%, Kh? CO th?p (13.5 ppm), M?c ch?y: An to?n","Kh? CH4 (25.1 ppm), LPG (19.7 ppm), CO (13.5 ppm), M?c kh? gas: An to?n",Auto,OFF,OFF,OFF,OFF,
7/11/2025,10:51:27,30.076,69.189,14.72518,25.72181,19.03031,13.23883,29.20768,0.52028,An toan,An toan,"Nhi?t ?? 30.1?C, ?? ?m 69.2%, Kh? CO th?p (13.2 ppm), M?c ch?y: An to?n","Kh? CH4 (25.7 ppm), LPG (19.0 ppm), CO (13.2 ppm), M?c kh? gas: An to?n",Auto,OFF,OFF,OFF,OFF,
7/11/2025,10:51:30,29.165,78.299,14.09302,24.36376,17.35042,14.721,13.33193,0.58757,An toan,An toan,"Nhi?t ?? 29.2?C, ?? ?m 78.3%, Kh? CO th?p (14.7 ppm), M?c ch?y: An to?n","Kh? CH4 (24.4 ppm), LPG (17.4 ppm), CO (14.7 ppm), M?c kh? gas: An to?n",Auto,OFF,OFF,OFF,OFF,
7/11/2025,10:57:12,29.572,75.409,14.15113,26.98893,19.67438,14.40173,13.92941,0.13503,An toan,An toan,"Nhi?t ?? 29.6?C, ?? ?m 75.4%, Kh? CO th?p (14.4 ppm), M?c ch?y: An to?n","Kh? CH4 (27.0 ppm), LPG (19.7 ppm), CO (14.4 ppm), M?c kh? gas: An to?n",Auto,OFF,OFF,OFF,OFF,
7/11/2025,11:00:22,29.411,69.813,15.52935,24.47285,19.91311,13.84581,29.38282,0.27201,An toan,An toan,"Nhi?t ?? 29.4?C, ?? ?m 69.8%, Kh? CO th?p (13.8 ppm), M?c ch?y: An to?n","Kh? CH4 (24.5 ppm), LPG (19.9 ppm), CO (13.8 ppm), M?c kh? gas: An to?n",Auto,OFF,OFF,OFF,OFF,
7/11/2025,11:01:19,29.913,79.288,14.99149,24.40215,17.26367,13.78799,19.34305,0.15392,An toan,An toan,"Nhi?t ?? 29.9?C, ?? ?m 79.3%, Kh? CO th?p (13.8 ppm), M?c ch?y: An to?n","Kh? CH4 (24.4 ppm), LPG (17.3 ppm), CO (13.8 ppm), M?c kh? gas: An to?n",Auto,OFF,OFF,OFF,OFF,
7/11/2025,11:06:41,30.339,71.098,14.68287,24.88839,19.77733,14.58913,10.47003,0.54448,An toan,An toan,"Nhi?t ?? 30.3?C, ?? ?m 71.1%, Kh? CO th?p (14.6 ppm), M?c ch?y: An to?n","Kh? CH4 (24.9 ppm), LPG (19.8 ppm), CO (14.6 ppm), M?c kh? gas: An to?n",Auto,OFF,OFF,OFF,OFF,
7/11/2025,11:13:42,30.927,78.505,15.83015,26.01351,18.96151,14.04899,26.57129,0.65861,An toan,An toan,"Nhi?t ?? 30.9?C, ?? ?m 78.5%, Kh? CO th?p (14.0 ppm), M?c ch?y: An to?n","Kh? CH4 (26.0 ppm), LPG (19.0 ppm), CO (14.0 ppm), M?c kh? gas: An to?n",Auto,OFF,OFF,OFF,OFF,
7/11/2025,11:16:55,30.746,73.704,15.55228,24.53525,18.17769,13.9252,10.16581,0.6608,An toan,An toan,"Nhi?t ?? 30.7?C, ?? ?m 73.7%, Kh? CO th?p (13.9 ppm), M?c ch?y: An to?n","Kh? CH4 (24.5 ppm), LPG (18.2 ppm), CO (13.9 ppm), M?c kh? gas: An to?n",Auto,OFF,OFF,OFF,OFF,
7/11/2025,11:17:30,29.866,79.363,15.73684,24.15687,17.78839,14.26361,28.77026,0.53561,An toan,An toan,"Nhi?t ?? 29.9?C, ?? ?m 79.4%, Kh? CO th?p (14.3 ppm), M?c ch?y: An to?n","Kh? CH4 (24.2 ppm), LPG (17.8 ppm), CO (14.3 ppm), M?c kh? gas: An to?n",Auto,OFF,OFF,OFF,OFF,
7/11/2025,11:17:34,29.606,71.086,14.58635,26.65414,17.60079,13.46464,17.71803,0.45178,An toan,An toan,"Nhi?t ?? 29.6?C, ?? ?m 71.1%, Kh? CO th?p (13.5 ppm), M?c ch?y: An to?n","Kh? CH4 (26.7 ppm), LPG (17.6 ppm), CO (13.5 ppm), M?c kh? gas: An to?n",Auto,OFF,OFF,OFF,OFF,
7/11/2025,11:21:30,29.728,70.256,15.85648,25.93501,17.35104,14.48785,12.4908,0.78986,An toan,An toan,"Nhi?t ?? 29.7?C, ?? ?m 70.3%, Kh? CO th?p (14.5 ppm), M?c ch?y: An to?n","Kh? CH4 (25.9 ppm), LPG (17.4 ppm), CO (14.5 ppm), M?c kh? gas: An to?n",Auto,OFF,OFF,OFF,OFF,
7/11/2025,11:32:58,29.182,76.933,14.04025,24.03933,17.60031,14.15901,28.82001,0.76174,An toan,An toan,"Nhi?t ?? 29.2?C, ?? ?m 76.9%, Kh? CO th?p (14.2 ppm), M?c ch?y: An to?n","Kh? CH4 (24.0 ppm), LPG (17.6 ppm), CO (14.2 ppm), M?c kh? gas: An to?n",Auto,OFF,OFF,OFF,OFF,
7/11/2025,11:33:47,29.622,70.226,15.79985,25.70938,18.16951,14.15686,10.05806,0.98977,An toan,An toan,"Nhi?t ?? 29.6?C, ?? ?m 70.2%, Kh? CO th?p (14.2 ppm), M?c ch?y: An to?n","Kh? CH4 (25.7 ppm), LPG (18.2 ppm), CO (14.2 ppm), M?c kh? gas: An to?n",Auto,OFF,OFF,OFF,OFF,
7/11/2025,11:40:03,30.587,77.318,15.7121,24.98158,17.33546,14.59858,21.35846,0.24605,An toan,An toan,"Nhi?t ?? 30.6?C, ?? ?m 77.3%, Kh? CO th?p (14.6 ppm), M?c ch?y: An to?n","Kh? CH4 (25.0 ppm), LPG (17.3 ppm), CO (14.6 ppm), M?c kh? gas: An to?n",Auto,OFF,OFF,OFF,OFF,
7/11/2025,11:40:11,30.41,77.684,14.37547,24.15187,19.99167,13.61842,16.21049,0.74773,An toan,An toan,"Nhi?t ?? 30.4?C, ?? ?m 77.7%, Kh? CO th?p (13.6 ppm), M?c ch?y: An to?n","Kh? CH4 (24.2 ppm), LPG (20.0 ppm), CO (13.6 ppm), M?c kh? gas: An to?n",Auto,OFF,OFF,OFF,OFF,
7/11/2025,11:44:14,29.525,73.254,14.12517,24.68144,18.74743,13.83174,10.22495,0.88923,An toan,An toan,"Nhi?t ?? 29.5?C, ?? ?m 73.3%, Kh? CO th?p (13.8 ppm), M?c ch?y: An to?n","Kh? CH4 (24.7 ppm), LPG (18.7 ppm), CO (13.8 ppm), M?c kh? gas: An to?n",Auto,OFF,OFF,OFF,OFF,
7/11/2025,11:46:33,29.759,75.939,14.20319,25.65716,17.07143,13.28182,19.24379,0.68903,An toan,An toan,"Nhi?t ?? 29.8?C, ?? ?m 75.9%, Kh? CO th?p (13.3 ppm), M?c ch?y: An to?n","Kh? CH4 (25.7 ppm), LPG (17.1 ppm), CO (13.3 ppm), M?c kh? gas: An to?n",Auto,OFF,OFF,OFF,OFF,
7/11/2025,11:47:24,30.381,69.436,14.78145,24.0142,19.26319,14.84884,21.3914,0.64109,An toan,An toan,"Nhi?t ?? 30.4?C, ?? ?m 69.4%, Kh? CO th?p (14.8 ppm), M?c ch?y: An to?n","Kh? CH4 (24.0 ppm), LPG (19.3 ppm), CO (14.8 ppm), M?c kh? gas: An to?n",Auto,OFF,OFF,OFF,OFF,
7/11/2025,11:52:33,30.957,74.899,15.50301,25.44683,18.18209,13.67706,12.96078,0.48745,An toan,An toan,"Nhi?t ?? 31.0?C, ?? ?m 74.9%, Kh? CO th?p (13.7 ppm), M?c ch?y: An to?n","Kh? CH4 (25.4 ppm), LPG (18.2 ppm), CO (13.7 ppm), M?c kh? gas: An to?n",Auto,OFF,OFF,OFF,OFF,
7/11/2025,11:56:14,30.853,71.321,14.28915,26.82779,19.49643,13.84883,27.98165,0.1753,An toan,An toan,"Nhi?t ?? 30.9?C, ?? ?m 71.3%, Kh? CO th?p (13.8 ppm), M?c ch?y: An to?n","Kh? CH4 (26.8 ppm), LPG (19.5 ppm), CO (13.8 ppm), M?c kh? gas: An to?n",Auto,OFF,OFF,OFF,OFF,
7/11/2025,11:56:54,30.082,69.853,14.67178,26.3651,17.34559,14.15761,14.56999,0.36842,An toan,An toan,"Nhi?t ?? 30.1?C, ?? ?m 69.9%, Kh? CO th?p (14.2 ppm), M?c ch?y: An to?n","Kh? CH4 (26.4 ppm), LPG (17.3 ppm), CO (14.2 ppm), M?c kh? gas: An to?n",Auto,OFF,OFF,OFF,OFF,
7/11/2025,11:57:25,30.809,75.793,14.32986,25.07075,19.34503,14.40488,14.54309,0.29259,An toan,An toan,"Nhi?t ?? 30.8?C, ?? ?m 75.8%, Kh? CO th?p (14.4 ppm), M?c ch?y: An to?n","Kh? CH4 (25.1 ppm), LPG (19.3 ppm), CO (14.4 ppm), M?c kh? gas: An to?n",Auto,OFF,OFF,OFF,OFF,
7/11/2025,11:57:59,30.503,79.963,14.42454,24.99739,17.18701,13.62555,12.59618,0.32346,An toan,An toan,"Nhi?t ?? 30.5?C, ?? ?m 80.0%, Kh? CO th?p (13.6 ppm), M?c ch?y: An to?n","Kh? CH4 (25.0 ppm), LPG (17.2 ppm), CO (13.6 ppm), M?c kh? gas: An to?n",Auto,OFF,OFF,OFF,OFF,
7/11/2025,12:10:47,30.684,73.646,15.74778,24.41186,19.61787,14.97493,19.78388,0.56197,An toan,An toan,"Nhi?t ?? 30.7?C, ?? ?m 73.6%, Kh? CO th?p (15.0 ppm), M?c ch?y: An to?n","Kh? CH4 (24.4 ppm), LPG (19.6 ppm), CO (15.0 ppm), M?c kh? gas: An to?n",Auto,OFF,OFF,OFF,OFF,
7/11/2025,12:11:45,29.131,78.486,14.10796,25.58875,17.70548,14.15219,12.45036,0.97898,An toan,An toan,"Nhi?t ?? 29.1?C, ?? ?m 78.5%, Kh? CO th?p (14.2 ppm), M?c ch?y: An to?n","Kh? CH4 (25.6 ppm), LPG (17.7 ppm), CO (14.2 ppm), M?c kh? gas: An to?n",Auto,OFF,OFF,OFF,OFF,
7/11/2025,12:15:48,29.588,72.199,15.76815,26.45238,17.5204,14.20662,17.58438,0.33479,An toan,An toan,"Nhi?t ?? 29.6?C, ?? ?m 72.2%, Kh? CO th?p (14.2 ppm), M?c ch?y: An to?n","Kh? CH4 (26.5 ppm), LPG (17.5 ppm), CO (14.2 ppm), M?c kh? gas: An to?n",Auto,OFF,OFF,OFF,OFF,
7/11/2025,12:17:36,29.759,70.656,14.56542,25.54602,18.79935,13.84762,11.34563,0.11436,An toan,An toan,"Nhi?t ?? 29.8?C, ?? ?m 70.7%, Kh? CO th?p (13.8 ppm), M?c ch?y: An to?n","Kh? CH4 (25.5 ppm), LPG (18.8 ppm), CO (13.8 ppm), M?c kh? gas: An to?n",Auto,OFF,OFF,OFF,OFF,
7/11/2025,12:20:57,29.83,75.66,15.92017,26.00281,18.42784,13.64204,21.14783,0.96753,An toan,An toan,"Nhi?t ?? 29.8?C, ?? ?m 75.7%, Kh? CO th?p (13.6 ppm), M?c ch?y: An to?n","Kh? CH4 (26.0 ppm), LPG (18.4 ppm), CO (13.6 ppm), M?c kh? gas: An to?n",Auto,OFF,OFF,OFF,OFF,
7/11/2025,12:22:23,30.889,76.026,14.58536,24.07371,18.13972,13.93063,24.90273,0.58026,An toan,An toan,"Nhi?t ?? 30.9?C, ?? ?m 76.0%, Kh? CO th?p (13.9 ppm), M?c ch?y: An to?n","Kh? CH4 (24.1 ppm), LPG (18.1 ppm), CO (13.9 ppm), M?c kh? gas: An to?n",Auto,OFF,OFF,OFF,OFF,
7/11/2025,12:28:31,29.749,72.016,15.56262,24.14181,18.57433,14.69857,13.6072,0.69222,An toan,An toan,"Nhi?t ?? 29.7?C, ?? ?m 72.0%, Kh? CO th?p (14.7 ppm), M?c ch?y: An to?n","Kh? CH4 (24.1 ppm), LPG (18.6 ppm), CO (14.7 ppm), M?c kh? gas: An to?n",Auto,OFF,OFF,OFF,OFF,
7/11/2025,12:35:05,30.27,70.438,15.25803,26.79615,18.04271,13.34449,23.40539,0.12266,An toan,An toan,"Nhi?t ?? 30.3?C, ?? ?m 70.4%, Kh? CO th?p (13.3 ppm), M?c ch?y: An to?n","Kh? CH4 (26.8 ppm), LPG (18.0 ppm), CO (13.3 ppm), M?c kh? gas: An to?n",Auto,OFF,OFF,OFF,OFF,
7/11/2025,12:36:46,29.974,75.472,15.01624,24.251,17.85211,13.14059,29.08865,0.27746,An toan,An toan,"Nhi?t ?? 30.0?C, ?? ?m 75.5%, Kh? CO th?p (13.1 ppm), M?c ch?y: An to?n","Kh? CH4 (24.3 ppm), LPG (17.9 ppm), CO (13.1 ppm), M?c kh? gas: An to?n",Auto,OFF,OFF,OFF,OFF,
7/11/2025,12:38:19,30.804,74.674,14.23724,25.58498,17.42726,13.1959,16.88992,0.91917,An toan,An toan,"Nhi?t ?? 30.8?C, ?? ?m 74.7%, Kh? CO th?p (13.2 ppm), M?c ch?y: An to?n","Kh? CH4 (25.6 ppm), LPG (17.4 ppm), CO (13.2 ppm), M?c kh? gas: An to?n",Auto,OFF,OFF,OFF,OFF,
7/11/2025,12:40:20,30.513,78.929,14.21589,26.62345,19.12959,14.77954,14.88733,0.77856,An toan,An toan,"Nhi?t ?? 30.5?C, ?? ?m 78.9%, Kh? CO th?p (14.8 ppm), M?c ch?y: An to?n","Kh? CH4 (26.6 ppm), LPG (19.1 ppm), CO (14.8 ppm), M?c kh? gas: An to?n",Auto,OFF,OFF,OFF,OFF,
7/11/2025,12:42:18,30.88,72.923,14.67992,25.1692,19.87653,14.48899,29.07698,0.46376,An toan,An toan,"Nhi?t ?? 30.9?C, ?? ?m 72.9%, Kh? CO th?p (14.5 ppm), M?c ch?y: An to?n","Kh? CH4 (25.2 ppm), LPG (19.9 ppm), CO (14.5 ppm), M?c kh? gas: An to?n",Auto,OFF,OFF,OFF,OFF,
7/11/2025,12:42:19,30.704,73.346,14.11024,25.54787,19.53361,13.53536,21.76927,0.77567,An toan,An toan,"Nhi?t ?? 30.7?C, ?? ?m 73.3%, Kh? CO th?p (13.5 ppm), M?c ch?y: An to?n","Kh? CH4 (25.5 ppm), LPG (19.5 ppm), CO (13.5 ppm), M?c kh? gas: An to?n",Auto,OFF,OFF,OFF,OFF,
7/11/2025,12:44:58,29.566,73.94,14.32421,25.28598,19.77826,13.00807,15.4524,0.13329,An toan,An toan,"Nhi?t ?? 29.6?C, ?? ?m 73.9%, Kh? CO th?p (13.0 ppm), M?c ch?y: An to?n","Kh? CH4 (25.3 ppm), LPG (19.8 ppm), CO (13.0 ppm), M?c kh? gas: An to?n",Auto,OFF,OFF,OFF,OFF,
7/11/2025,12:45:51,29.719,72.291,15.88901,25.71333,17.64708,14.58723,20.223,0.6994,An toan,An toan,"Nhi?t ?? 29.7?C, ?? ?m 72.3%, Kh? CO th?p (14.6 ppm), M?c ch?y: An to?n","Kh? CH4 (25.7 ppm), LPG (17.6 ppm), CO (14.6 ppm), M?c kh? gas: An to?n",Auto,OFF,OFF,OFF,OFF,
7/11/2025,12:47:12,29.626,70.344,15.71467,26.70279,17.00613,14.71622,23.96995,0.38054,An toan,An toan,"Nhi?t ?? 29.6?C, ?? ?m 70.3%, Kh? CO th?p (14.7 ppm), M?c ch?y: An to?n","Kh? CH4 (26.7 ppm), LPG (17.0 ppm), CO (14.7 ppm), M?c kh? gas: An to?n",Auto,OFF,OFF,OFF,OFF,
7/11/2025,12:49:46,30.695,74.788,15.56369,26.50454,19.35272,14.16602,29.29058,0.80137,An toan,An toan,"Nhi?t ?? 30.7?C, ?? ?m 74.8%, Kh? CO th?p (14.2 ppm), M?c ch?y: An to?n","Kh? CH4 (26.5 ppm), LPG (19.4 ppm), CO (14.2 ppm), M?c kh? gas: An to?n",Auto,OFF,OFF,OFF,OFF,
7/11/2025,12:50:03,29.499,69.754,14.28864,26.45903,19.70098,13.65098,21.23552,0.96162,An toan,An toan,"Nhi?t ?? 29.5?C, ?? ?m 69.8%, Kh? CO th?p (13.7 ppm), M?c ch?y: An to?n","Kh? CH4 (26.5 ppm), LPG (19.7 ppm), CO (13.7 ppm), M?c kh? gas: An to?n",Auto,OFF,OFF,OFF,OFF,
7/11/2025,12:56:42,30.007,70.635,14.97793,24.39674,17.52221,14.48447,13.16441,0.35469,An toan,An toan,"Nhi?t ?? 30.0?C, ?? ?m 70.6%, Kh? CO th?p (14.5 ppm), M?c ch?y: An to?n","Kh? CH4 (24.4 ppm), LPG (17.5 ppm), CO (14.5 ppm), M?c kh? gas: An to?n",Auto,OFF,OFF,OFF,OFF,
7/11/2025,12:59:08,30.437,70.994,15.3267,25.63862,19.45543,14.31975,10.91738,0.29043,An toan,An toan,"Nhi?t ?? 30.4?C, ?? ?m 71.0%, Kh? CO th?p (14.3 ppm), M?c ch?y: An to?n","Kh? CH4 (25.6 ppm), LPG (19.5 ppm), CO (14.3 ppm), M?c kh? gas: An to?n",Auto,OFF,OFF,OFF,OFF,
7/11/2025,13:06:07,29.412,73.514,14.30504,24.84093,17.06684,13.7674,23.35935,0.60228,An toan,An toan,"Nhi?t ?? 29.4?C, ?? ?m 73.5%, Kh? CO th?p (13.8 ppm), M?c ch?y: An to?n","Kh? CH4 (24.8 ppm), LPG (17.1 ppm), CO (13.8 ppm), M?c kh? gas: An to?n",Auto,OFF,OFF,OFF,OFF,
7/11/2025,13:09:10,30.935,76.173,15.21162,24.03098,17.35941,14.86638,14.77735,0.14855,An toan,An toan,"Nhi?t ?? 30.9?C, ?? ?m 76.2%, Kh? CO th?p (14.9 ppm), M?c ch?y: An to?n","Kh? CH4 (24.0 ppm), LPG (17.4 ppm), CO (14.9 ppm), M?c kh? gas: An to?n",Auto,OFF,OFF,OFF,OFF,
7/11/2025,13:21:48,29.187,79.542,15.39783,25.21399,17.26455,14.86058,24.1634,0.69313,An toan,An toan,"Nhi?t ?? 29.2?C, ?? ?m 79.5%, Kh? CO th?p (14.9 ppm), M?c ch?y: An to?n","Kh? CH4 (25.2 ppm), LPG (17.3 ppm), CO (14.9 ppm), M?c kh? gas: An to?n",Auto,OFF,OFF,OFF,OFF,
7/11/2025,13:23:06,30.465,79.092,15.3034,24.96164,19.63123,13.47307,21.56765,0.63756,An toan,An toan,"Nhi?t ?? 30.5?C, ?? ?m 79.1%, Kh? CO th?p (13.5 ppm), M?c ch?y: An to?n","Kh? CH4 (25.0 ppm), LPG (19.6 ppm), CO (13.5 ppm), M?c kh? gas: An to?n",Auto,OFF,OFF,OFF,OFF,
7/11/2025,13:24:01,30.105,77.526,15.85925,25.6475,17.57912,13.08825,24.57708,0.13921,An toan,An toan,"Nhi?t ?? 30.1?C, ?? ?m 77.5%, Kh? CO th?p (13.1 ppm), M?c ch?y: An to?n","Kh? CH4 (25.6 ppm), LPG (17.6 ppm), CO (13.1 ppm), M?c kh? gas: An to?n",Auto,OFF,OFF,OFF,OFF,
7/11/2025,13:26:27,29.453,69.156,15.82642,26.70965,18.70779,13.39673,24.51751,0.69196,An toan,An toan,"Nhi?t ?? 29.5?C, ?? ?m 69.2%, Kh? CO th?p (13.4 ppm), M?c ch?y: An to?n","Kh? CH4 (26.7 ppm), LPG (18.7 ppm), CO (13.4 ppm), M?c kh? gas: An to?n",Auto,OFF,OFF,OFF,OFF,
7/11/2025,13:26:29,29.888,73.382,15.71536,25.81592,17.58438,13.52318,11.48619,0.38245,An toan,An toan,"Nhi?t ?? 29.9?C, ?? ?m 73.4%, Kh? CO th?p (13.5 ppm), M?c ch?y: An to?n","Kh? CH4 (25.8 ppm), LPG (17.6 ppm), CO (13.5 ppm), M?c kh? gas: An to?n",Auto,OFF,OFF,OFF,OFF,
7/11/2025,13:26:47,30.122,71.857,14.07569,25.17289,17.57232,14.22122,13.37684,0.94453,An toan,An toan,"Nhi?t ?? 30.1?C, ?? ?m 71.9%, Kh? CO th?p (14.2 ppm), M?c ch?y: An to?n","Kh? CH4 (25.2 ppm), LPG (17.6 ppm), CO (14.2 ppm), M?c kh? gas: An to?n",Auto,OFF,OFF,OFF,OFF,
7/11/2025,13:28:04,30.951,79.702,15.13338,25.16217,18.36396,13.91313,29.22485,0.50546,An toan,An toan,"Nhi?t ?? 31.0?C, ?? ?m 79.7%, Kh? CO th?p (13.9 ppm), M?c ch?y: An to?n","Kh? CH4 (25.2 ppm), LPG (18.4 ppm), CO (13.9 ppm), M?c kh? gas: An to?n",Auto,OFF,OFF,OFF,OFF,
7/11/2025,13:28:58,29.477,78.047,14.84867,24.42352,17.70711,14.0557,18.23808,0.98285,An toan,An toan,"Nhi?t ?? 29.5?C, ?? ?m 78.0%, Kh? CO th?p (14.1 ppm), M?c ch?y: An to?n","Kh? CH4 (24.4 ppm), LPG (17.7 ppm), CO (14.1 ppm), M?c kh? gas: An to?n",Auto,OFF,OFF,OFF,OFF,
7/11/2025,13:35:56,29.671,74.126,15.87197,26.20566,17.24876,13.71447,24.30098,0.98704,An toan,An toan,"Nhi?t ?? 29.7?C, ?? ?m 74.1%, Kh? CO th?p (13.7 ppm), M?c ch?y: An to?n","Kh? CH4 (26.2 ppm), LPG (17.2 ppm), CO (13.7 ppm), M?c kh? gas: An to?n",Auto,OFF,OFF,OFF,OFF,
7/11/2025,13:39:42,29.464,73.464,14.68001,24.81664,17.37061,13.29574,11.74978,0.48092,An toan,An toan,"Nhi?t ?? 29.5?C, ?? ?m 73.5%, Kh? CO th?p (13.3 ppm), M?c ch?y: An to?n","Kh? CH4 (24.8 ppm), LPG (17.4 ppm), CO (13.3 ppm), M?c kh? gas: An to?n",Auto,OFF,OFF,OFF,OFF,
7/11/2025,13:41:12,29.848,78.715,14.71807,26.54571,19.80888,13.18311,23.7857,0.51917,An toan,An toan,"Nhi?t ?? 29.8?C, ?? ?m 78.7%, Kh? CO th?p (13.2 ppm), M?c ch?y: An to?n","Kh? CH4 (26.5 ppm), LPG (19.8 ppm), CO (13.2 ppm), M?c kh? gas: An to?n",Auto,OFF,OFF,OFF,OFF,
7/11/2025,13:44:54,29.623,78.984,14.83484,26.55202,17.6903,13.56592,17.01848,0.62868,An toan,An toan,"Nhi?t ?? 29.6?C, ?? ?m 79.0%, Kh? CO th?p (13.6 ppm), M?c ch?y: An to?n","Kh? CH4 (26.6 ppm), LPG (17.7 ppm), CO (13.6 ppm), M?c kh? gas: An to?n",Auto,OFF,OFF,OFF,OFF,
7/11/2025,13:45:54,29.41,74.85,14.94782,24.53814,17.89355,13.48344,18.80051,0.64474,An toan,An toan,"Nhi?t ?? 29.4?C, ?? ?m 74.9%, Kh? CO th?p (13.5 ppm), M?c ch?y: An to?n","Kh? CH4 (24.5 ppm), LPG (17.9 ppm), CO (13.5 ppm), M?c kh? gas: An to?n",Auto,OFF,OFF,OFF,OFF,
7/11/2025,13:47:22,30.04,72.778,15.20805,24.39121,18.52364,14.51502,27.70871,0.56476,An toan,An toan,"Nhi?t ?? 30.0?C, ?? ?m 72.8%, Kh? CO th?p (14.5 ppm), M?c ch?y: An to?n","Kh? CH4 (24.4 ppm), LPG (18.5 ppm), CO (14.5 ppm), M?c kh? gas: An to?n",Auto,OFF,OFF,OFF,OFF,
7/11/2025,13:51:32,30.622,74.189,14.76387,24.16791,18.83771,14.34865,14.6293,0.84185,An toan,An toan,"Nhi?t ?? 30.6?C, ?? ?m 74.2%, Kh? CO th?p (14.3 ppm), M?c ch?y: An to?n","Kh? CH4 (24.2 ppm), LPG (18.8 ppm), CO (14.3 ppm), M?c kh? gas: An to?n",Auto,OFF,OFF,OFF,OFF,
7/11/2025,13:52:46,29.603,76.556,14.33008,26.05733,18.11512,14.86761,24.1942,0.11215,An toan,An toan,"Nhi?t ?? 29.6?C, ?? ?m 76.6%, Kh? CO th?p (14.9 ppm), M?c ch?y: An to?n","Kh? CH4 (26.1 ppm), LPG (18.1 ppm), CO (14.9 ppm), M?c kh? gas: An to?n",Auto,OFF,OFF,OFF,OFF,
7/11/2025,13:56:59,29.598,71.311,15.6255,24.05144,19.73566,14.34184,17.79842,0.44126,An toan,An toan,"Nhi?t ?? 29.6?C, ?? ?m 71.3%, Kh? CO th?p (14.3 ppm), M?c ch?y: An to?n","Kh? CH4 (24.1 ppm), LPG (19.7 ppm), CO (14.3 ppm), M?c kh? gas: An to?n",Auto,OFF,OFF,OFF,OFF,
7/11/2025,13:58:58,30.798,76.566,15.20969,25.37787,19.64049,13.12535,14.71748,0.90244,An toan,An toan,"Nhi?t ?? 30.8?C, ?? ?m 76.6%, Kh? CO th?p (13.1 ppm), M?c ch?y: An to?n","Kh? CH4 (25.4 ppm), LPG (19.6 ppm), CO (13.1 ppm), M?c kh? gas: An to?n",Auto,OFF,OFF,OFF,OFF,
7/11/2025,14:02:27,30.308,75.562,14.86372,24.65928,18.07368,14.47406,10.92021,0.79282,An toan,An toan,"Nhi?t ?? 30.3?C, ?? ?m 75.6%, Kh? CO th?p (14.5 ppm), M?c ch?y: An to?n","Kh? CH4 (24.7 ppm), LPG (18.1 ppm), CO (14.5 ppm), M?c kh? gas: An to?n",Auto,OFF,OFF,OFF,OFF,
7/11/2025,14:05:03,30.355,77.266,14.01532,24.84083,19.55754,13.37972,23.6323,0.49351,An toan,An toan,"Nhi?t ?? 30.4?C, ?? ?m 77.3%, Kh? CO th?p (13.4 ppm), M?c ch?y: An to?n","Kh? CH4 (24.8 ppm), LPG (19.6 ppm), CO (13.4 ppm), M?c kh? gas: An to?n",Auto,OFF,OFF,OFF,OFF,
7/11/2025,14:11:48,29.096,72.348,14.71056,24.30693,19.41199,14.34851,19.76153,0.18267,An toan,An toan,"Nhi?t ?? 29.1?C, ?? ?m 72.3%, Kh? CO th?p (14.3 ppm), M?c ch?y: An to?n","Kh? CH4 (24.3 ppm), LPG (19.4 ppm), CO (14.3 ppm), M?c kh? gas: An to?n",Auto,OFF,OFF,OFF,OFF,
7/11/2025,14:13:16,29.038,71.391,15.57982,25.75689,17.80269,13.37841,16.95428,0.40786,An toan,An toan,"Nhi?t ?? 29.0?C, ?? ?m 71.4%, Kh? CO th?p (13.4 ppm), M?c ch?y: An to?n","Kh? CH4 (25.8 ppm), LPG (17.8 ppm), CO (13.4 ppm), M?c kh? gas: An to?n",Auto,OFF,OFF,OFF,OFF,
7/11/2025,14:15:47,30.981,73.729,14.26337,25.23774,17.2826,14.88227,23.76199,0.1951,An toan,An toan,"Nhi?t ?? 31.0?C, ?? ?m 73.7%, Kh? CO th?p (14.9 ppm), M?c ch?y: An to?n","Kh? CH4 (25.2 ppm), LPG (17.3 ppm), CO (14.9 ppm), M?c kh? gas: An to?n",Auto,OFF,OFF,OFF,OFF,
7/11/2025,14:17:50,29.446,79.994,14.04071,26.49267,17.57298,14.79428,24.41665,0.56981,An toan,An toan,"Nhi?t ?? 29.4?C, ?? ?m 80.0%, Kh? CO th?p (14.8 ppm), M?c ch?y: An to?n","Kh? CH4 (26.5 ppm), LPG (17.6 ppm), CO (14.8 ppm), M?c kh? gas: An to?n",Auto,OFF,OFF,OFF,OFF,
7/11/2025,14:18:00,30.065,71.193,14.13437,24.99426,18.07501,13.74531,25.41153,0.16622,An toan,An toan,"Nhi?t ?? 30.1?C, ?? ?m 71.2%, Kh? CO th?p (13.7 ppm), M?c ch?y: An to?n","Kh? CH4 (25.0 ppm), LPG (18.1 ppm), CO (13.7 ppm), M?c kh? gas: An to?n",Auto,OFF,OFF,OFF,OFF,
7/11/2025,14:18:43,30.231,71.827,14.9078,25.97192,19.60661,14.71042,10.35723,0.8601,An toan,An toan,"Nhi?t ?? 30.2?C, ?? ?m 71.8%, Kh? CO th?p (14.7 ppm), M?c ch?y: An to?n","Kh? CH4 (26.0 ppm), LPG (19.6 ppm), CO (14.7 ppm), M?c kh? gas: An to?n",Auto,OFF,OFF,OFF,OFF,
7/11/2025,14:19:38,29.078,75.954,15.90093,26.48084,19.94861,14.51021,29.21207,0.86904,An toan,An toan,"Nhi?t ?? 29.1?C, ?? ?m 76.0%, Kh? CO th?p (14.5 ppm), M?c ch?y: An to?n","Kh? CH4 (26.5 ppm), LPG (19.9 ppm), CO (14.5 ppm), M?c kh? gas: An to?n",Auto,OFF,OFF,OFF,OFF,
7/11/2025,14:20:30,30.676,73.404,14.82088,25.09059,18.47776,14.97771,20.23819,0.99608,An toan,An toan,"Nhi?t ?? 30.7?C, ?? ?m 73.4%, Kh? CO th?p (15.0 ppm), M?c ch?y: An to?n","Kh? CH4 (25.1 ppm), LPG (18.5 ppm), CO (15.0 ppm), M?c kh? gas: An to?n",Auto,OFF,OFF,OFF,OFF,
7/11/2025,14:22:25,30.612,71.419,14.643,24.80389,19.71312,13.20915,23.05,0.7245,An toan,An toan,"Nhi?t ?? 30.6?C, ?? ?m 71.4%, Kh? CO th?p (13.2 ppm), M?c ch?y: An to?n","Kh? CH4 (24.8 ppm), LPG (19.7 ppm), CO (13.2 ppm), M?c kh? gas: An to?n",Auto,OFF,OFF,OFF,OFF,
7/11/2025,14:23:00,29.86,71.776,14.29708,24.68925,19.31656,13.76987,21.64102,0.30628,An toan,An toan,"Nhi?t ?? 29.9?C, ?? ?m 71.8%, Kh? CO th?p (13.8 ppm), M?c ch?y: An to?n","Kh? CH4 (24.7 ppm), LPG (19.3 ppm), CO (13.8 ppm), M?c kh? gas: An to?n",Auto,OFF,OFF,OFF,OFF,
7/11/2025,14:23:51,29.387,79.161,15.24013,25.74157,17.91928,14.20267,16.40377,0.87778,An toan,An toan,"Nhi?t ?? 29.4?C, ?? ?m 79.2%, Kh? CO th?p (14.2 ppm), M?c ch?y: An to?n","Kh? CH4 (25.7 ppm), LPG (17.9 ppm), CO (14.2 ppm), M?c kh? gas: An to?n",Auto,OFF,OFF,OFF,OFF,
7/11/2025,14:26:47,30.714,74.071,14.57581,26.18888,19.07647,13.64671,11.36556,0.35015,An toan,An toan,"Nhi?t ?? 30.7?C, ?? ?m 74.1%, Kh? CO th?p (13.6 ppm), M?c ch?y: An to?n","Kh? CH4 (26.2 ppm), LPG (19.1 ppm), CO (13.6 ppm), M?c kh? gas: An to?n",Auto,OFF,OFF,OFF,OFF,
7/11/2025,14:30:39,30.907,73.686,15.86693,24.65521,18.0686,14.71243,14.31058,0.94347,An toan,An toan,"Nhi?t ?? 30.9?C, ?? ?m 73.7%, Kh? CO th?p (14.7 ppm), M?c ch?y: An to?n","Kh? CH4 (24.7 ppm), LPG (18.1 ppm), CO (14.7 ppm), M?c kh? gas: An to?n",Auto,OFF,OFF,OFF,OFF,
7/11/2025,14:32:10,29.378,69.244,14.41499,26.60312,18.97498,14.97177,29.919,0.23205,An toan,An toan,"Nhi?t ?? 29.4?C, ?? ?m 69.2%, Kh? CO th?p (15.0 ppm), M?c ch?y: An to?n","Kh? CH4 (26.6 ppm), LPG (19.0 ppm), CO (15.0 ppm), M?c kh? gas: An to?n",Auto,OFF,OFF,OFF,OFF,
7/11/2025,14:34:51,30.489,75.245,15.69239,24.60448,17.71634,14.00427,12.64679,0.93551,An toan,An toan,"Nhi?t ?? 30.5?C, ?? ?m 75.2%, Kh? CO th?p (14.0 ppm), M?c ch?y: An to?n","Kh? CH4 (24.6 ppm), LPG (17.7 ppm), CO (14.0 ppm), M?c kh? gas: An to?n",Auto,OFF,OFF,OFF,OFF,
7/11/2025,14:41:39,29.87,77.588,14.51559,25.47795,17.02797,14.85115,21.17873,0.1278,An toan,An toan,"Nhi?t ?? 29.9?C, ?? ?m 77.6%, Kh? CO th?p (14.9 ppm), M?c ch?y: An to?n","Kh? CH4 (25.5 ppm), LPG (17.0 ppm), CO (14.9 ppm), M?c kh? gas: An to?n",Auto,OFF,OFF,OFF,OFF,
7/11/2025,14:48:38,29.273,79.361,15.06793,26.64243,18.5471,14.07893,19.76416,0.14318,An toan,An toan,"Nhi?t ?? 29.3?C, ?? ?m 79.4%, Kh? CO th?p (14.1 ppm), M?c ch?y: An to?n","Kh? CH4 (26.6 ppm), LPG (18.5 ppm), CO (14.1 ppm), M?c kh? gas: An to?n",Auto,OFF,OFF,OFF,OFF,
7/11/2025,14:48:44,29.633,70.379,14.79722,25.26539,18.27618,14.66313,23.67434,0.37343,An toan,An toan,"Nhi?t ?? 29.6?C, ?? ?m 70.4%, Kh? CO th?p (14.7 ppm), M?c ch?y: An to?n","Kh? CH4 (25.3 ppm), LPG (18.3 ppm), CO (14.7 ppm), M?c kh? gas: An to?n",Auto,OFF,OFF,OFF,OFF,
7/11/2025,15:02:35,30.479,75.342,14.71923,24.15649,19.58107,13.11676,17.58919,0.35619,An toan,An toan,"Nhi?t ?? 30.5?C, ?? ?m 75.3%, Kh? CO th?p (13.1 ppm), M?c ch?y: An to?n","Kh? CH4 (24.2 ppm), LPG (19.6 ppm), CO (13.1 ppm), M?c kh? gas: An to?n",Auto,OFF,OFF,OFF,OFF,
7/11/2025,15:04:03,29.008,71.941,15.77398,24.32961,17.0849,13.39754,16.55282,0.98191,An toan,An toan,"Nhi?t ?? 29.0?C, ?? ?m 71.9%, Kh? CO th?p (13.4 ppm), M?c ch?y: An to?n","Kh? CH4 (24.3 ppm), LPG (17.1 ppm), CO (13.4 ppm), M?c kh? gas: An to?n",Auto,OFF,OFF,OFF,OFF,
7/11/2025,15:06:50,30.703,78.554,14.53046,26.42137,17.52047,14.37371,20.3997,0.18402,An toan,An toan,"Nhi?t ?? 30.7?C, ?? ?m 78.6%, Kh? CO th?p (14.4 ppm), M?c ch?y: An to?n","Kh? CH4 (26.4 ppm), LPG (17.5 ppm), CO (14.4 ppm), M?c kh? gas: An to?n",Auto,OFF,OFF,OFF,OFF,
7/11/2025,15:09:51,30.755,78.73,15.40467,24.40609,18.70387,13.98292,21.0585,0.62945,An toan,An toan,"Nhi?t ?? 30.8?C, ?? ?m 78.7%, Kh? CO th?p (14.0 ppm), M?c ch?y: An to?n","Kh? CH4 (24.4 ppm), LPG (18.7 ppm), CO (14.0 ppm), M?c kh? gas: An to?n",Auto,OFF,OFF,OFF,OFF,
7/11/2025,15:10:09,29.602,71.481,14.67168,25.70036,18.73057,14.49254,16.33885,0.57711,An toan,An toan,"Nhi?t ?? 29.6?C, ?? ?m 71.5%, Kh? CO th?p (14.5 ppm), M?c ch?y: An to?n","Kh? CH4 (25.7 ppm), LPG (18.7 ppm), CO (14.5 ppm), M?c kh? gas: An to?n",Auto,OFF,OFF,OFF,OFF,
7/11/2025,15:19:44,29.879,69.42,14.83329,24.30813,18.35015,14.62369,10.03918,0.19345,An toan,An toan,"Nhi?t ?? 29.9?C, ?? ?m 69.4%, Kh? CO th?p (14.6 ppm), M?c ch?y: An to?n","Kh? CH4 (24.3 ppm), LPG (18.4 ppm), CO (14.6 ppm), M?c kh? gas: An to?n",Auto,OFF,OFF,OFF,OFF,
7/11/2025,15:19:44,30.823,74.258,15.73795,25.20993,18.7218,13.89514,21.39569,0.52521,An toan,An toan,"Nhi?t ?? 30.8?C, ?? ?m 74.3%, Kh? CO th?p (13.9 ppm), M?c ch?y: An to?n","Kh? CH4 (25.2 ppm), LPG (18.7 ppm), CO (13.9 ppm), M?c kh? gas: An to?n",Auto,OFF,OFF,OFF,OFF,
7/11/2025,15:20:48,29.988,78.613,15.08331,25.87408,18.92714,14.69947,24.89391,0.68736,An toan,An toan,"Nhi?t ?? 30.0?C, ?? ?m 78.6%, Kh? CO th?p (14.7 ppm), M?c ch?y: An to?n","Kh? CH4 (25.9 ppm), LPG (18.9 ppm), CO (14.7 ppm), M?c kh? gas: An to?n",Auto,OFF,OFF,OFF,OFF,
7/11/2025,15:21:27,30.053,74.223,15.74233,25.91247,17.41751,14.1346,28.04102,0.33193,An toan,An toan,"Nhi?t ?? 30.1?C, ?? ?m 74.2%, Kh? CO th?p (14.1 ppm), M?c ch?y: An to?n","Kh? CH4 (25.9 ppm), LPG (17.4 ppm), CO (14.1 ppm), M?c kh? gas: An to?n",Auto,OFF,OFF,OFF,OFF,
7/11/2025,15:28:09,29.211,71.742,15.44487,26.15275,17.46798,13.67248,10.24128,0.19134,An toan,An toan,"Nhi?t ?? 29.2?C, ?? ?m 71.7%, Kh? CO th?p (13.7 ppm), M?c ch?y: An to?n","Kh? CH4 (26.2 ppm), LPG (17.5 ppm), CO (13.7 ppm), M?c kh? gas: An to?n",Auto,OFF,OFF,OFF,OFF,
7/11/2025,15:32:30,29.412,71.979,15.72672,25.79674,18.35762,14.76405,26.23771,0.55342,An toan,An toan,"Nhi?t ?? 29.4?C, ?? ?m 72.0%, Kh? CO th?p (14.8 ppm), M?c ch?y: An to?n","Kh? CH4 (25.8 ppm), LPG (18.4 ppm), CO (14.8 ppm), M?c kh? gas: An to?n",Auto,OFF,OFF,OFF,OFF,
7/11/2025,15:37:11,30.844,74.145,15.19167,24.08182,18.36879,13.96138,26.48229,0.1342,An toan,An toan,"Nhi?t ?? 30.8?C, ?? ?m 74.1%, Kh? CO th?p (14.0 ppm), M?c ch?y: An to?n","Kh? CH4 (24.1 ppm), LPG (18.4 ppm), CO (14.0 ppm), M?c kh? gas: An to?n",Auto,OFF,OFF,OFF,OFF,
7/11/2025,15:41:28,29.961,76.267,15.65567,25.78915,19.47599,13.21451,19.53688,0.97491,An toan,An toan,"Nhi?t ?? 30.0?C, ?? ?m 76.3%, Kh? CO th?p (13.2 ppm), M?c ch?y: An to?n","Kh? CH4 (25.8 ppm), LPG (19.5 ppm), CO (13.2 ppm), M?c kh? gas: An to?n",Auto,OFF,OFF,OFF,OFF,
7/11/2025,15:41:39,29.673,77.676,14.75369,25.7629,18.2015,14.62707,22.97094,0.51206,An toan,An toan,"Nhi?t ?? 29.7?C, ?? ?m 77.7%, Kh? CO th?p (14.6 ppm), M?c ch?y: An to?n","Kh? CH4 (25.8 ppm), LPG (18.2 ppm), CO (14.6 ppm), M?c kh? gas: An to?n",Auto,OFF,OFF,OFF,OFF,
7/11/2025,15:43:05,30.266,74.899,15.54549,25.41739,17.72816,13.83211,24.68563,0.44366,An toan,An toan,"Nhi?t ?? 30.3?C, ?? ?m 74.9%, Kh? CO th?p (13.8 ppm), M?c ch?y: An to?n","Kh? CH4 (25.4 ppm), LPG (17.7 ppm), CO (13.8 ppm), M?c kh? gas: An to?n",Auto,OFF,OFF,OFF,OFF,
7/11/2025,15:44:54,29.864,69.492,15.05912,26.4685,19.93238,13.39234,18.71755,0.26498,An toan,An toan,"Nhi?t ?? 29.9?C, ?? ?m 69.5%, Kh? CO th?p (13.4 ppm), M?c ch?y: An to?n","Kh? CH4 (26.5 ppm), LPG (19.9 ppm), CO (13.4 ppm), M?c kh? gas: An to?n",Auto,OFF,OFF,OFF,OFF,
7/11/2025,15:45:56,29.402,76.957,14.51869,24.31233,19.07084,14.29014,17.33076,0.65222,An toan,An toan,"Nhi?t ?? 29.4?C, ?? ?m 77.0%, Kh? CO th?p (14.3 ppm), M?c ch?y: An to?n","Kh? CH4 (24.3 ppm), LPG (19.1 ppm), CO (14.3 ppm), M?c kh? gas: An to?n",Auto,OFF,OFF,OFF,OFF,
7/11/2025,15:46:42,30.747,77.974,15.44136,26.21136,18.78036,14.91075,11.66581,0.29547,An toan,An toan,"Nhi?t ?? 30.7?C, ?? ?m 78.0%, Kh? CO th?p (14.9 ppm), M?c ch?y: An to?n","Kh? CH4 (26.2 ppm), LPG (18.8 ppm), CO (14.9 ppm), M?c kh? gas: An to?n",Auto,OFF,OFF,OFF,OFF,
7/11/2025,15:46:44,30.457,75.99,14.08083,26.2309,19.46323,14.01554,22.67074,0.38109,An toan,An toan,"Nhi?t ?? 30.5?C, ?? ?m 76.0%, Kh? CO th?p (14.0 ppm), M?c ch?y: An to?n","Kh? CH4 (26.2 ppm), LPG (19.5 ppm), CO (14.0 ppm), M?c kh? gas: An to?n",Auto,OFF,OFF,OFF,OFF,
7/11/2025,15:56:42,30.498,76.359,14.11707,25.89842,17.00148,13.89214,16.78664,0.86239,An toan,An toan,"Nhi?t ?? 30.5?C, ?? ?m 76.4%, Kh? CO th?p (13.9 ppm), M?c ch?y: An to?n","Kh? CH4 (25.9 ppm), LPG (17.0 ppm), CO (13.9 ppm), M?c kh? gas: An to?n",Auto,OFF,OFF,OFF,OFF,
7/11/2025,16:03:00,29.628,73.874,14.98849,25.59001,17.36044,14.6621,29.52261,0.84236,An toan,An toan,"Nhi?t ?? 29.6?C, ?? ?m 73.9%, Kh? CO th?p (14.7 ppm), M?c ch?y: An to?n","Kh? CH4 (25.6 ppm), LPG (17.4 ppm), CO (14.7 ppm), M?c kh? gas: An to?n",Auto,OFF,OFF,OFF,OFF,
7/11/2025,16:13:14,30.133,74.233,14.40842,24.62388,17.5311,14.18573,24.81159,0.33326,An toan,An toan,"Nhi?t ?? 30.1?C, ?? ?m 74.2%, Kh? CO th?p (14.2 ppm), M?c ch?y: An to?n","Kh? CH4 (24.6 ppm), LPG (17.5 ppm), CO (14.2 ppm), M?c kh? gas: An to?n",Auto,OFF,OFF,OFF,OFF,
7/11/2025,16:18:27,30.007,76.274,14.88863,24.16079,17.21528,13.85426,29.04584,0.63751,An toan,An toan,"Nhi?t ?? 30.0?C, ?? ?m 76.3%, Kh? CO th?p (13.9 ppm), M?c ch?y: An to?n","Kh? CH4 (24.2 ppm), LPG (17.2 ppm), CO (13.9 ppm), M?c kh? gas: An to?n",Auto,OFF,OFF,OFF,OFF,
7/11/2025,16:19:19,29.682,73.039,15.73086,26.29992,18.31564,14.50056,12.37388,0.72006,An toan,An toan,"Nhi?t ?? 29.7?C, ?? ?m 73.0%, Kh? CO th?p (14.5 ppm), M?c ch?y: An to?n","Kh? CH4 (26.3 ppm), LPG (18.3 ppm), CO (14.5 ppm), M?c kh? gas: An to?n",Auto,OFF,OFF,OFF,OFF,
7/11/2025,16:22:59,30.013,72.45,15.98423,25.39507,17.47626,14.34732,22.58967,0.69149,An toan,An toan,"Nhi?t ?? 30.0?C, ?? ?m 72.5%, Kh? CO th?p (14.3 ppm), M?c ch?y: An to?n","Kh? CH4 (25.4 ppm), LPG (17.5 ppm), CO (14.3 ppm), M?c kh? gas: An to?n",Auto,OFF,OFF,OFF,OFF,
7/11/2025,16:24:48,30.341,72.883,15.56704,25.20141,18.88196,13.67846,28.92106,0.33085,An toan,An toan,"Nhi?t ?? 30.3?C, ?? ?m 72.9%, Kh? CO th?p (13.7 ppm), M?c ch?y: An to?n","Kh? CH4 (25.2 ppm), LPG (18.9 ppm), CO (13.7 ppm), M?c kh? gas: An to?n",Auto,OFF,OFF,OFF,OFF,
7/11/2025,16:27:51,30.277,71.785,14.35267,25.38735,19.82312,14.80917,29.73092,0.43512,An toan,An toan,"Nhi?t ?? 30.3?C, ?? ?m 71.8%, Kh? CO th?p (14.8 ppm), M?c ch?y: An to?n","Kh? CH4 (25.4 ppm), LPG (19.8 ppm), CO (14.8 ppm), M?c kh? gas: An to?n",Auto,OFF,OFF,OFF,OFF,
7/11/2025,16:30:56,30.842,71.389,15.08198,25.98828,19.32902,14.88583,13.38055,0.4005,An toan,An toan,"Nhi?t ?? 30.8?C, ?? ?m 71.4%, Kh? CO th?p (14.9 ppm), M?c ch?y: An to?n","Kh? CH4 (26.0 ppm), LPG (19.3 ppm), CO (14.9 ppm), M?c kh? gas: An to?n",Auto,OFF,OFF,OFF,OFF,
7/11/2025,16:33:23,30.123,73.347,15.92793,26.7025,17.12888,13.82754,18.05566,0.60691,An toan,An toan,"Nhi?t ?? 30.1?C, ?? ?m 73.3%, Kh? CO th?p (13.8 ppm), M?c ch?y: An to?n","Kh? CH4 (26.7 ppm), LPG (17.1 ppm), CO (13.8 ppm), M?c kh? gas: An to?n",Auto,OFF,OFF,OFF,OFF,
7/11/2025,16:37:47,30.529,69.065,15.32699,24.70779,18.95629,13.07704,11.60453,0.85806,An toan,An toan,"Nhi?t ?? 30.5?C, ?? ?m 69.1%, Kh? CO th?p (13.1 ppm), M?c ch?y: An to?n","Kh? CH4 (24.7 ppm), LPG (19.0 ppm), CO (13.1 ppm), M?c kh? gas: An to?n",Auto,OFF,OFF,OFF,OFF,
7/11/2025,16:38:10,29.612,74.226,14.34801,26.07585,19.59083,14.72803,19.6519,0.90628,An toan,An toan,"Nhi?t ?? 29.6?C, ?? ?m 74.2%, Kh? CO th?p (14.7 ppm), M?c ch?y: An to?n","Kh? CH4 (26.1 ppm), LPG (19.6 ppm), CO (14.7 ppm), M?c kh? gas: An to?n",Auto,OFF,OFF,OFF,OFF,
7/11/2025,16:38:25,29.951,76.507,14.66057,24.76932,18.2505,14.25872,16.00512,0.743,An toan,An toan,"Nhi?t ?? 30.0?C, ?? ?m 76.5%, Kh? CO th?p (14.3 ppm), M?c ch?y: An to?n","Kh? CH4 (24.8 ppm), LPG (18.3 ppm), CO (14.3 ppm), M?c kh? gas: An to?n",Auto,OFF,OFF,OFF,OFF,
7/11/2025,16:44:44,30.241,71.236,15.57155,25.90641,18.82165,14.16422,13.76199,0.88103,An toan,An toan,"Nhi?t ?? 30.2?C, ?? ?m 71.2%, Kh? CO th?p (14.2 ppm), M?c ch?y: An to?n","Kh? CH4 (25.9 ppm), LPG (18.8 ppm), CO (14.2 ppm), M?c kh? gas: An to?n",Auto,OFF,OFF,OFF,OFF,
7/11/2025,16:45:41,29.855,78.465,15.72148,24.89872,17.31163,14.4805,14.15458,0.81374,An toan,An toan,"Nhi?t ?? 29.9?C, ?? ?m 78.5%, Kh? CO th?p (14.5 ppm), M?c ch?y: An to?n","Kh? CH4 (24.9 ppm), LPG (17.3 ppm), CO (14.5 ppm), M?c kh? gas: An to?n",Auto,OFF,OFF,OFF,OFF,
7/11/2025,16:45:41,30.952,74.569,15.33639,24.58711,18.90886,13.64943,17.52405,0.52825,An toan,An toan,"Nhi?t ?? 31.0?C, ?? ?m 74.6%, Kh? CO th?p (13.6 ppm), M?c ch?y: An to?n","Kh? CH4 (24.6 ppm), LPG (18.9 ppm), CO (13.6 ppm), M?c kh? gas: An to?n",Auto,OFF,OFF,OFF,OFF,
7/11/2025,16:47:55,29.357,69.228,15.99811,26.7807,17.43489,13.3288,28.08313,0.27163,An toan,An toan,"Nhi?t ?? 29.4?C, ?? ?m 69.2%, Kh? CO th?p (13.3 ppm), M?c ch?y: An to?n","Kh? CH4 (26.8 ppm), LPG (17.4 ppm), CO (13.3 ppm), M?c kh? gas: An to?n",Auto,OFF,OFF,OFF,OFF,
7/11/2025,16:52:30,29.409,71.38,15.04637,25.87368,17.30817,14.2962,18.02137,0.14917,An toan,An toan,"Nhi?t ?? 29.4?C, ?? ?m 71.4%, Kh? CO th?p (14.3 ppm), M?c ch?y: An to?n","Kh? CH4 (25.9 ppm), LPG (17.3 ppm), CO (14.3 ppm), M?c kh? gas: An to?n",Auto,OFF,OFF,OFF,OFF,
7/11/2025,16:52:51,29.614,72.681,15.40614,24.0806,18.30405,13.17078,26.36277,0.79893,An toan,An toan,"Nhi?t ?? 29.6?C, ?? ?m 72.7%, Kh? CO th?p (13.2 ppm), M?c ch?y: An to?n","Kh? CH4 (24.1 ppm), LPG (18.3 ppm), CO (13.2 ppm), M?c kh? gas: An to?n",Auto,OFF,OFF,OFF,OFF,
7/11/2025,16:53:09,29.869,77.476,14.81455,25.37838,18.04335,13.8822,15.67093,0.94371,An toan,An toan,"Nhi?t ?? 29.9?C, ?? ?m 77.5%, Kh? CO th?p (13.9 ppm), M?c ch?y: An to?n","Kh? CH4 (25.4 ppm), LPG (18.0 ppm), CO (13.9 ppm), M?c kh? gas: An to?n",Auto,OFF,OFF,OFF,OFF,
7/11/2025,16:56:50,29.097,71.556,14.97816,24.63182,19.47846,13.76154,28.0547,0.94887,An toan,An toan,"Nhi?t ?? 29.1?C, ?? ?m 71.6%, Kh? CO th?p (13.8 ppm), M?c ch?y: An to?n","Kh? CH4 (24.6 ppm), LPG (19.5 ppm), CO (13.8 ppm), M?c kh? gas: An to?n",Auto,OFF,OFF,OFF,OFF,
7/11/2025,17:01:38,29.353,72.428,15.6291,24.95045,18.49126,13.58979,15.44293,0.17161,An toan,An toan,"Nhi?t ?? 29.4?C, ?? ?m 72.4%, Kh? CO th?p (13.6 ppm), M?c ch?y: An to?n","Kh? CH4 (25.0 ppm), LPG (18.5 ppm), CO (13.6 ppm), M?c kh? gas: An to?n",Auto,OFF,OFF,OFF,OFF,
7/11/2025,17:03:01,30.29,79.553,15.58802,26.10933,18.01647,13.35416,15.57139,0.71423,An toan,An toan,"Nhi?t ?? 30.3?C, ?? ?m 79.6%, Kh? CO th?p (13.4 ppm), M?c ch?y: An to?n","Kh? CH4 (26.1 ppm), LPG (18.0 ppm), CO (13.4 ppm), M?c kh? gas: An to?n",Auto,OFF,OFF,OFF,OFF,
7/11/2025,17:05:56,30.059,72.505,15.15901,25.49765,19.96078,14.49242,12.53961,0.75405,An toan,An toan,"Nhi?t ?? 30.1?C, ?? ?m 72.5%, Kh? CO th?p (14.5 ppm), M?c ch?y: An to?n","Kh? CH4 (25.5 ppm), LPG (20.0 ppm), CO (14.5 ppm), M?c kh? gas: An to?n",Auto,OFF,OFF,OFF,OFF,
7/11/2025,17:07:54,29.296,76.343,14.38578,26.20876,17.4732,13.51854,21.9575,0.82053,An toan,An toan,"Nhi?t ?? 29.3?C, ?? ?m 76.3%, Kh? CO th?p (13.5 ppm), M?c ch?y: An to?n","Kh? CH4 (26.2 ppm), LPG (17.5 ppm), CO (13.5 ppm), M?c kh? gas: An to?n",Auto,OFF,OFF,OFF,OFF,
7/11/2025,17:16:29,29.858,76.254,14.26439,25.51334,19.03749,13.61356,22.15185,0.79147,An toan,An toan,"Nhi?t ?? 29.9?C, ?? ?m 76.3%, Kh? CO th?p (13.6 ppm), M?c ch?y: An to?n","Kh? CH4 (25.5 ppm), LPG (19.0 ppm), CO (13.6 ppm), M?c kh? gas: An to?n",Auto,OFF,OFF,OFF,OFF,
7/11/2025,17:18:01,30.919,79.694,14.49696,26.3697,19.41182,13.66552,17.41666,0.91109,An toan,An toan,"Nhi?t ?? 30.9?C, ?? ?m 79.7%, Kh? CO th?p (13.7 ppm), M?c ch?y: An to?n","Kh? CH4 (26.4 ppm), LPG (19.4 ppm), CO (13.7 ppm), M?c kh? gas: An to?n",Auto,OFF,OFF,OFF,OFF,
7/11/2025,17:23:35,30.293,78.155,15.10759,25.1525,19.40738,14.98576,10.15495,0.70222,An toan,An toan,"Nhi?t ?? 30.3?C, ?? ?m 78.2%, Kh? CO th?p (15.0 ppm), M?c ch?y: An to?n","Kh? CH4 (25.2 ppm), LPG (19.4 ppm), CO (15.0 ppm), M?c kh? gas: An to?n",Auto,OFF,OFF,OFF,OFF,
7/11/2025,17:23:40,30.263,69.699,14.07517,25.94226,18.0874,14.15592,13.30746,0.20733,An toan,An toan,"Nhi?t ?? 30.3?C, ?? ?m 69.7%, Kh? CO th?p (14.2 ppm), M?c ch?y: An to?n","Kh? CH4 (25.9 ppm), LPG (18.1 ppm), CO (14.2 ppm), M?c kh? gas: An to?n",Auto,OFF,OFF,OFF,OFF,
7/11/2025,17:27:26,29.378,74.899,14.73607,26.51585,18.144,14.34668,25.11926,0.14117,An toan,An toan,"Nhi?t ?? 29.4?C, ?? ?m 74.9%, Kh? CO th?p (14.3 ppm), M?c ch?y: An to?n","Kh? CH4 (26.5 ppm), LPG (18.1 ppm), CO (14.3 ppm), M?c kh? gas: An to?n",Auto,OFF,OFF,OFF,OFF,
7/11/2025,17:27:28,29.178,75.413,15.63896,24.24484,17.4294,13.20011,10.08779,0.99373,An toan,An toan,"Nhi?t ?? 29.2?C, ?? ?m 75.4%, Kh? CO th?p (13.2 ppm), M?c ch?y: An to?n","Kh? CH4 (24.2 ppm), LPG (17.4 ppm), CO (13.2 ppm), M?c kh? gas: An to?n",Auto,OFF,OFF,OFF,OFF,
7/11/2025,17:28:33,29.309,71.75,14.07418,24.01969,17.85842,14.82603,27.17127,0.52336,An toan,An toan,"Nhi?t ?? 29.3?C, ?? ?m 71.8%, Kh? CO th?p (14.8 ppm), M?c ch?y: An to?n","Kh? CH4 (24.0 ppm), LPG (17.9 ppm), CO (14.8 ppm), M?c kh? gas: An to?n",Auto,OFF,OFF,OFF,OFF,
7/11/2025,17:39:12,29.974,69.188,14.24694,25.8414,19.31484,14.73644,14.39079,0.41899,An toan,An toan,"Nhi?t ?? 30.0?C, ?? ?m 69.2%, Kh? CO th?p (14.7 ppm), M?c ch?y: An to?n","Kh? CH4 (25.8 ppm), LPG (19.3 ppm), CO (14.7 ppm), M?c kh? gas: An to?n",Auto,OFF,OFF,OFF,OFF,
7/11/2025,17:40:30,29.761,69.926,14.54083,24.19638,19.40539,14.68545,11.23374,0.92399,An toan,An toan,"Nhi?t ?? 29.8?C, ?? ?m 69.9%, Kh? CO th?p (14.7 ppm), M?c ch?y: An to?n","Kh? CH4 (24.2 ppm), LPG (19.4 ppm), CO (14.7 ppm), M?c kh? gas: An to?n",Auto,OFF,OFF,OFF,OFF,
7/11/2025,17:42:37,30.526,77.508,14.99722,24.04693,19.38943,14.82986,21.45273,0.43389,An toan,An toan,"Nhi?t ?? 30.5?C, ?? ?m 77.5%, Kh? CO th?p (14.8 ppm), M?c ch?y: An to?n","Kh? CH4 (24.0 ppm), LPG (19.4 ppm), CO (14.8 ppm), M?c kh? gas: An to?n",Auto,OFF,OFF,OFF,OFF,
7/11/2025,17:44:33,30.568,75.954,15.74976,25.70845,17.1089,14.19361,28.25345,0.94684,An toan,An toan,"Nhi?t ?? 30.6?C, ?? ?m 76.0%, Kh? CO th?p (14.2 ppm), M?c ch?y: An to?n","Kh? CH4 (25.7 ppm), LPG (17.1 ppm), CO (14.2 ppm), M?c kh? gas: An to?n",Auto,OFF,OFF,OFF,OFF,
7/11/2025,17:47:20,29.598,70.253,14.20158,26.97039,19.78853,14.06591,27.45628,0.85567,An toan,An toan,"Nhi?t ?? 29.6?C, ?? ?m 70.3%, Kh? CO th?p (14.1 ppm), M?c ch?y: An to?n","Kh? CH4 (27.0 ppm), LPG (19.8 ppm), CO (14.1 ppm), M?c kh? gas: An to?n",Auto,OFF,OFF,OFF,OFF,
7/11/2025,17:51:05,29.538,77.725,14.87303,26.91897,18.56679,13.1013,18.52265,0.2835,An toan,An toan,"Nhi?t ?? 29.5?C, ?? ?m 77.7%, Kh? CO th?p (13.1 ppm), M?c ch?y: An to?n","Kh? CH4 (26.9 ppm), LPG (18.6 ppm), CO (13.1 ppm), M?c kh? gas: An to?n",Auto,OFF,OFF,OFF,OFF,
7/11/2025,17:53:05,30.344,79.241,14.82846,26.99024,17.66108,14.25865,21.16901,0.37996,An toan,An toan,"Nhi?t ?? 30.3?C, ?? ?m 79.2%, Kh? CO th?p (14.3 ppm), M?c ch?y: An to?n","Kh? CH4 (27.0 ppm), LPG (17.7 ppm), CO (14.3 ppm), M?c kh? gas: An to?n",Auto,OFF,OFF,OFF,OFF,
7/11/2025,17:53:13,29.775,71.158,15.56613,25.59345,18.79545,14.289,17.555,0.47242,An toan,An toan,"Nhi?t ?? 29.8?C, ?? ?m 71.2%, Kh? CO th?p (14.3 ppm), M?c ch?y: An to?n","Kh? CH4 (25.6 ppm), LPG (18.8 ppm), CO (14.3 ppm), M?c kh? gas: An to?n",Auto,OFF,OFF,OFF,OFF,
7/11/2025,17:58:54,30.813,73.213,15.65934,25.31143,17.08868,13.88063,25.20528,0.95291,An toan,An toan,"Nhi?t ?? 30.8?C, ?? ?m 73.2%, Kh? CO th?p (13.9 ppm), M?c ch?y: An to?n","Kh? CH4 (25.3 ppm), LPG (17.1 ppm), CO (13.9 ppm), M?c kh? gas: An to?n",Auto,OFF,OFF,OFF,OFF,
7/11/2025,18:02:02,30.145,74.312,15.90186,24.73959,17.94275,13.11139,12.1892,0.58276,An toan,An toan,"Nhi?t ?? 30.1?C, ?? ?m 74.3%, Kh? CO th?p (13.1 ppm), M?c ch?y: An to?n","Kh? CH4 (24.7 ppm), LPG (17.9 ppm), CO (13.1 ppm), M?c kh? gas: An to?n",Auto,OFF,OFF,OFF,OFF,
7/11/2025,18:05:37,30.683,70.757,15.24425,26.95987,18.21532,13.04232,29.88649,0.64711,An toan,An toan,"Nhi?t ?? 30.7?C, ?? ?m 70.8%, Kh? CO th?p (13.0 ppm), M?c ch?y: An to?n","Kh? CH4 (27.0 ppm), LPG (18.2 ppm), CO (13.0 ppm), M?c kh? gas: An to?n",Auto,OFF,OFF,OFF,OFF,
7/11/2025,18:06:52,30.115,71.726,14.8079,25.90076,19.53247,14.81036,22.50926,0.8159,An toan,An toan,"Nhi?t ?? 30.1?C, ?? ?m 71.7%, Kh? CO th?p (14.8 ppm), M?c ch?y: An to?n","Kh? CH4 (25.9 ppm), LPG (19.5 ppm), CO (14.8 ppm), M?c kh? gas: An to?n",Auto,OFF,OFF,OFF,OFF,
7/11/2025,18:07:34,30.93,77.653,14.88819,25.34293,18.79592,14.64429,20.65485,0.38982,An toan,An toan,"Nhi?t ?? 30.9?C, ?? ?m 77.7%, Kh? CO th?p (14.6 ppm), M?c ch?y: An to?n","Kh? CH4 (25.3 ppm), LPG (18.8 ppm), CO (14.6 ppm), M?c kh? gas: An to?n",Auto,OFF,OFF,OFF,OFF,
7/11/2025,18:15:49,30.777,72.887,14.96318,26.16356,18.45828,14.62624,16.05295,0.79285,An toan,An toan,"Nhi?t ?? 30.8?C, ?? ?m 72.9%, Kh? CO th?p (14.6 ppm), M?c ch?y: An to?n","Kh? CH4 (26.2 ppm), LPG (18.5 ppm), CO (14.6 ppm), M?c kh? gas: An to?n",Auto,OFF,OFF,OFF,OFF,
7/11/2025,18:19:19,29.814,72.748,14.56488,25.91294,17.99912,14.72257,19.99819,0.52712,An toan,An toan,"Nhi?t ?? 29.8?C, ?? ?m 72.7%, Kh? CO th?p (14.7 ppm), M?c ch?y: An to?n","Kh? CH4 (25.9 ppm), LPG (18.0 ppm), CO (14.7 ppm), M?c kh? gas: An to?n",Auto,OFF,OFF,OFF,OFF,
7/11/2025,18:21:39,29.705,71.974,14.35472,25.0614,17.52096,14.70571,25.95187,0.20686,An toan,An toan,"Nhi?t ?? 29.7?C, ?? ?m 72.0%, Kh? CO th?p (14.7 ppm), M?c ch?y: An to?n","Kh? CH4 (25.1 ppm), LPG (17.5 ppm), CO (14.7 ppm), M?c kh? gas: An to?n",Auto,OFF,OFF,OFF,OFF,
7/11/2025,18:21:50,29.705,71.646,14.4097,25.62446,18.75429,14.751,10.77001,0.49432,An toan,An toan,"Nhi?t ?? 29.7?C, ?? ?m 71.6%, Kh? CO th?p (14.8 ppm), M?c ch?y: An to?n","Kh? CH4 (25.6 ppm), LPG (18.8 ppm), CO (14.8 ppm), M?c kh? gas: An to?n",Auto,OFF,OFF,OFF,OFF,
7/11/2025,18:25:33,30.69,71.352,15.81575,24.74548,17.69372,14.7005,17.63552,0.74749,An toan,An toan,"Nhi?t ?? 30.7?C, ?? ?m 71.4%, Kh? CO th?p (14.7 ppm), M?c ch?y: An to?n","Kh? CH4 (24.7 ppm), LPG (17.7 ppm), CO (14.7 ppm), M?c kh? gas: An to?n",Auto,OFF,OFF,OFF,OFF,
7/11/2025,18:30:21,29.107,78.139,15.32887,25.13068,19.25388,13.90594,25.86785,0.67739,An toan,An toan,"Nhi?t ?? 29.1?C, ?? ?m 78.1%, Kh? CO th?p (13.9 ppm), M?c ch?y: An to?n","Kh? CH4 (25.1 ppm), LPG (19.3 ppm), CO (13.9 ppm), M?c kh? gas: An to?n",Auto,OFF,OFF,OFF,OFF,
7/11/2025,18:31:05,29.166,75.44,14.08291,25.63757,18.61875,14.03436,24.05691,0.33107,An toan,An toan,"Nhi?t ?? 29.2?C, ?? ?m 75.4%, Kh? CO th?p (14.0 ppm), M?c ch?y: An to?n","Kh? CH4 (25.6 ppm), LPG (18.6 ppm), CO (14.0 ppm), M?c kh? gas: An to?n",Auto,OFF,OFF,OFF,OFF,
7/11/2025,18:31:25,29.794,69.628,15.28539,26.14768,18.17449,14.95709,20.77801,0.23798,An toan,An toan,"Nhi?t ?? 29.8?C, ?? ?m 69.6%, Kh? CO th?p (15.0 ppm), M?c ch?y: An to?n","Kh? CH4 (26.1 ppm), LPG (18.2 ppm), CO (15.0 ppm), M?c kh? gas: An to?n",Auto,OFF,OFF,OFF,OFF,
7/11/2025,18:35:20,29.085,74.956,15.40772,24.39687,17.28393,13.23623,13.2299,0.64783,An toan,An toan,"Nhi?t ?? 29.1?C, ?? ?m 75.0%, Kh? CO th?p (13.2 ppm), M?c ch?y: An to?n","Kh? CH4 (24.4 ppm), LPG (17.3 ppm), CO (13.2 ppm), M?c kh? gas: An to?n",Auto,OFF,OFF,OFF,OFF,
7/11/2025,18:42:19,29.576,70.916,14.0504,24.30798,19.18172,14.70073,21.84722,0.53984,An toan,An toan,"Nhi?t ?? 29.6?C, ?? ?m 70.9%, Kh? CO th?p (14.7 ppm), M?c ch?y: An to?n","Kh? CH4 (24.3 ppm), LPG (19.2 ppm), CO (14.7 ppm), M?c kh? gas: An to?n",Auto,OFF,OFF,OFF,OFF,
7/11/2025,18:45:04,29.8,74.902,15.73596,25.49614,17.83474,13.20229,29.01713,0.55038,An toan,An toan,"Nhi?t ?? 29.8?C, ?? ?m 74.9%, Kh? CO th?p (13.2 ppm), M?c ch?y: An to?n","Kh? CH4 (25.5 ppm), LPG (17.8 ppm), CO (13.2 ppm), M?c kh? gas: An to?n",Auto,OFF,OFF,OFF,OFF,
7/11/2025,18:52:08,30.148,71.319,15.19224,24.69681,18.03607,14.42438,27.16545,0.43814,An toan,An toan,"Nhi?t ?? 30.1?C, ?? ?m 71.3%, Kh? CO th?p (14.4 ppm), M?c ch?y: An to?n","Kh? CH4 (24.7 ppm), LPG (18.0 ppm), CO (14.4 ppm), M?c kh? gas: An to?n",Auto,OFF,OFF,OFF,OFF,
7/11/2025,18:54:28,29.158,79.46,15.65369,25.72445,19.59053,13.69061,21.04418,0.76669,An toan,An toan,"Nhi?t ?? 29.2?C, ?? ?m 79.5%, Kh? CO th?p (13.7 ppm), M?c ch?y: An to?n","Kh? CH4 (25.7 ppm), LPG (19.6 ppm), CO (13.7 ppm), M?c kh? gas: An to?n",Auto,OFF,OFF,OFF,OFF,
7/11/2025,18:58:37,29.087,69.414,15.62849,24.76758,19.69518,13.7386,29.81188,0.39878,An toan,An toan,"Nhi?t ?? 29.1?C, ?? ?m 69.4%, Kh? CO th?p (13.7 ppm), M?c ch?y: An to?n","Kh? CH4 (24.8 ppm), LPG (19.7 ppm), CO (13.7 ppm), M?c kh? gas: An to?n",Auto,OFF,OFF,OFF,OFF,
7/11/2025,18:59:11,30.178,69.15,15.20257,25.38575,18.54828,14.87607,26.59884,0.29666,An toan,An toan,"Nhi?t ?? 30.2?C, ?? ?m 69.2%, Kh? CO th?p (14.9 ppm), M?c ch?y: An to?n","Kh? CH4 (25.4 ppm), LPG (18.5 ppm), CO (14.9 ppm), M?c kh? gas: An to?n",Auto,OFF,OFF,OFF,OFF,
7/11/2025,18:59:55,30.059,74.711,14.97711,24.33086,19.6812,13.9209,29.82798,0.4174,An toan,An toan,"Nhi?t ?? 30.1?C, ?? ?m 74.7%, Kh? CO th?p (13.9 ppm), M?c ch?y: An to?n","Kh? CH4 (24.3 ppm), LPG (19.7 ppm), CO (13.9 ppm), M?c kh? gas: An to?n",Auto,OFF,OFF,OFF,OFF,
7/11/2025,19:10:08,29.27,79.925,14.14095,24.60877,18.04207,14.16639,18.87087,0.98312,An toan,An toan,"Nhi?t ?? 29.3?C, ?? ?m 79.9%, Kh? CO th?p (14.2 ppm), M?c ch?y: An to?n","Kh? CH4 (24.6 ppm), LPG (18.0 ppm), CO (14.2 ppm), M?c kh? gas: An to?n",Auto,OFF,OFF,OFF,OFF,
7/11/2025,19:12:52,29.628,70.011,15.20358,26.74259,17.187,14.12097,26.93787,0.47781,An toan,An toan,"Nhi?t ?? 29.6?C, ?? ?m 70.0%, Kh? CO th?p (14.1 ppm), M?c ch?y: An to?n","Kh? CH4 (26.7 ppm), LPG (17.2 ppm), CO (14.1 ppm), M?c kh? gas: An to?n",Auto,OFF,OFF,OFF,OFF,
7/11/2025,19:23:35,29.145,69.103,14.6948,24.4417,18.26403,13.13954,16.13841,0.95235,An toan,An toan,"Nhi?t ?? 29.1?C, ?? ?m 69.1%, Kh? CO th?p (13.1 ppm), M?c ch?y: An to?n","Kh? CH4 (24.4 ppm), LPG (18.3 ppm), CO (13.1 ppm), M?c kh? gas: An to?n",Auto,OFF,OFF,OFF,OFF,
7/11/2025,19:25:11,29.55,78.715,14.2779,25.58546,18.63275,14.00246,29.57618,0.88267,An toan,An toan,"Nhi?t ?? 29.5?C, ?? ?m 78.7%, Kh? CO th?p (14.0 ppm), M?c ch?y: An to?n","Kh? CH4 (25.6 ppm), LPG (18.6 ppm), CO (14.0 ppm), M?c kh? gas: An to?n",Auto,OFF,OFF,OFF,OFF,
7/11/2025,19:32:55,30.846,74.865,15.83505,26.34965,18.80308,13.12949,16.82193,0.75143,An toan,An toan,"Nhi?t ?? 30.8?C, ?? ?m 74.9%, Kh? CO th?p (13.1 ppm), M?c ch?y: An to?n","Kh? CH4 (26.3 ppm), LPG (18.8 ppm), CO (13.1 ppm), M?c kh? gas: An to?n",Auto,OFF,OFF,OFF,OFF,
7/11/2025,19:33:19,30.572,71.528,14.14162,24.81583,18.15648,14.85554,15.46935,0.28586,An toan,An toan,"Nhi?t ?? 30.6?C, ?? ?m 71.5%, Kh? CO th?p (14.9 ppm), M?c ch?y: An to?n","Kh? CH4 (24.8 ppm), LPG (18.2 ppm), CO (14.9 ppm), M?c kh? gas: An to?n",Auto,OFF,OFF,OFF,OFF,
7/11/2025,19:34:37,30.106,78.888,14.06241,24.65554,17.62684,13.71338,12.23136,0.25031,An toan,An toan,"Nhi?t ?? 30.1?C, ?? ?m 78.9%, Kh? CO th?p (13.7 ppm), M?c ch?y: An to?n","Kh? CH4 (24.7 ppm), LPG (17.6 ppm), CO (13.7 ppm), M?c kh? gas: An to?n",Auto,OFF,OFF,OFF,OFF,
7/11/2025,19:34:59,29.196,78.122,14.91345,26.90635,18.36988,14.75815,19.95074,0.60122,An toan,An toan,"Nhi?t ?? 29.2?C, ?? ?m 78.1%, Kh? CO th?p (14.8 ppm), M?c ch?y: An to?n","Kh? CH4 (26.9 ppm), LPG (18.4 ppm), CO (14.8 ppm), M?c kh? gas: An to?n",Auto,OFF,OFF,OFF,OFF,
7/11/2025,19:35:38,30.232,74.944,15.99021,24.16177,19.0788,13.87141,19.48671,0.37933,An toan,An toan,"Nhi?t ?? 30.2?C, ?? ?m 74.9%, Kh? CO th?p (13.9 ppm), M?c ch?y: An to?n","Kh? CH4 (24.2 ppm), LPG (19.1 ppm), CO (13.9 ppm), M?c kh? gas: An to?n",Auto,OFF,OFF,OFF,OFF,
7/11/2025,19:36:28,29.193,71.185,14.37544,25.87057,18.89115,14.4802,19.57914,0.34114,An toan,An toan,"Nhi?t ?? 29.2?C, ?? ?m 71.2%, Kh? CO th?p (14.5 ppm), M?c ch?y: An to?n","Kh? CH4 (25.9 ppm), LPG (18.9 ppm), CO (14.5 ppm), M?c kh? gas: An to?n",Auto,OFF,OFF,OFF,OFF,
7/11/2025,19:36:38,30.264,77.091,14.37047,24.1591,17.7414,14.40354,26.92345,0.56457,An toan,An toan,"Nhi?t ?? 30.3?C, ?? ?m 77.1%, Kh? CO th?p (14.4 ppm), M?c ch?y: An to?n","Kh? CH4 (24.2 ppm), LPG (17.7 ppm), CO (14.4 ppm), M?c kh? gas: An to?n",Auto,OFF,OFF,OFF,OFF,
7/11/2025,19:37:46,29.075,71.987,15.76782,24.63668,19.76428,13.32079,10.65487,0.52824,An toan,An toan,"Nhi?t ?? 29.1?C, ?? ?m 72.0%, Kh? CO th?p (13.3 ppm), M?c ch?y: An to?n","Kh? CH4 (24.6 ppm), LPG (19.8 ppm), CO (13.3 ppm), M?c kh? gas: An to?n",Auto,OFF,OFF,OFF,OFF,
7/11/2025,19:38:10,30.565,70.286,15.58848,26.01306,18.2135,14.86045,25.15537,0.1438,An toan,An toan,"Nhi?t ?? 30.6?C, ?? ?m 70.3%, Kh? CO th?p (14.9 ppm), M?c ch?y: An to?n","Kh? CH4 (26.0 ppm), LPG (18.2 ppm), CO (14.9 ppm), M?c kh? gas: An to?n",Auto,OFF,OFF,OFF,OFF,
7/11/2025,19:38:17,30.205,75.014,15.82634,24.65248,19.99875,13.37043,19.93539,0.18089,An toan,An toan,"Nhi?t ?? 30.2?C, ?? ?m 75.0%, Kh? CO th?p (13.4 ppm), M?c ch?y: An to?n","Kh? CH4 (24.7 ppm), LPG (20.0 ppm), CO (13.4 ppm), M?c kh? gas: An to?n",Auto,OFF,OFF,OFF,OFF,
7/11/2025,19:42:17,29.779,78.296,15.42388,25.66774,19.18288,13.71485,23.73475,0.48312,An toan,An toan,"Nhi?t ?? 29.8?C, ?? ?m 78.3%, Kh? CO th?p (13.7 ppm), M?c ch?y: An to?n","Kh? CH4 (25.7 ppm), LPG (19.2 ppm), CO (13.7 ppm), M?c kh? gas: An to?n",Auto,OFF,OFF,OFF,OFF,
7/11/2025,19:43:54,30.779,70.624,15.9511,25.61227,19.3221,13.2877,18.23113,0.24887,An toan,An toan,"Nhi?t ?? 30.8?C, ?? ?m 70.6%, Kh? CO th?p (13.3 ppm), M?c ch?y: An to?n","Kh? CH4 (25.6 ppm), LPG (19.3 ppm), CO (13.3 ppm), M?c kh? gas: An to?n",Auto,OFF,OFF,OFF,OFF,
7/11/2025,19:45:13,29.054,77.193,14.2977,24.16484,18.6968,13.77663,13.17291,0.3086,An toan,An toan,"Nhi?t ?? 29.1?C, ?? ?m 77.2%, Kh? CO th?p (13.8 ppm), M?c ch?y: An to?n","Kh? CH4 (24.2 ppm), LPG (18.7 ppm), CO (13.8 ppm), M?c kh? gas: An to?n",Auto,OFF,OFF,OFF,OFF,
7/11/2025,19:47:19,29.39,69.39,15.89829,24.59349,19.39744,13.10958,21.85289,0.52238,An toan,An toan,"Nhi?t ?? 29.4?C, ?? ?m 69.4%, Kh? CO th?p (13.1 ppm), M?c ch?y: An to?n","Kh? CH4 (24.6 ppm), LPG (19.4 ppm), CO (13.1 ppm), M?c kh? gas: An to?n",Auto,OFF,OFF,OFF,OFF,
7/11/2025,19:48:02,29.336,73.239,15.05393,25.72967,19.94557,14.81763,16.67899,0.62167,An toan,An toan,"Nhi?t ?? 29.3?C, ?? ?m 73.2%, Kh? CO th?p (14.8 ppm), M?c ch?y: An to?n","Kh? CH4 (25.7 ppm), LPG (19.9 ppm), CO (14.8 ppm), M?c kh? gas: An to?n",Auto,OFF,OFF,OFF,OFF,
7/11/2025,19:50:15,30.25,74.006,14.24756,25.77968,17.33453,13.17864,19.59264,0.88825,An toan,An toan,"Nhi?t ?? 30.3?C, ?? ?m 74.0%, Kh? CO th?p (13.2 ppm), M?c ch?y: An to?n","Kh? CH4 (25.8 ppm), LPG (17.3 ppm), CO (13.2 ppm), M?c kh? gas: An to?n",Auto,OFF,OFF,OFF,OFF,
7/11/2025,20:06:02,30.636,79.249,14.49147,26.64229,19.1472,13.19879,20.74485,0.32876,An toan,An toan,"Nhi?t ?? 30.6?C, ?? ?m 79.2%, Kh? CO th?p (13.2 ppm), M?c ch?y: An to?n","Kh? CH4 (26.6 ppm), LPG (19.1 ppm), CO (13.2 ppm), M?c kh? gas: An to?n",Auto,OFF,OFF,OFF,OFF,
7/11/2025,20:06:04,30.178,77.24,15.34555,26.17288,18.25842,14.31841,24.19156,0.96812,An toan,An toan,"Nhi?t ?? 30.2?C, ?? ?m 77.2%, Kh? CO th?p (14.3 ppm), M?c ch?y: An to?n","Kh? CH4 (26.2 ppm), LPG (18.3 ppm), CO (14.3 ppm), M?c kh? gas: An to?n",Auto,OFF,OFF,OFF,OFF,
7/11/2025,20:07:29,30.456,69.668,14.70089,25.34553,17.47702,13.61424,26.73984,0.73048,An toan,An toan,"Nhi?t ?? 30.5?C, ?? ?m 69.7%, Kh? CO th?p (13.6 ppm), M?c ch?y: An to?n","Kh? CH4 (25.3 ppm), LPG (17.5 ppm), CO (13.6 ppm), M?c kh? gas: An to?n",Auto,OFF,OFF,OFF,OFF,
7/11/2025,20:08:41,30.403,69.47,14.21696,24.56852,17.63436,14.8321,15.12329,0.68433,An toan,An toan,"Nhi?t ?? 30.4?C, ?? ?m 69.5%, Kh? CO th?p (14.8 ppm), M?c ch?y: An to?n","Kh? CH4 (24.6 ppm), LPG (17.6 ppm), CO (14.8 ppm), M?c kh? gas: An to?n",Auto,OFF,OFF,OFF,OFF,
7/11/2025,20:13:22,29.342,79.849,15.7282,24.85753,18.09521,13.03316,29.52767,0.3723,An toan,An toan,"Nhi?t ?? 29.3?C, ?? ?m 79.8%, Kh? CO th?p (13.0 ppm), M?c ch?y: An to?n","Kh? CH4 (24.9 ppm), LPG (18.1 ppm), CO (13.0 ppm), M?c kh? gas: An to?n",Auto,OFF,OFF,OFF,OFF,
7/11/2025,20:14:14,29.005,72.861,14.43353,25.10783,17.26049,13.52273,26.46312,0.81443,An toan,An toan,"Nhi?t ?? 29.0?C, ?? ?m 72.9%, Kh? CO th?p (13.5 ppm), M?c ch?y: An to?n","Kh? CH4 (25.1 ppm), LPG (17.3 ppm), CO (13.5 ppm), M?c kh? gas: An to?n",Auto,OFF,OFF,OFF,OFF,
7/11/2025,20:16:53,30.691,72.891,15.04838,25.23015,19.66743,13.23728,14.88389,0.75048,An toan,An toan,"Nhi?t ?? 30.7?C, ?? ?m 72.9%, Kh? CO th?p (13.2 ppm), M?c ch?y: An to?n","Kh? CH4 (25.2 ppm), LPG (19.7 ppm), CO (13.2 ppm), M?c kh? gas: An to?n",Auto,OFF,OFF,OFF,OFF,
7/11/2025,20:19:54,30.559,79.71,15.0711,24.71154,17.14252,13.74676,13.43411,0.81406,An toan,An toan,"Nhi?t ?? 30.6?C, ?? ?m 79.7%, Kh? CO th?p (13.7 ppm), M?c ch?y: An to?n","Kh? CH4 (24.7 ppm), LPG (17.1 ppm), CO (13.7 ppm), M?c kh? gas: An to?n",Auto,OFF,OFF,OFF,OFF,
7/11/2025,20:20:03,29.033,70.575,14.419,25.79292,17.11342,14.1387,28.88122,0.97811,An toan,An toan,"Nhi?t ?? 29.0?C, ?? ?m 70.6%, Kh? CO th?p (14.1 ppm), M?c ch?y: An to?n","Kh? CH4 (25.8 ppm), LPG (17.1 ppm), CO (14.1 ppm), M?c kh? gas: An to?n",Auto,OFF,OFF,OFF,OFF,
7/11/2025,20:20:50,29.537,69.813,15.70386,25.80258,17.92103,14.4514,17.22148,0.35129,An toan,An toan,"Nhi?t ?? 29.5?C, ?? ?m 69.8%, Kh? CO th?p (14.5 ppm), M?c ch?y: An to?n","Kh? CH4 (25.8 ppm), LPG (17.9 ppm), CO (14.5 ppm), M?c kh? gas: An to?n",Auto,OFF,OFF,OFF,OFF,
7/11/2025,20:26:38,30.04,73.353,14.63198,26.65984,19.17582,13.95593,14.60607,0.75404,An toan,An toan,"Nhi?t ?? 30.0?C, ?? ?m 73.4%, Kh? CO th?p (14.0 ppm), M?c ch?y: An to?n","Kh? CH4 (26.7 ppm), LPG (19.2 ppm), CO (14.0 ppm), M?c kh? gas: An to?n",Auto,OFF,OFF,OFF,OFF,
7/11/2025,20:29:10,30.188,78.442,15.43855,24.10426,17.74771,14.54694,14.53437,0.62528,An toan,An toan,"Nhi?t ?? 30.2?C, ?? ?m 78.4%, Kh? CO th?p (14.5 ppm), M?c ch?y: An to?n","Kh? CH4 (24.1 ppm), LPG (17.7 ppm), CO (14.5 ppm), M?c kh? gas: An to?n",Auto,OFF,OFF,OFF,OFF,
7/11/2025,20:29:27,30.467,76.553,14.98825,25.78255,17.50737,14.99635,16.72256,0.71473,An toan,An toan,"Nhi?t ?? 30.5?C, ?? ?m 76.6%, Kh? CO th?p (15.0 ppm), M?c ch?y: An to?n","Kh? CH4 (25.8 ppm), LPG (17.5 ppm), CO (15.0 ppm), M?c kh? gas: An to?n",Auto,OFF,OFF,OFF,OFF,
7/11/2025,20:31:26,29.379,78.444,14.63339,26.4231,19.4112,14.63718,27.79193,0.35012,An toan,An toan,"Nhi?t ?? 29.4?C, ?? ?m 78.4%, Kh? CO th?p (14.6 ppm), M?c ch?y: An to?n","Kh? CH4 (26.4 ppm), LPG (19.4 ppm), CO (14.6 ppm), M?c kh? gas: An to?n",Auto,OFF,OFF,OFF,OFF,
7/11/2025,20:35:50,30.906,70.706,15.82708,26.13641,18.9219,14.73902,26.75326,0.69379,An toan,An toan,"Nhi?t ?? 30.9?C, ?? ?m 70.7%, Kh? CO th?p (14.7 ppm), M?c ch?y: An to?n","Kh? CH4 (26.1 ppm), LPG (18.9 ppm), CO (14.7 ppm), M?c kh? gas: An to?n",Auto,OFF,OFF,OFF,OFF,
7/11/2025,20:49:55,29.6,79.38,15.79949,25.1083,19.87356,14.32621,21.99187,0.22714,An toan,An toan,"Nhi?t ?? 29.6?C, ?? ?m 79.4%, Kh? CO th?p (14.3 ppm), M?c ch?y: An to?n","Kh? CH4 (25.1 ppm), LPG (19.9 ppm), CO (14.3 ppm), M?c kh? gas: An to?n",Auto,OFF,OFF,OFF,OFF,
7/11/2025,20:51:30,30.062,79.971,14.41806,25.87472,18.62115,13.6159,14.77246,0.3272,An toan,An toan,"Nhi?t ?? 30.1?C, ?? ?m 80.0%, Kh? CO th?p (13.6 ppm), M?c ch?y: An to?n","Kh? CH4 (25.9 ppm), LPG (18.6 ppm), CO (13.6 ppm), M?c kh? gas: An to?n",Auto,OFF,OFF,OFF,OFF,
7/11/2025,20:52:34,29.616,71.524,15.98152,25.04441,18.77788,13.30047,16.15843,0.18241,An toan,An toan,"Nhi?t ?? 29.6?C, ?? ?m 71.5%, Kh? CO th?p (13.3 ppm), M?c ch?y: An to?n","Kh? CH4 (25.0 ppm), LPG (18.8 ppm), CO (13.3 ppm), M?c kh? gas: An to?n",Auto,OFF,OFF,OFF,OFF,
7/11/2025,20:52:37,30.802,79.159,15.59917,26.31709,17.38453,13.04163,19.47344,0.97436,An toan,An toan,"Nhi?t ?? 30.8?C, ?? ?m 79.2%, Kh? CO th?p (13.0 ppm), M?c ch?y: An to?n","Kh? CH4 (26.3 ppm), LPG (17.4 ppm), CO (13.0 ppm), M?c kh? gas: An to?n",Auto,OFF,OFF,OFF,OFF,
7/11/2025,20:55:24,30.194,69.084,15.7244,24.43055,17.73785,14.46948,25.09471,0.67716,An toan,An toan,"Nhi?t ?? 30.2?C, ?? ?m 69.1%, Kh? CO th?p (14.5 ppm), M?c ch?y: An to?n","Kh? CH4 (24.4 ppm), LPG (17.7 ppm), CO (14.5 ppm), M?c kh? gas: An to?n",Auto,OFF,OFF,OFF,OFF,
7/11/2025,21:02:58,30.013,69.461,14.17696,24.9479,18.23375,13.48341,12.71013,0.70228,An toan,An toan,"Nhi?t ?? 30.0?C, ?? ?m 69.5%, Kh? CO th?p (13.5 ppm), M?c ch?y: An to?n","Kh? CH4 (24.9 ppm), LPG (18.2 ppm), CO (13.5 ppm), M?c kh? gas: An to?n",Auto,OFF,OFF,OFF,OFF,
7/11/2025,21:03:06,29.383,73.175,14.05176,24.01197,18.58715,14.17607,22.21297,0.17703,An toan,An toan,"Nhi?t ?? 29.4?C, ?? ?m 73.2%, Kh? CO th?p (14.2 ppm), M?c ch?y: An to?n","Kh? CH4 (24.0 ppm), LPG (18.6 ppm), CO (14.2 ppm), M?c kh? gas: An to?n",Auto,OFF,OFF,OFF,OFF,
7/11/2025,21:07:24,30.188,72.847,14.62129,24.86091,18.74961,13.75172,22.57354,0.64412,An toan,An toan,"Nhi?t ?? 30.2?C, ?? ?m 72.8%, Kh? CO th?p (13.8 ppm), M?c ch?y: An to?n","Kh? CH4 (24.9 ppm), LPG (18.7 ppm), CO (13.8 ppm), M?c kh? gas: An to?n",Auto,OFF,OFF,OFF,OFF,
7/11/2025,21:09:32,30.105,71.321,15.07641,26.73298,19.88797,13.70306,29.31067,0.12729,An toan,An toan,"Nhi?t ?? 30.1?C, ?? ?m 71.3%, Kh? CO th?p (13.7 ppm), M?c ch?y: An to?n","Kh? CH4 (26.7 ppm), LPG (19.9 ppm), CO (13.7 ppm), M?c kh? gas: An to?n",Auto,OFF,OFF,OFF,OFF,
7/11/2025,21:10:16,29.345,79.062,14.42351,24.05755,19.03771,14.16819,17.03064,0.27662,An toan,An toan,"Nhi?t ?? 29.3?C, ?? ?m 79.1%, Kh? CO th?p (14.2 ppm), M?c ch?y: An to?n","Kh? CH4 (24.1 ppm), LPG (19.0 ppm), CO (14.2 ppm), M?c kh? gas: An to?n",Auto,OFF,OFF,OFF,OFF,
7/11/2025,21:16:52,29.465,69.441,14.10759,25.22751,19.52718,14.53721,26.69148,0.44867,An toan,An toan,"Nhi?t ?? 29.5?C, ?? ?m 69.4%, Kh? CO th?p (14.5 ppm), M?c ch?y: An to?n","Kh? CH4 (25.2 ppm), LPG (19.5 ppm), CO (14.5 ppm), M?c kh? gas: An to?n",Auto,OFF,OFF,OFF,OFF,
7/11/2025,21:18:46,30.487,73.96,15.63341,26.02868,19.1132,13.10403,26.82331,0.72887,An toan,An toan,"Nhi?t ?? 30.5?C, ?? ?m 74.0%, Kh? CO th?p (13.1 ppm), M?c ch?y: An to?n","Kh? CH4 (26.0 ppm), LPG (19.1 ppm), CO (13.1 ppm), M?c kh? gas: An to?n",Auto,OFF,OFF,OFF,OFF,
7/11/2025,21:19:08,29.342,75.737,15.95055,24.37885,19.42606,14.54395,12.99245,0.75766,An toan,An toan,"Nhi?t ?? 29.3?C, ?? ?m 75.7%, Kh? CO th?p (14.5 ppm), M?c ch?y: An to?n","Kh? CH4 (24.4 ppm), LPG (19.4 ppm), CO (14.5 ppm), M?c kh? gas: An to?n",Auto,OFF,OFF,OFF,OFF,
7/11/2025,21:21:20,29.046,78.06,15.14892,25.80498,19.76079,14.18248,26.82797,0.16399,An toan,An toan,"Nhi?t ?? 29.0?C, ?? ?m 78.1%, Kh? CO th?p (14.2 ppm), M?c ch?y: An to?n","Kh? CH4 (25.8 ppm), LPG (19.8 ppm), CO (14.2 ppm), M?c kh? gas: An to?n",Auto,OFF,OFF,OFF,OFF,
7/11/2025,21:25:08,30.822,69.617,14.56744,25.27241,17.92081,13.21039,29.33871,0.48933,An toan,An toan,"Nhi?t ?? 30.8?C, ?? ?m 69.6%, Kh? CO th?p (13.2 ppm), M?c ch?y: An to?n","Kh? CH4 (25.3 ppm), LPG (17.9 ppm), CO (13.2 ppm), M?c kh? gas: An to?n",Auto,OFF,OFF,OFF,OFF,
7/11/2025,21:28:06,30.227,79.543,14.7594,24.68264,18.75335,14.49944,18.12239,0.85675,An toan,An toan,"Nhi?t ?? 30.2?C, ?? ?m 79.5%, Kh? CO th?p (14.5 ppm), M?c ch?y: An to?n","Kh? CH4 (24.7 ppm), LPG (18.8 ppm), CO (14.5 ppm), M?c kh? gas: An to?n",Auto,OFF,OFF,OFF,OFF,
7/11/2025,21:30:04,30.422,74.672,15.88493,25.19002,17.91709,13.56498,16.08184,0.5558,An toan,An toan,"Nhi?t ?? 30.4?C, ?? ?m 74.7%, Kh? CO th?p (13.6 ppm), M?c ch?y: An to?n","Kh? CH4 (25.2 ppm), LPG (17.9 ppm), CO (13.6 ppm), M?c kh? gas: An to?n",Auto,OFF,OFF,OFF,OFF,
7/11/2025,21:32:48,29.399,77.156,14.25484,26.01708,17.10616,14.34404,22.6987,0.14398,An toan,An toan,"Nhi?t ?? 29.4?C, ?? ?m 77.2%, Kh? CO th?p (14.3 ppm), M?c ch?y: An to?n","Kh? CH4 (26.0 ppm), LPG (17.1 ppm), CO (14.3 ppm), M?c kh? gas: An to?n",Auto,OFF,OFF,OFF,OFF,
7/11/2025,21:35:38,30.298,69.068,15.0176,25.88538,17.89273,14.82521,25.08211,0.73043,An toan,An toan,"Nhi?t ?? 30.3?C, ?? ?m 69.1%, Kh? CO th?p (14.8 ppm), M?c ch?y: An to?n","Kh? CH4 (25.9 ppm), LPG (17.9 ppm), CO (14.8 ppm), M?c kh? gas: An to?n",Auto,OFF,OFF,OFF,OFF,
7/11/2025,21:40:09,29.318,75.034,14.2609,24.41275,17.0804,13.45382,19.83671,0.36531,An toan,An toan,"Nhi?t ?? 29.3?C, ?? ?m 75.0%, Kh? CO th?p (13.5 ppm), M?c ch?y: An to?n","Kh? CH4 (24.4 ppm), LPG (17.1 ppm), CO (13.5 ppm), M?c kh? gas: An to?n",Auto,OFF,OFF,OFF,OFF,
7/11/2025,21:43:50,29.215,77.431,14.3822,26.78821,17.35728,14.87736,11.28406,0.76303,An toan,An toan,"Nhi?t ?? 29.2?C, ?? ?m 77.4%, Kh? CO th?p (14.9 ppm), M?c ch?y: An to?n","Kh? CH4 (26.8 ppm), LPG (17.4 ppm), CO (14.9 ppm), M?c kh? gas: An to?n",Auto,OFF,OFF,OFF,OFF,
7/11/2025,21:51:10,29.12,77.014,14.3629,24.07274,19.59983,14.23561,27.75602,0.80178,An toan,An toan,"Nhi?t ?? 29.1?C, ?? ?m 77.0%, Kh? CO th?p (14.2 ppm), M?c ch?y: An to?n","Kh? CH4 (24.1 ppm), LPG (19.6 ppm), CO (14.2 ppm), M?c kh? gas: An to?n",Auto,OFF,OFF,OFF,OFF,
7/11/2025,21:53:44,29.179,72.178,14.1921,24.70206,19.86365,13.24439,17.43079,0.63239,An toan,An toan,"Nhi?t ?? 29.2?C, ?? ?m 72.2%, Kh? CO th?p (13.2 ppm), M?c ch?y: An to?n","Kh? CH4 (24.7 ppm), LPG (19.9 ppm), CO (13.2 ppm), M?c kh? gas: An to?n",Auto,OFF,OFF,OFF,OFF,
7/11/2025,21:58:22,29.352,73.712,15.09916,25.76743,19.43075,14.20681,18.019,0.9812,An toan,An toan,"Nhi?t ?? 29.4?C, ?? ?m 73.7%, Kh? CO th?p (14.2 ppm), M?c ch?y: An to?n","Kh? CH4 (25.8 ppm), LPG (19.4 ppm), CO (14.2 ppm), M?c kh? gas: An to?n",Auto,OFF,OFF,OFF,OFF,
7/11/2025,21:59:07,29.833,70.168,15.49602,26.63983,19.34332,13.10657,27.84367,0.2945,An toan,An toan,"Nhi?t ?? 29.8?C, ?? ?m 70.2%, Kh? CO th?p (13.1 ppm), M?c ch?y: An to?n","Kh? CH4 (26.6 ppm), LPG (19.3 ppm), CO (13.1 ppm), M?c kh? gas: An to?n",Auto,OFF,OFF,OFF,OFF,
7/11/2025,22:05:06,30.932,79.985,15.66059,25.62742,19.17567,14.26139,29.73538,0.26831,An toan,An toan,"Nhi?t ?? 30.9?C, ?? ?m 80.0%, Kh? CO th?p (14.3 ppm), M?c ch?y: An to?n","Kh? CH4 (25.6 ppm), LPG (19.2 ppm), CO (14.3 ppm), M?c kh? gas: An to?n",Auto,OFF,OFF,OFF,OFF,
7/11/2025,22:05:08,30.291,69.652,15.41156,24.03583,17.60709,14.62903,16.28598,0.58976,An toan,An toan,"Nhi?t ?? 30.3?C, ?? ?m 69.7%, Kh? CO th?p (14.6 ppm), M?c ch?y: An to?n","Kh? CH4 (24.0 ppm), LPG (17.6 ppm), CO (14.6 ppm), M?c kh? gas: An to?n",Auto,OFF,OFF,OFF,OFF,
7/11/2025,22:05:25,30.633,79.029,15.86955,26.85278,18.27444,14.88949,21.86101,0.57079,An toan,An toan,"Nhi?t ?? 30.6?C, ?? ?m 79.0%, Kh? CO th?p (14.9 ppm), M?c ch?y: An to?n","Kh? CH4 (26.9 ppm), LPG (18.3 ppm), CO (14.9 ppm), M?c kh? gas: An to?n",Auto,OFF,OFF,OFF,OFF,
7/11/2025,22:16:24,29.244,69.13,15.05541,24.49169,18.90592,14.21952,23.6852,0.28685,An toan,An toan,"Nhi?t ?? 29.2?C, ?? ?m 69.1%, Kh? CO th?p (14.2 ppm), M?c ch?y: An to?n","Kh? CH4 (24.5 ppm), LPG (18.9 ppm), CO (14.2 ppm), M?c kh? gas: An to?n",Auto,OFF,OFF,OFF,OFF,
7/11/2025,22:19:38,29.93,71.006,14.22353,24.54705,19.89958,14.18248,15.44771,0.90224,An toan,An toan,"Nhi?t ?? 29.9?C, ?? ?m 71.0%, Kh? CO th?p (14.2 ppm), M?c ch?y: An to?n","Kh? CH4 (24.5 ppm), LPG (19.9 ppm), CO (14.2 ppm), M?c kh? gas: An to?n",Auto,OFF,OFF,OFF,OFF,
7/11/2025,22:20:33,29.675,79.789,15.61914,25.17043,18.9682,13.38377,10.45926,0.73923,An toan,An toan,"Nhi?t ?? 29.7?C, ?? ?m 79.8%, Kh? CO th?p (13.4 ppm), M?c ch?y: An to?n","Kh? CH4 (25.2 ppm), LPG (19.0 ppm), CO (13.4 ppm), M?c kh? gas: An to?n",Auto,OFF,OFF,OFF,OFF,
7/11/2025,22:22:31,29.354,75.277,15.82418,24.88213,17.94995,13.91416,11.10081,0.96853,An toan,An toan,"Nhi?t ?? 29.4?C, ?? ?m 75.3%, Kh? CO th?p (13.9 ppm), M?c ch?y: An to?n","Kh? CH4 (24.9 ppm), LPG (17.9 ppm), CO (13.9 ppm), M?c kh? gas: An to?n",Auto,OFF,OFF,OFF,OFF,
7/11/2025,22:24:03,29.041,78.837,15.80097,26.14806,18.26965,14.83094,21.02,0.18913,An toan,An toan,"Nhi?t ?? 29.0?C, ?? ?m 78.8%, Kh? CO th?p (14.8 ppm), M?c ch?y: An to?n","Kh? CH4 (26.1 ppm), LPG (18.3 ppm), CO (14.8 ppm), M?c kh? gas: An to?n",Auto,OFF,OFF,OFF,OFF,
7/11/2025,22:24:35,29.36,77.648,14.65702,24.65169,17.21543,13.04722,23.06127,0.87115,An toan,An toan,"Nhi?t ?? 29.4?C, ?? ?m 77.6%, Kh? CO th?p (13.0 ppm), M?c ch?y: An to?n","Kh? CH4 (24.7 ppm), LPG (17.2 ppm), CO (13.0 ppm), M?c kh? gas: An to?n",Auto,OFF,OFF,OFF,OFF,
7/11/2025,22:27:29,30.532,75.647,14.65535,24.81843,18.75996,13.10235,17.08372,0.14635,An toan,An toan,"Nhi?t ?? 30.5?C, ?? ?m 75.6%, Kh? CO th?p (13.1 ppm), M?c ch?y: An to?n","Kh? CH4 (24.8 ppm), LPG (18.8 ppm), CO (13.1 ppm), M?c kh? gas: An to?n",Auto,OFF,OFF,OFF,OFF,
7/11/2025,22:31:09,29.682,74.486,15.92919,25.70905,17.675,13.09024,25.61172,0.99744,An toan,An toan,"Nhi?t ?? 29.7?C, ?? ?m 74.5%, Kh? CO th?p (13.1 ppm), M?c ch?y: An to?n","Kh? CH4 (25.7 ppm), LPG (17.7 ppm), CO (13.1 ppm), M?c kh? gas: An to?n",Auto,OFF,OFF,OFF,OFF,
7/11/2025,22:33:25,30.987,77.75,15.32326,26.34959,18.85595,14.11563,19.33845,0.61936,An toan,An toan,"Nhi?t ?? 31.0?C, ?? ?m 77.8%, Kh? CO th?p (14.1 ppm), M?c ch?y: An to?n","Kh? CH4 (26.3 ppm), LPG (18.9 ppm), CO (14.1 ppm), M?c kh? gas: An to?n",Auto,OFF,OFF,OFF,OFF,
7/11/2025,22:35:20,29.29,77.052,14.85397,26.10781,17.9164,14.88037,18.98835,0.25071,An toan,An toan,"Nhi?t ?? 29.3?C, ?? ?m 77.1%, Kh? CO th?p (14.9 ppm), M?c ch?y: An to?n","Kh? CH4 (26.1 ppm), LPG (17.9 ppm), CO (14.9 ppm), M?c kh? gas: An to?n",Auto,OFF,OFF,OFF,OFF,
7/11/2025,22:40:38,30.945,71.762,15.47646,26.47682,17.78451,13.25117,18.42414,0.77968,An toan,An toan,"Nhi?t ?? 30.9?C, ?? ?m 71.8%, Kh? CO th?p (13.3 ppm), M?c ch?y: An to?n","Kh? CH4 (26.5 ppm), LPG (17.8 ppm), CO (13.3 ppm), M?c kh? gas: An to?n",Auto,OFF,OFF,OFF,OFF,
7/11/2025,22:43:24,29.463,75.716,15.12693,25.51787,17.03833,14.7281,24.42973,0.36929,An toan,An toan,"Nhi?t ?? 29.5?C, ?? ?m 75.7%, Kh? CO th?p (14.7 ppm), M?c ch?y: An to?n","Kh? CH4 (25.5 ppm), LPG (17.0 ppm), CO (14.7 ppm), M?c kh? gas: An to?n",Auto,OFF,OFF,OFF,OFF,
7/11/2025,22:44:49,29.146,70.347,15.88436,25.6098,17.19074,13.26664,19.54363,0.5873,An toan,An toan,"Nhi?t ?? 29.1?C, ?? ?m 70.3%, Kh? CO th?p (13.3 ppm), M?c ch?y: An to?n","Kh? CH4 (25.6 ppm), LPG (17.2 ppm), CO (13.3 ppm), M?c kh? gas: An to?n",Auto,OFF,OFF,OFF,OFF,
7/11/2025,22:48:00,30.998,70.219,15.61814,26.55304,19.81633,13.68954,21.51162,0.36686,An toan,An toan,"Nhi?t ?? 31.0?C, ?? ?m 70.2%, Kh? CO th?p (13.7 ppm), M?c ch?y: An to?n","Kh? CH4 (26.6 ppm), LPG (19.8 ppm), CO (13.7 ppm), M?c kh? gas: An to?n",Auto,OFF,OFF,OFF,OFF,
7/11/2025,22:51:02,30.38,72.722,15.3854,24.5866,19.57636,13.7853,21.83864,0.35625,An toan,An toan,"Nhi?t ?? 30.4?C, ?? ?m 72.7%, Kh? CO th?p (13.8 ppm), M?c ch?y: An to?n","Kh? CH4 (24.6 ppm), LPG (19.6 ppm), CO (13.8 ppm), M?c kh? gas: An to?n",Auto,OFF,OFF,OFF,OFF,
7/11/2025,22:52:13,29.697,75.667,15.97657,24.26619,18.7556,14.60811,13.483,0.9433,An toan,An toan,"Nhi?t ?? 29.7?C, ?? ?m 75.7%, Kh? CO th?p (14.6 ppm), M?c ch?y: An to?n","Kh? CH4 (24.3 ppm), LPG (18.8 ppm), CO (14.6 ppm), M?c kh? gas: An to?n",Auto,OFF,OFF,OFF,OFF,
7/11/2025,22:52:35,29.738,70.884,14.61758,24.34498,19.43167,14.40039,15.93151,0.58683,An toan,An toan,"Nhi?t ?? 29.7?C, ?? ?m 70.9%, Kh? CO th?p (14.4 ppm), M?c ch?y: An to?n","Kh? CH4 (24.3 ppm), LPG (19.4 ppm), CO (14.4 ppm), M?c kh? gas: An to?n",Auto,OFF,OFF,OFF,OFF,
7/11/2025,23:00:26,29.247,77.549,14.21862,24.84897,19.98819,14.66646,18.24868,0.73712,An toan,An toan,"Nhi?t ?? 29.2?C, ?? ?m 77.5%, Kh? CO th?p (14.7 ppm), M?c ch?y: An to?n","Kh? CH4 (24.8 ppm), LPG (20.0 ppm), CO (14.7 ppm), M?c kh? gas: An to?n",Auto,OFF,OFF,OFF,OFF,
7/11/2025,23:00:45,29.023,69.779,15.95918,24.09746,17.84842,13.15815,18.7931,0.40897,An toan,An toan,"Nhi?t ?? 29.0?C, ?? ?m 69.8%, Kh? CO th?p (13.2 ppm), M?c ch?y: An to?n","Kh? CH4 (24.1 ppm), LPG (17.8 ppm), CO (13.2 ppm), M?c kh? gas: An to?n",Auto,OFF,OFF,OFF,OFF,
7/11/2025,23:01:00,29.927,71.197,15.027,25.07584,19.32629,14.49227,25.07968,0.19658,An toan,An toan,"Nhi?t ?? 29.9?C, ?? ?m 71.2%, Kh? CO th?p (14.5 ppm), M?c ch?y: An to?n","Kh? CH4 (25.1 ppm), LPG (19.3 ppm), CO (14.5 ppm), M?c kh? gas: An to?n",Auto,OFF,OFF,OFF,OFF,
7/11/2025,23:01:42,29.722,72.138,15.0639,25.84132,17.73588,14.89746,15.07564,0.14173,An toan,An toan,"Nhi?t ?? 29.7?C, ?? ?m 72.1%, Kh? CO th?p (14.9 ppm), M?c ch?y: An to?n","Kh? CH4 (25.8 ppm), LPG (17.7 ppm), CO (14.9 ppm), M?c kh? gas: An to?n",Auto,OFF,OFF,OFF,OFF,
7/11/2025,23:04:47,29.478,70.888,15.56531,26.51519,17.34452,14.10904,10.30962,0.3143,An toan,An toan,"Nhi?t ?? 29.5?C, ?? ?m 70.9%, Kh? CO th?p (14.1 ppm), M?c ch?y: An to?n","Kh? CH4 (26.5 ppm), LPG (17.3 ppm), CO (14.1 ppm), M?c kh? gas: An to?n",Auto,OFF,OFF,OFF,OFF,
7/11/2025,23:05:47,30.131,74.477,15.43603,25.41423,17.67069,13.9571,25.75735,0.15162,An toan,An toan,"Nhi?t ?? 30.1?C, ?? ?m 74.5%, Kh? CO th?p (14.0 ppm), M?c ch?y: An to?n","Kh? CH4 (25.4 ppm), LPG (17.7 ppm), CO (14.0 ppm), M?c kh? gas: An to?n",Auto,OFF,OFF,OFF,OFF,
7/11/2025,23:09:05,30.093,69.343,15.41818,24.2223,17.24573,14.02535,10.08248,0.28821,An toan,An toan,"Nhi?t ?? 30.1?C, ?? ?m 69.3%, Kh? CO th?p (14.0 ppm), M?c ch?y: An to?n","Kh? CH4 (24.2 ppm), LPG (17.2 ppm), CO (14.0 ppm), M?c kh? gas: An to?n",Auto,OFF,OFF,OFF,OFF,
7/11/2025,23:12:54,29.135,74.075,14.10587,24.08714,17.4681,13.3027,11.93923,0.47051,An toan,An toan,"Nhi?t ?? 29.1?C, ?? ?m 74.1%, Kh? CO th?p (13.3 ppm), M?c ch?y: An to?n","Kh? CH4 (24.1 ppm), LPG (17.5 ppm), CO (13.3 ppm), M?c kh? gas: An to?n",Auto,OFF,OFF,OFF,OFF,
7/11/2025,23:13:24,29.824,69.333,14.83373,26.15359,18.36465,14.23376,10.32978,0.49456,An toan,An toan,"Nhi?t ?? 29.8?C, ?? ?m 69.3%, Kh? CO th?p (14.2 ppm), M?c ch?y: An to?n","Kh? CH4 (26.2 ppm), LPG (18.4 ppm), CO (14.2 ppm), M?c kh? gas: An to?n",Auto,OFF,OFF,OFF,OFF,
7/11/2025,23:14:28,29.622,72.254,14.0767,26.86586,19.52837,13.70315,21.73829,0.19466,An toan,An toan,"Nhi?t ?? 29.6?C, ?? ?m 72.3%, Kh? CO th?p (13.7 ppm), M?c ch?y: An to?n","Kh? CH4 (26.9 ppm), LPG (19.5 ppm), CO (13.7 ppm), M?c kh? gas: An to?n",Auto,OFF,OFF,OFF,OFF,
7/11/2025,23:19:41,30.603,76.276,14.4473,26.34483,17.21914,13.98274,20.18285,0.52139,An toan,An toan,"Nhi?t ?? 30.6?C, ?? ?m 76.3%, Kh? CO th?p (14.0 ppm), M?c ch?y: An to?n","Kh? CH4 (26.3 ppm), LPG (17.2 ppm), CO (14.0 ppm), M?c kh? gas: An to?n",Auto,OFF,OFF,OFF,OFF,
7/11/2025,23:25:06,30.654,73.992,14.51118,26.64744,18.3796,13.35583,17.76727,0.74523,An toan,An toan,"Nhi?t ?? 30.7?C, ?? ?m 74.0%, Kh? CO th?p (13.4 ppm), M?c ch?y: An to?n","Kh? CH4 (26.6 ppm), LPG (18.4 ppm), CO (13.4 ppm), M?c kh? gas: An to?n",Auto,OFF,OFF,OFF,OFF,
7/11/2025,23:27:43,29.374,77.902,15.08937,24.58555,17.0206,13.89616,11.66548,0.30495,An toan,An toan,"Nhi?t ?? 29.4?C, ?? ?m 77.9%, Kh? CO th?p (13.9 ppm), M?c ch?y: An to?n","Kh? CH4 (24.6 ppm), LPG (17.0 ppm), CO (13.9 ppm), M?c kh? gas: An to?n",Auto,OFF,OFF,OFF,OFF,
7/11/2025,23:32:59,30.547,74.367,15.35078,25.82163,18.85803,14.0026,16.74892,0.6891,An toan,An toan,"Nhi?t ?? 30.5?C, ?? ?m 74.4%, Kh? CO th?p (14.0 ppm), M?c ch?y: An to?n","Kh? CH4 (25.8 ppm), LPG (18.9 ppm), CO (14.0 ppm), M?c kh? gas: An to?n",Auto,OFF,OFF,OFF,OFF,
7/11/2025,23:39:02,30.282,76.205,14.34961,24.00992,19.29444,14.25886,24.31052,0.73523,An toan,An toan,"Nhi?t ?? 30.3?C, ?? ?m 76.2%, Kh? CO th?p (14.3 ppm), M?c ch?y: An to?n","Kh? CH4 (24.0 ppm), LPG (19.3 ppm), CO (14.3 ppm), M?c kh? gas: An to?n",Auto,OFF,OFF,OFF,OFF,
7/11/2025,23:43:28,30.704,75.905,15.85578,26.14845,18.14239,13.76866,25.48058,0.55774,An toan,An toan,"Nhi?t ?? 30.7?C, ?? ?m 75.9%, Kh? CO th?p (13.8 ppm), M?c ch?y: An to?n","Kh? CH4 (26.1 ppm), LPG (18.1 ppm), CO (13.8 ppm), M?c kh? gas: An to?n",Auto,OFF,OFF,OFF,OFF,
7/11/2025,23:44:30,30.494,72.091,14.93591,25.60789,19.0627,14.79768,10.04446,0.50263,An toan,An toan,"Nhi?t ?? 30.5?C, ?? ?m 72.1%, Kh? CO th?p (14.8 ppm), M?c ch?y: An to?n","Kh? CH4 (25.6 ppm), LPG (19.1 ppm), CO (14.8 ppm), M?c kh? gas: An to?n",Auto,OFF,OFF,OFF,OFF,
7/11/2025,23:48:39,29.866,72.484,15.05746,24.36963,17.29234,13.66317,20.10584,0.57644,An toan,An toan,"Nhi?t ?? 29.9?C, ?? ?m 72.5%, Kh? CO th?p (13.7 ppm), M?c ch?y: An to?n","Kh? CH4 (24.4 ppm), LPG (17.3 ppm), CO (13.7 ppm), M?c kh? gas: An to?n",Auto,OFF,OFF,OFF,OFF,
7/11/2025,23:50:47,30.836,73.74,14.43097,25.09756,19.347,14.58984,28.86743,0.76411,An toan,An toan,"Nhi?t ?? 30.8?C, ?? ?m 73.7%, Kh? CO th?p (14.6 ppm), M?c ch?y: An to?n","Kh? CH4 (25.1 ppm), LPG (19.3 ppm), CO (14.6 ppm), M?c kh? gas: An to?n",Auto,OFF,OFF,OFF,OFF,
7/11/2025,23:54:10,29.881,70.027,15.20088,25.93946,19.32272,13.69131,15.40587,0.25328,An toan,An toan,"Nhi?t ?? 29.9?C, ?? ?m 70.0%, Kh? CO th?p (13.7 ppm), M?c ch?y: An to?n","Kh? CH4 (25.9 ppm), LPG (19.3 ppm), CO (13.7 ppm), M?c kh? gas: An to?n",Auto,OFF,OFF,OFF,OFF,
8/11/2025,0:05:36,30.432,79.326,15.06765,26.83954,19.21233,14.54236,14.4035,0.77692,An toan,An toan,"Nhi?t ?? 30.4?C, ?? ?m 79.3%, Kh? CO th?p (14.5 ppm), M?c ch?y: An to?n","Kh? CH4 (26.8 ppm), LPG (19.2 ppm), CO (14.5 ppm), M?c kh? gas: An to?n",Auto,OFF,OFF,OFF,OFF,
8/11/2025,0:08:22,30.9,75.866,15.96616,24.12346,18.45485,14.65986,22.43081,0.65264,An toan,An toan,"Nhi?t ?? 30.9?C, ?? ?m 75.9%, Kh? CO th?p (14.7 ppm), M?c ch?y: An to?n","Kh? CH4 (24.1 ppm), LPG (18.5 ppm), CO (14.7 ppm), M?c kh? gas: An to?n",Auto,OFF,OFF,OFF,OFF,
8/11/2025,0:11:45,29.069,79.775,14.65938,25.48687,18.61656,13.967,14.47754,0.4872,An toan,An toan,"Nhi?t ?? 29.1?C, ?? ?m 79.8%, Kh? CO th?p (14.0 ppm), M?c ch?y: An to?n","Kh? CH4 (25.5 ppm), LPG (18.6 ppm), CO (14.0 ppm), M?c kh? gas: An to?n",Auto,OFF,OFF,OFF,OFF,
8/11/2025,0:12:33,29.002,78.108,14.01065,26.07723,18.82051,13.99929,27.26091,0.92765,An toan,An toan,"Nhi?t ?? 29.0?C, ?? ?m 78.1%, Kh? CO th?p (14.0 ppm), M?c ch?y: An to?n","Kh? CH4 (26.1 ppm), LPG (18.8 ppm), CO (14.0 ppm), M?c kh? gas: An to?n",Auto,OFF,OFF,OFF,OFF,
8/11/2025,0:16:00,30.985,77.609,15.22872,24.45201,18.66916,13.21972,29.4213,0.25232,An toan,An toan,"Nhi?t ?? 31.0?C, ?? ?m 77.6%, Kh? CO th?p (13.2 ppm), M?c ch?y: An to?n","Kh? CH4 (24.5 ppm), LPG (18.7 ppm), CO (13.2 ppm), M?c kh? gas: An to?n",Auto,OFF,OFF,OFF,OFF,
8/11/2025,0:19:57,30.472,77.779,14.96747,24.61286,17.44141,13.74179,23.15946,0.66547,An toan,An toan,"Nhi?t ?? 30.5?C, ?? ?m 77.8%, Kh? CO th?p (13.7 ppm), M?c ch?y: An to?n","Kh? CH4 (24.6 ppm), LPG (17.4 ppm), CO (13.7 ppm), M?c kh? gas: An to?n",Auto,OFF,OFF,OFF,OFF,
8/11/2025,0:28:20,30.629,71.548,15.6452,25.73702,19.70856,13.42111,18.83326,0.55778,An toan,An toan,"Nhi?t ?? 30.6?C, ?? ?m 71.5%, Kh? CO th?p (13.4 ppm), M?c ch?y: An to?n","Kh? CH4 (25.7 ppm), LPG (19.7 ppm), CO (13.4 ppm), M?c kh? gas: An to?n",Auto,OFF,OFF,OFF,OFF,
8/11/2025,0:29:54,29.218,70.686,15.75853,26.75718,19.08385,14.65948,17.00234,0.18202,An toan,An toan,"Nhi?t ?? 29.2?C, ?? ?m 70.7%, Kh? CO th?p (14.7 ppm), M?c ch?y: An to?n","Kh? CH4 (26.8 ppm), LPG (19.1 ppm), CO (14.7 ppm), M?c kh? gas: An to?n",Auto,OFF,OFF,OFF,OFF,
8/11/2025,0:31:10,30.066,78.051,14.07201,24.23669,17.86867,14.70492,10.12686,0.67414,An toan,An toan,"Nhi?t ?? 30.1?C, ?? ?m 78.1%, Kh? CO th?p (14.7 ppm), M?c ch?y: An to?n","Kh? CH4 (24.2 ppm), LPG (17.9 ppm), CO (14.7 ppm), M?c kh? gas: An to?n",Auto,OFF,OFF,OFF,OFF,
8/11/2025,0:35:21,30.715,72.924,15.05158,24.39693,18.94861,13.40527,11.57324,0.15115,An toan,An toan,"Nhi?t ?? 30.7?C, ?? ?m 72.9%, Kh? CO th?p (13.4 ppm), M?c ch?y: An to?n","Kh? CH4 (24.4 ppm), LPG (18.9 ppm), CO (13.4 ppm), M?c kh? gas: An to?n",Auto,OFF,OFF,OFF,OFF,
8/11/2025,0:36:20,30.921,70.897,15.91929,24.06294,19.35254,14.2986,26.45034,0.33913,An toan,An toan,"Nhi?t ?? 30.9?C, ?? ?m 70.9%, Kh? CO th?p (14.3 ppm), M?c ch?y: An to?n","Kh? CH4 (24.1 ppm), LPG (19.4 ppm), CO (14.3 ppm), M?c kh? gas: An to?n",Auto,OFF,OFF,OFF,OFF,
8/11/2025,0:36:38,30.634,73.537,14.38182,24.2689,17.67282,13.40107,16.18393,0.21127,An toan,An toan,"Nhi?t ?? 30.6?C, ?? ?m 73.5%, Kh? CO th?p (13.4 ppm), M?c ch?y: An to?n","Kh? CH4 (24.3 ppm), LPG (17.7 ppm), CO (13.4 ppm), M?c kh? gas: An to?n",Auto,OFF,OFF,OFF,OFF,
8/11/2025,0:36:43,29.317,70.503,15.86106,26.25761,17.97759,13.57574,24.84259,0.4567,An toan,An toan,"Nhi?t ?? 29.3?C, ?? ?m 70.5%, Kh? CO th?p (13.6 ppm), M?c ch?y: An to?n","Kh? CH4 (26.3 ppm), LPG (18.0 ppm), CO (13.6 ppm), M?c kh? gas: An to?n",Auto,OFF,OFF,OFF,OFF,
8/11/2025,0:37:29,29.631,69.619,15.48762,26.16128,19.67614,14.88575,21.17136,0.48065,An toan,An toan,"Nhi?t ?? 29.6?C, ?? ?m 69.6%, Kh? CO th?p (14.9 ppm), M?c ch?y: An to?n","Kh? CH4 (26.2 ppm), LPG (19.7 ppm), CO (14.9 ppm), M?c kh? gas: An to?n",Auto,OFF,OFF,OFF,OFF,
8/11/2025,0:43:28,30.257,71.023,15.50601,24.08,17.94226,14.96728,22.98383,0.89051,An toan,An toan,"Nhi?t ?? 30.3?C, ?? ?m 71.0%, Kh? CO th?p (15.0 ppm), M?c ch?y: An to?n","Kh? CH4 (24.1 ppm), LPG (17.9 ppm), CO (15.0 ppm), M?c kh? gas: An to?n",Auto,OFF,OFF,OFF,OFF,
8/11/2025,0:45:07,30.184,74.285,15.81226,26.35543,19.42644,14.82263,11.56323,0.14753,An toan,An toan,"Nhi?t ?? 30.2?C, ?? ?m 74.3%, Kh? CO th?p (14.8 ppm), M?c ch?y: An to?n","Kh? CH4 (26.4 ppm), LPG (19.4 ppm), CO (14.8 ppm), M?c kh? gas: An to?n",Auto,OFF,OFF,OFF,OFF,
8/11/2025,0:47:06,29.192,75.975,14.00523,26.87025,19.8993,14.18779,15.0968,0.40373,An toan,An toan,"Nhi?t ?? 29.2?C, ?? ?m 76.0%, Kh? CO th?p (14.2 ppm), M?c ch?y: An to?n","Kh? CH4 (26.9 ppm), LPG (19.9 ppm), CO (14.2 ppm), M?c kh? gas: An to?n",Auto,OFF,OFF,OFF,OFF,
8/11/2025,0:47:10,29.179,73.012,15.33619,26.81008,19.79579,13.81448,10.20585,0.87058,An toan,An toan,"Nhi?t ?? 29.2?C, ?? ?m 73.0%, Kh? CO th?p (13.8 ppm), M?c ch?y: An to?n","Kh? CH4 (26.8 ppm), LPG (19.8 ppm), CO (13.8 ppm), M?c kh? gas: An to?n",Auto,OFF,OFF,OFF,OFF,
8/11/2025,0:57:27,29.786,78.626,14.18756,26.30582,17.08341,14.7696,10.55805,0.32847,An toan,An toan,"Nhi?t ?? 29.8?C, ?? ?m 78.6%, Kh? CO th?p (14.8 ppm), M?c ch?y: An to?n","Kh? CH4 (26.3 ppm), LPG (17.1 ppm), CO (14.8 ppm), M?c kh? gas: An to?n",Auto,OFF,OFF,OFF,OFF,
8/11/2025,0:57:43,30.329,78.556,14.25791,26.01063,17.76864,13.61901,20.88192,0.76712,An toan,An toan,"Nhi?t ?? 30.3?C, ?? ?m 78.6%, Kh? CO th?p (13.6 ppm), M?c ch?y: An to?n","Kh? CH4 (26.0 ppm), LPG (17.8 ppm), CO (13.6 ppm), M?c kh? gas: An to?n",Auto,OFF,OFF,OFF,OFF,
8/11/2025,1:06:01,30.303,75.821,14.16686,24.58627,18.21857,13.64289,18.48787,0.35877,An toan,An toan,"Nhi?t ?? 30.3?C, ?? ?m 75.8%, Kh? CO th?p (13.6 ppm), M?c ch?y: An to?n","Kh? CH4 (24.6 ppm), LPG (18.2 ppm), CO (13.6 ppm), M?c kh? gas: An to?n",Auto,OFF,OFF,OFF,OFF,
8/11/2025,1:06:41,30.771,70.407,14.86316,24.59097,18.3098,13.82084,13.90934,0.34045,An toan,An toan,"Nhi?t ?? 30.8?C, ?? ?m 70.4%, Kh? CO th?p (13.8 ppm), M?c ch?y: An to?n","Kh? CH4 (24.6 ppm), LPG (18.3 ppm), CO (13.8 ppm), M?c kh? gas: An to?n",Auto,OFF,OFF,OFF,OFF,
8/11/2025,1:12:17,29.061,70.022,15.48242,26.3254,18.09081,14.35531,29.63856,0.43382,An toan,An toan,"Nhi?t ?? 29.1?C, ?? ?m 70.0%, Kh? CO th?p (14.4 ppm), M?c ch?y: An to?n","Kh? CH4 (26.3 ppm), LPG (18.1 ppm), CO (14.4 ppm), M?c kh? gas: An to?n",Auto,OFF,OFF,OFF,OFF,
8/11/2025,1:14:44,29.078,70.681,14.21615,26.78132,19.23781,13.09202,13.51713,0.74102,An toan,An toan,"Nhi?t ?? 29.1?C, ?? ?m 70.7%, Kh? CO th?p (13.1 ppm), M?c ch?y: An to?n","Kh? CH4 (26.8 ppm), LPG (19.2 ppm), CO (13.1 ppm), M?c kh? gas: An to?n",Auto,OFF,OFF,OFF,OFF,
8/11/2025,1:18:03,30.164,77.281,14.19517,25.51939,17.62746,13.42913,24.29641,0.41145,An toan,An toan,"Nhi?t ?? 30.2?C, ?? ?m 77.3%, Kh? CO th?p (13.4 ppm), M?c ch?y: An to?n","Kh? CH4 (25.5 ppm), LPG (17.6 ppm), CO (13.4 ppm), M?c kh? gas: An to?n",Auto,OFF,OFF,OFF,OFF,
8/11/2025,1:19:52,29.998,76.273,15.95627,26.7958,18.37231,13.7747,22.98317,0.27383,An toan,An toan,"Nhi?t ?? 30.0?C, ?? ?m 76.3%, Kh? CO th?p (13.8 ppm), M?c ch?y: An to?n","Kh? CH4 (26.8 ppm), LPG (18.4 ppm), CO (13.8 ppm), M?c kh? gas: An to?n",Auto,OFF,OFF,OFF,OFF,
8/11/2025,1:21:53,30.646,76.013,15.06876,25.98882,17.90909,14.86266,10.75189,0.17124,An toan,An toan,"Nhi?t ?? 30.6?C, ?? ?m 76.0%, Kh? CO th?p (14.9 ppm), M?c ch?y: An to?n","Kh? CH4 (26.0 ppm), LPG (17.9 ppm), CO (14.9 ppm), M?c kh? gas: An to?n",Auto,OFF,OFF,OFF,OFF,
8/11/2025,1:23:37,29.383,77.119,15.40766,26.61184,17.15024,13.87411,15.49584,0.12368,An toan,An toan,"Nhi?t ?? 29.4?C, ?? ?m 77.1%, Kh? CO th?p (13.9 ppm), M?c ch?y: An to?n","Kh? CH4 (26.6 ppm), LPG (17.2 ppm), CO (13.9 ppm), M?c kh? gas: An to?n",Auto,OFF,OFF,OFF,OFF,
8/11/2025,1:25:49,29.292,70.404,14.48457,24.35253,18.6423,14.51862,20.13581,0.57447,An toan,An toan,"Nhi?t ?? 29.3?C, ?? ?m 70.4%, Kh? CO th?p (14.5 ppm), M?c ch?y: An to?n","Kh? CH4 (24.4 ppm), LPG (18.6 ppm), CO (14.5 ppm), M?c kh? gas: An to?n",Auto,OFF,OFF,OFF,OFF,
8/11/2025,1:29:36,30.645,73.441,15.26853,24.20385,17.52444,14.72065,29.47434,0.43145,An toan,An toan,"Nhi?t ?? 30.6?C, ?? ?m 73.4%, Kh? CO th?p (14.7 ppm), M?c ch?y: An to?n","Kh? CH4 (24.2 ppm), LPG (17.5 ppm), CO (14.7 ppm), M?c kh? gas: An to?n",Auto,OFF,OFF,OFF,OFF,
8/11/2025,1:31:02,29.614,72.833,15.88381,26.56655,18.63906,14.60872,29.84087,0.60827,An toan,An toan,"Nhi?t ?? 29.6?C, ?? ?m 72.8%, Kh? CO th?p (14.6 ppm), M?c ch?y: An to?n","Kh? CH4 (26.6 ppm), LPG (18.6 ppm), CO (14.6 ppm), M?c kh? gas: An to?n",Auto,OFF,OFF,OFF,OFF,
8/11/2025,1:31:12,30.109,69.514,14.45483,24.27246,19.91678,13.28896,29.81591,0.60483,An toan,An toan,"Nhi?t ?? 30.1?C, ?? ?m 69.5%, Kh? CO th?p (13.3 ppm), M?c ch?y: An to?n","Kh? CH4 (24.3 ppm), LPG (19.9 ppm), CO (13.3 ppm), M?c kh? gas: An to?n",Auto,OFF,OFF,OFF,OFF,
8/11/2025,1:34:29,30.73,76.089,14.98523,25.23034,17.98438,13.65183,22.47474,0.73629,An toan,An toan,"Nhi?t ?? 30.7?C, ?? ?m 76.1%, Kh? CO th?p (13.7 ppm), M?c ch?y: An to?n","Kh? CH4 (25.2 ppm), LPG (18.0 ppm), CO (13.7 ppm), M?c kh? gas: An to?n",Auto,OFF,OFF,OFF,OFF,
8/11/2025,1:37:11,30.716,79.409,14.41078,25.1056,18.65107,14.08398,16.18225,0.96836,An toan,An toan,"Nhi?t ?? 30.7?C, ?? ?m 79.4%, Kh? CO th?p (14.1 ppm), M?c ch?y: An to?n","Kh? CH4 (25.1 ppm), LPG (18.7 ppm), CO (14.1 ppm), M?c kh? gas: An to?n",Auto,OFF,OFF,OFF,OFF,
8/11/2025,1:44:38,29.1,73.867,15.34861,24.65118,18.50259,14.26932,13.7323,0.21001,An toan,An toan,"Nhi?t ?? 29.1?C, ?? ?m 73.9%, Kh? CO th?p (14.3 ppm), M?c ch?y: An to?n","Kh? CH4 (24.7 ppm), LPG (18.5 ppm), CO (14.3 ppm), M?c kh? gas: An to?n",Auto,OFF,OFF,OFF,OFF,
8/11/2025,1:45:43,29.73,78.058,15.47937,26.90267,18.40437,14.69415,25.00904,0.14492,An toan,An toan,"Nhi?t ?? 29.7?C, ?? ?m 78.1%, Kh? CO th?p (14.7 ppm), M?c ch?y: An to?n","Kh? CH4 (26.9 ppm), LPG (18.4 ppm), CO (14.7 ppm), M?c kh? gas: An to?n",Auto,OFF,OFF,OFF,OFF,
8/11/2025,1:45:57,30.004,75.765,15.20317,25.15069,18.80446,13.84625,26.39753,0.64384,An toan,An toan,"Nhi?t ?? 30.0?C, ?? ?m 75.8%, Kh? CO th?p (13.8 ppm), M?c ch?y: An to?n","Kh? CH4 (25.2 ppm), LPG (18.8 ppm), CO (13.8 ppm), M?c kh? gas: An to?n",Auto,OFF,OFF,OFF,OFF,
8/11/2025,1:50:45,29.492,74.347,14.87553,24.06884,19.76549,14.44997,16.46836,0.59441,An toan,An toan,"Nhi?t ?? 29.5?C, ?? ?m 74.3%, Kh? CO th?p (14.4 ppm), M?c ch?y: An to?n","Kh? CH4 (24.1 ppm), LPG (19.8 ppm), CO (14.4 ppm), M?c kh? gas: An to?n",Auto,OFF,OFF,OFF,OFF,
8/11/2025,1:54:48,29.747,76.863,15.19889,26.806,19.28304,13.18391,22.1018,0.68819,An toan,An toan,"Nhi?t ?? 29.7?C, ?? ?m 76.9%, Kh? CO th?p (13.2 ppm), M?c ch?y: An to?n","Kh? CH4 (26.8 ppm), LPG (19.3 ppm), CO (13.2 ppm), M?c kh? gas: An to?n",Auto,OFF,OFF,OFF,OFF,
8/11/2025,1:56:10,29.219,79.077,15.12177,25.27221,17.59857,14.96561,27.04503,0.31504,An toan,An toan,"Nhi?t ?? 29.2?C, ?? ?m 79.1%, Kh? CO th?p (15.0 ppm), M?c ch?y: An to?n","Kh? CH4 (25.3 ppm), LPG (17.6 ppm), CO (15.0 ppm), M?c kh? gas: An to?n",Auto,OFF,OFF,OFF,OFF,
8/11/2025,2:00:34,29.196,77.068,14.60039,26.8899,19.35036,13.44466,27.04396,0.12425,An toan,An toan,"Nhi?t ?? 29.2?C, ?? ?m 77.1%, Kh? CO th?p (13.4 ppm), M?c ch?y: An to?n","Kh? CH4 (26.9 ppm), LPG (19.4 ppm), CO (13.4 ppm), M?c kh? gas: An to?n",Auto,OFF,OFF,OFF,OFF,
8/11/2025,2:00:47,29.788,73.325,14.96754,24.50595,19.31382,14.26662,17.8072,0.28653,An toan,An toan,"Nhi?t ?? 29.8?C, ?? ?m 73.3%, Kh? CO th?p (14.3 ppm), M?c ch?y: An to?n","Kh? CH4 (24.5 ppm), LPG (19.3 ppm), CO (14.3 ppm), M?c kh? gas: An to?n",Auto,OFF,OFF,OFF,OFF,
8/11/2025,2:03:15,30.983,71.166,14.26316,26.49946,17.72149,14.67463,29.73719,0.96334,An toan,An toan,"Nhi?t ?? 31.0?C, ?? ?m 71.2%, Kh? CO th?p (14.7 ppm), M?c ch?y: An to?n","Kh? CH4 (26.5 ppm), LPG (17.7 ppm), CO (14.7 ppm), M?c kh? gas: An to?n",Auto,OFF,OFF,OFF,OFF,
8/11/2025,2:06:06,29.059,72.436,14.66053,26.62845,19.97983,13.63752,26.70835,0.95335,An toan,An toan,"Nhi?t ?? 29.1?C, ?? ?m 72.4%, Kh? CO th?p (13.6 ppm), M?c ch?y: An to?n","Kh? CH4 (26.6 ppm), LPG (20.0 ppm), CO (13.6 ppm), M?c kh? gas: An to?n",Auto,OFF,OFF,OFF,OFF,
8/11/2025,2:10:54,29.264,72.274,14.75491,25.80379,17.71844,13.44399,10.52448,0.46159,An toan,An toan,"Nhi?t ?? 29.3?C, ?? ?m 72.3%, Kh? CO th?p (13.4 ppm), M?c ch?y: An to?n","Kh? CH4 (25.8 ppm), LPG (17.7 ppm), CO (13.4 ppm), M?c kh? gas: An to?n",Auto,OFF,OFF,OFF,OFF,
8/11/2025,2:14:19,30.819,70.285,15.17717,25.62713,18.92106,14.77809,20.51556,0.46088,An toan,An toan,"Nhi?t ?? 30.8?C, ?? ?m 70.3%, Kh? CO th?p (14.8 ppm), M?c ch?y: An to?n","Kh? CH4 (25.6 ppm), LPG (18.9 ppm), CO (14.8 ppm), M?c kh? gas: An to?n",Auto,OFF,OFF,OFF,OFF,
8/11/2025,2:19:26,29.76,76.322,14.11342,24.81999,17.56515,14.30581,24.14882,0.26942,An toan,An toan,"Nhi?t ?? 29.8?C, ?? ?m 76.3%, Kh? CO th?p (14.3 ppm), M?c ch?y: An to?n","Kh? CH4 (24.8 ppm), LPG (17.6 ppm), CO (14.3 ppm), M?c kh? gas: An to?n",Auto,OFF,OFF,OFF,OFF,
8/11/2025,2:20:36,29.449,77.509,15.28271,25.6473,18.78263,14.71248,23.12688,0.14267,An toan,An toan,"Nhi?t ?? 29.4?C, ?? ?m 77.5%, Kh? CO th?p (14.7 ppm), M?c ch?y: An to?n","Kh? CH4 (25.6 ppm), LPG (18.8 ppm), CO (14.7 ppm), M?c kh? gas: An to?n",Auto,OFF,OFF,OFF,OFF,
8/11/2025,2:21:28,30.916,74.954,15.53326,26.24819,19.86401,14.08553,24.96621,0.15487,An toan,An toan,"Nhi?t ?? 30.9?C, ?? ?m 75.0%, Kh? CO th?p (14.1 ppm), M?c ch?y: An to?n","Kh? CH4 (26.2 ppm), LPG (19.9 ppm), CO (14.1 ppm), M?c kh? gas: An to?n",Auto,OFF,OFF,OFF,OFF,
8/11/2025,2:27:42,30.44,73.171,14.12217,25.80209,19.69159,13.92072,19.33112,0.86045,An toan,An toan,"Nhi?t ?? 30.4?C, ?? ?m 73.2%, Kh? CO th?p (13.9 ppm), M?c ch?y: An to?n","Kh? CH4 (25.8 ppm), LPG (19.7 ppm), CO (13.9 ppm), M?c kh? gas: An to?n",Auto,OFF,OFF,OFF,OFF,
8/11/2025,2:30:10,30.225,75.522,15.11994,25.86305,18.74289,13.16372,18.94685,0.64448,An toan,An toan,"Nhi?t ?? 30.2?C, ?? ?m 75.5%, Kh? CO th?p (13.2 ppm), M?c ch?y: An to?n","Kh? CH4 (25.9 ppm), LPG (18.7 ppm), CO (13.2 ppm), M?c kh? gas: An to?n",Auto,OFF,OFF,OFF,OFF,
8/11/2025,2:30:54,30.076,70.534,15.36939,26.49436,19.45408,14.08662,17.67111,0.72026,An toan,An toan,"Nhi?t ?? 30.1?C, ?? ?m 70.5%, Kh? CO th?p (14.1 ppm), M?c ch?y: An to?n","Kh? CH4 (26.5 ppm), LPG (19.5 ppm), CO (14.1 ppm), M?c kh? gas: An to?n",Auto,OFF,OFF,OFF,OFF,
8/11/2025,2:33:50,29.647,74.359,14.1033,26.00649,19.62596,13.2697,15.29369,0.83087,An toan,An toan,"Nhi?t ?? 29.6?C, ?? ?m 74.4%, Kh? CO th?p (13.3 ppm), M?c ch?y: An to?n","Kh? CH4 (26.0 ppm), LPG (19.6 ppm), CO (13.3 ppm), M?c kh? gas: An to?n",Auto,OFF,OFF,OFF,OFF,
8/11/2025,2:34:48,30.106,70.092,14.73053,24.31722,19.53588,13.82496,18.10896,0.29659,An toan,An toan,"Nhi?t ?? 30.1?C, ?? ?m 70.1%, Kh? CO th?p (13.8 ppm), M?c ch?y: An to?n","Kh? CH4 (24.3 ppm), LPG (19.5 ppm), CO (13.8 ppm), M?c kh? gas: An to?n",Auto,OFF,OFF,OFF,OFF,
8/11/2025,2:35:15,29.959,69.852,14.90357,26.87905,18.20676,14.74605,10.65616,0.71253,An toan,An toan,"Nhi?t ?? 30.0?C, ?? ?m 69.9%, Kh? CO th?p (14.7 ppm), M?c ch?y: An to?n","Kh? CH4 (26.9 ppm), LPG (18.2 ppm), CO (14.7 ppm), M?c kh? gas: An to?n",Auto,OFF,OFF,OFF,OFF,
8/11/2025,2:39:48,30.246,79.43,15.87273,24.28586,19.23179,13.75621,29.01493,0.54063,An toan,An toan,"Nhi?t ?? 30.2?C, ?? ?m 79.4%, Kh? CO th?p (13.8 ppm), M?c ch?y: An to?n","Kh? CH4 (24.3 ppm), LPG (19.2 ppm), CO (13.8 ppm), M?c kh? gas: An to?n",Auto,OFF,OFF,OFF,OFF,
8/11/2025,2:39:50,29.02,76.542,15.126,25.35169,19.14356,13.23619,15.458,0.45398,An toan,An toan,"Nhi?t ?? 29.0?C, ?? ?m 76.5%, Kh? CO th?p (13.2 ppm), M?c ch?y: An to?n","Kh? CH4 (25.4 ppm), LPG (19.1 ppm), CO (13.2 ppm), M?c kh? gas: An to?n",Auto,OFF,OFF,OFF,OFF,
8/11/2025,2:49:56,30.334,77.8,14.56459,24.73048,17.56892,14.7982,19.95783,0.48767,An toan,An toan,"Nhi?t ?? 30.3?C, ?? ?m 77.8%, Kh? CO th?p (14.8 ppm), M?c ch?y: An to?n","Kh? CH4 (24.7 ppm), LPG (17.6 ppm), CO (14.8 ppm), M?c kh? gas: An to?n",Auto,OFF,OFF,OFF,OFF,
8/11/2025,2:50:42,30.535,69.639,15.52862,24.00232,18.1107,14.21132,28.91188,0.97174,An toan,An toan,"Nhi?t ?? 30.5?C, ?? ?m 69.6%, Kh? CO th?p (14.2 ppm), M?c ch?y: An to?n","Kh? CH4 (24.0 ppm), LPG (18.1 ppm), CO (14.2 ppm), M?c kh? gas: An to?n",Auto,OFF,OFF,OFF,OFF,
8/11/2025,2:54:24,30.344,72.723,14.382,24.18293,18.83862,13.83093,27.8707,0.99248,An toan,An toan,"Nhi?t ?? 30.3?C, ?? ?m 72.7%, Kh? CO th?p (13.8 ppm), M?c ch?y: An to?n","Kh? CH4 (24.2 ppm), LPG (18.8 ppm), CO (13.8 ppm), M?c kh? gas: An to?n",Auto,OFF,OFF,OFF,OFF,
8/11/2025,3:02:23,30.748,77.041,15.98358,24.27873,17.51141,14.60618,11.42106,0.7412,An toan,An toan,"Nhi?t ?? 30.7?C, ?? ?m 77.0%, Kh? CO th?p (14.6 ppm), M?c ch?y: An to?n","Kh? CH4 (24.3 ppm), LPG (17.5 ppm), CO (14.6 ppm), M?c kh? gas: An to?n",Auto,OFF,OFF,OFF,OFF,
8/11/2025,3:03:30,29.712,76.385,15.67409,26.59274,17.31341,13.70132,18.60217,0.86003,An toan,An toan,"Nhi?t ?? 29.7?C, ?? ?m 76.4%, Kh? CO th?p (13.7 ppm), M?c ch?y: An to?n","Kh? CH4 (26.6 ppm), LPG (17.3 ppm), CO (13.7 ppm), M?c kh? gas: An to?n",Auto,OFF,OFF,OFF,OFF,
8/11/2025,3:06:39,29.826,78.806,14.49735,25.71788,19.66814,14.59481,17.63039,0.94349,An toan,An toan,"Nhi?t ?? 29.8?C, ?? ?m 78.8%, Kh? CO th?p (14.6 ppm), M?c ch?y: An to?n","Kh? CH4 (25.7 ppm), LPG (19.7 ppm), CO (14.6 ppm), M?c kh? gas: An to?n",Auto,OFF,OFF,OFF,OFF,
8/11/2025,3:09:04,29.262,74.495,15.0759,25.44028,17.84919,13.79568,28.77817,0.91143,An toan,An toan,"Nhi?t ?? 29.3?C, ?? ?m 74.5%, Kh? CO th?p (13.8 ppm), M?c ch?y: An to?n","Kh? CH4 (25.4 ppm), LPG (17.8 ppm), CO (13.8 ppm), M?c kh? gas: An to?n",Auto,OFF,OFF,OFF,OFF,
8/11/2025,3:17:30,30.053,77.362,14.07641,25.56856,18.6596,14.06745,26.5211,0.43816,An toan,An toan,"Nhi?t ?? 30.1?C, ?? ?m 77.4%, Kh? CO th?p (14.1 ppm), M?c ch?y: An to?n","Kh? CH4 (25.6 ppm), LPG (18.7 ppm), CO (14.1 ppm), M?c kh? gas: An to?n",Auto,OFF,OFF,OFF,OFF,
8/11/2025,3:17:40,30.229,72.131,14.66579,26.88339,19.95654,13.00212,27.85689,0.17693,An toan,An toan,"Nhi?t ?? 30.2?C, ?? ?m 72.1%, Kh? CO th?p (13.0 ppm), M?c ch?y: An to?n","Kh? CH4 (26.9 ppm), LPG (20.0 ppm), CO (13.0 ppm), M?c kh? gas: An to?n",Auto,OFF,OFF,OFF,OFF,
8/11/2025,3:17:54,29.124,72.985,15.70673,25.84729,18.25505,13.75285,21.38848,0.99032,An toan,An toan,"Nhi?t ?? 29.1?C, ?? ?m 73.0%, Kh? CO th?p (13.8 ppm), M?c ch?y: An to?n","Kh? CH4 (25.8 ppm), LPG (18.3 ppm), CO (13.8 ppm), M?c kh? gas: An to?n",Auto,OFF,OFF,OFF,OFF,
8/11/2025,3:22:44,29.421,71.716,14.59337,24.6877,18.52814,13.57529,28.40364,0.22424,An toan,An toan,"Nhi?t ?? 29.4?C, ?? ?m 71.7%, Kh? CO th?p (13.6 ppm), M?c ch?y: An to?n","Kh? CH4 (24.7 ppm), LPG (18.5 ppm), CO (13.6 ppm), M?c kh? gas: An to?n",Auto,OFF,OFF,OFF,OFF,
8/11/2025,3:27:22,30.773,72.631,14.34903,25.3608,19.27467,14.91813,23.14444,0.593,An toan,An toan,"Nhi?t ?? 30.8?C, ?? ?m 72.6%, Kh? CO th?p (14.9 ppm), M?c ch?y: An to?n","Kh? CH4 (25.4 ppm), LPG (19.3 ppm), CO (14.9 ppm), M?c kh? gas: An to?n",Auto,OFF,OFF,OFF,OFF,
8/11/2025,3:29:34,30.742,72.058,15.45976,25.47238,18.48193,13.23736,29.65288,0.12213,An toan,An toan,"Nhi?t ?? 30.7?C, ?? ?m 72.1%, Kh? CO th?p (13.2 ppm), M?c ch?y: An to?n","Kh? CH4 (25.5 ppm), LPG (18.5 ppm), CO (13.2 ppm), M?c kh? gas: An to?n",Auto,OFF,OFF,OFF,OFF,
8/11/2025,3:31:17,29.976,69.017,15.89508,25.19668,17.06599,14.28964,25.53589,0.25384,An toan,An toan,"Nhi?t ?? 30.0?C, ?? ?m 69.0%, Kh? CO th?p (14.3 ppm), M?c ch?y: An to?n","Kh? CH4 (25.2 ppm), LPG (17.1 ppm), CO (14.3 ppm), M?c kh? gas: An to?n",Auto,OFF,OFF,OFF,OFF,
8/11/2025,3:32:59,30.535,71.515,15.27733,25.81951,19.86353,14.31187,28.57174,0.29358,An toan,An toan,"Nhi?t ?? 30.5?C, ?? ?m 71.5%, Kh? CO th?p (14.3 ppm), M?c ch?y: An to?n","Kh? CH4 (25.8 ppm), LPG (19.9 ppm), CO (14.3 ppm), M?c kh? gas: An to?n",Auto,OFF,OFF,OFF,OFF,
8/11/2025,3:34:03,30.581,71.845,15.62564,25.28044,18.4671,14.76877,24.11584,0.15342,An toan,An toan,"Nhi?t ?? 30.6?C, ?? ?m 71.8%, Kh? CO th?p (14.8 ppm), M?c ch?y: An to?n","Kh? CH4 (25.3 ppm), LPG (18.5 ppm), CO (14.8 ppm), M?c kh? gas: An to?n",Auto,OFF,OFF,OFF,OFF,
8/11/2025,3:36:10,29.104,76.996,14.29419,25.17822,19.06593,13.03949,10.21699,0.79656,An toan,An toan,"Nhi?t ?? 29.1?C, ?? ?m 77.0%, Kh? CO th?p (13.0 ppm), M?c ch?y: An to?n","Kh? CH4 (25.2 ppm), LPG (19.1 ppm), CO (13.0 ppm), M?c kh? gas: An to?n",Auto,OFF,OFF,OFF,OFF,
8/11/2025,3:45:50,29.742,75.746,14.87323,25.82384,19.99701,14.60571,16.12825,0.56062,An toan,An toan,"Nhi?t ?? 29.7?C, ?? ?m 75.7%, Kh? CO th?p (14.6 ppm), M?c ch?y: An to?n","Kh? CH4 (25.8 ppm), LPG (20.0 ppm), CO (14.6 ppm), M?c kh? gas: An to?n",Auto,OFF,OFF,OFF,OFF,
8/11/2025,3:46:43,30.829,75.368,14.205,24.02435,17.84846,13.45136,28.49531,0.66959,An toan,An toan,"Nhi?t ?? 30.8?C, ?? ?m 75.4%, Kh? CO th?p (13.5 ppm), M?c ch?y: An to?n","Kh? CH4 (24.0 ppm), LPG (17.8 ppm), CO (13.5 ppm), M?c kh? gas: An to?n",Auto,OFF,OFF,OFF,OFF,
8/11/2025,3:47:19,29.734,74.433,15.86732,25.95881,17.25742,13.59303,13.17955,0.75836,An toan,An toan,"Nhi?t ?? 29.7?C, ?? ?m 74.4%, Kh? CO th?p (13.6 ppm), M?c ch?y: An to?n","Kh? CH4 (26.0 ppm), LPG (17.3 ppm), CO (13.6 ppm), M?c kh? gas: An to?n",Auto,OFF,OFF,OFF,OFF,
8/11/2025,3:48:36,30.275,73.209,14.52891,25.71292,19.52996,13.49156,19.5148,0.81161,An toan,An toan,"Nhi?t ?? 30.3?C, ?? ?m 73.2%, Kh? CO th?p (13.5 ppm), M?c ch?y: An to?n","Kh? CH4 (25.7 ppm), LPG (19.5 ppm), CO (13.5 ppm), M?c kh? gas: An to?n",Auto,OFF,OFF,OFF,OFF,
8/11/2025,3:52:17,29.498,74.687,15.81265,26.36596,18.92713,13.94218,25.81829,0.55949,An toan,An toan,"Nhi?t ?? 29.5?C, ?? ?m 74.7%, Kh? CO th?p (13.9 ppm), M?c ch?y: An to?n","Kh? CH4 (26.4 ppm), LPG (18.9 ppm), CO (13.9 ppm), M?c kh? gas: An to?n",Auto,OFF,OFF,OFF,OFF,
8/11/2025,3:56:59,29.043,73.348,15.94993,24.83124,18.79221,14.96394,10.74231,0.46097,An toan,An toan,"Nhi?t ?? 29.0?C, ?? ?m 73.3%, Kh? CO th?p (15.0 ppm), M?c ch?y: An to?n","Kh? CH4 (24.8 ppm), LPG (18.8 ppm), CO (15.0 ppm), M?c kh? gas: An to?n",Auto,OFF,OFF,OFF,OFF,
8/11/2025,4:06:33,30.5,69.346,15.42962,24.10339,17.66037,13.70264,18.30681,0.67566,An toan,An toan,"Nhi?t ?? 30.5?C, ?? ?m 69.3%, Kh? CO th?p (13.7 ppm), M?c ch?y: An to?n","Kh? CH4 (24.1 ppm), LPG (17.7 ppm), CO (13.7 ppm), M?c kh? gas: An to?n",Auto,OFF,OFF,OFF,OFF,
8/11/2025,4:08:08,29.126,76.651,15.98333,25.95719,18.36115,13.86167,16.248,0.51335,An toan,An toan,"Nhi?t ?? 29.1?C, ?? ?m 76.7%, Kh? CO th?p (13.9 ppm), M?c ch?y: An to?n","Kh? CH4 (26.0 ppm), LPG (18.4 ppm), CO (13.9 ppm), M?c kh? gas: An to?n",Auto,OFF,OFF,OFF,OFF,
8/11/2025,4:14:57,29.637,74.862,14.22039,24.98386,19.97246,13.43871,23.49409,0.95165,An toan,An toan,"Nhi?t ?? 29.6?C, ?? ?m 74.9%, Kh? CO th?p (13.4 ppm), M?c ch?y: An to?n","Kh? CH4 (25.0 ppm), LPG (20.0 ppm), CO (13.4 ppm), M?c kh? gas: An to?n",Auto,OFF,OFF,OFF,OFF,
8/11/2025,4:15:27,29.335,78.745,14.0852,24.51461,18.41412,13.82676,20.17631,0.95403,An toan,An toan,"Nhi?t ?? 29.3?C, ?? ?m 78.7%, Kh? CO th?p (13.8 ppm), M?c ch?y: An to?n","Kh? CH4 (24.5 ppm), LPG (18.4 ppm), CO (13.8 ppm), M?c kh? gas: An to?n",Auto,OFF,OFF,OFF,OFF,
8/11/2025,4:21:12,30.434,72.437,14.89945,25.1039,18.81959,14.35517,22.63907,0.43637,An toan,An toan,"Nhi?t ?? 30.4?C, ?? ?m 72.4%, Kh? CO th?p (14.4 ppm), M?c ch?y: An to?n","Kh? CH4 (25.1 ppm), LPG (18.8 ppm), CO (14.4 ppm), M?c kh? gas: An to?n",Auto,OFF,OFF,OFF,OFF,
8/11/2025,4:22:55,30.842,76.994,14.04921,24.0378,18.9128,13.32935,23.69402,0.54406,An toan,An toan,"Nhi?t ?? 30.8?C, ?? ?m 77.0%, Kh? CO th?p (13.3 ppm), M?c ch?y: An to?n","Kh? CH4 (24.0 ppm), LPG (18.9 ppm), CO (13.3 ppm), M?c kh? gas: An to?n",Auto,OFF,OFF,OFF,OFF,
8/11/2025,4:33:43,30.571,73.164,14.29663,24.86384,18.19029,14.9827,17.22526,0.96492,An toan,An toan,"Nhi?t ?? 30.6?C, ?? ?m 73.2%, Kh? CO th?p (15.0 ppm), M?c ch?y: An to?n","Kh? CH4 (24.9 ppm), LPG (18.2 ppm), CO (15.0 ppm), M?c kh? gas: An to?n",Auto,OFF,OFF,OFF,OFF,
8/11/2025,4:39:39,30.292,75.464,15.27161,25.12232,18.07156,14.01344,15.37803,0.42757,An toan,An toan,"Nhi?t ?? 30.3?C, ?? ?m 75.5%, Kh? CO th?p (14.0 ppm), M?c ch?y: An to?n","Kh? CH4 (25.1 ppm), LPG (18.1 ppm), CO (14.0 ppm), M?c kh? gas: An to?n",Auto,OFF,OFF,OFF,OFF,
8/11/2025,4:40:26,30.934,73.762,14.99068,26.05869,19.64238,14.04977,24.23931,0.58117,An toan,An toan,"Nhi?t ?? 30.9?C, ?? ?m 73.8%, Kh? CO th?p (14.0 ppm), M?c ch?y: An to?n","Kh? CH4 (26.1 ppm), LPG (19.6 ppm), CO (14.0 ppm), M?c kh? gas: An to?n",Auto,OFF,OFF,OFF,OFF,
8/11/2025,4:41:11,29.707,74.091,15.90341,24.71324,19.84572,14.40793,17.53295,0.16918,An toan,An toan,"Nhi?t ?? 29.7?C, ?? ?m 74.1%, Kh? CO th?p (14.4 ppm), M?c ch?y: An to?n","Kh? CH4 (24.7 ppm), LPG (19.8 ppm), CO (14.4 ppm), M?c kh? gas: An to?n",Auto,OFF,OFF,OFF,OFF,
8/11/2025,4:42:47,29.695,77.27,14.91228,24.95552,18.74605,13.68118,22.67236,0.39136,An toan,An toan,"Nhi?t ?? 29.7?C, ?? ?m 77.3%, Kh? CO th?p (13.7 ppm), M?c ch?y: An to?n","Kh? CH4 (25.0 ppm), LPG (18.7 ppm), CO (13.7 ppm), M?c kh? gas: An to?n",Auto,OFF,OFF,OFF,OFF,
8/11/2025,4:43:36,30.689,71.739,14.10405,24.4236,18.7107,13.55347,27.65887,0.61867,An toan,An toan,"Nhi?t ?? 30.7?C, ?? ?m 71.7%, Kh? CO th?p (13.6 ppm), M?c ch?y: An to?n","Kh? CH4 (24.4 ppm), LPG (18.7 ppm), CO (13.6 ppm), M?c kh? gas: An to?n",Auto,OFF,OFF,OFF,OFF,
8/11/2025,4:46:45,29.806,76.795,14.99973,26.92441,17.01749,14.88447,11.86011,0.69055,An toan,An toan,"Nhi?t ?? 29.8?C, ?? ?m 76.8%, Kh? CO th?p (14.9 ppm), M?c ch?y: An to?n","Kh? CH4 (26.9 ppm), LPG (17.0 ppm), CO (14.9 ppm), M?c kh? gas: An to?n",Auto,OFF,OFF,OFF,OFF,
8/11/2025,4:49:16,30.011,69.165,15.91959,26.22037,19.52033,14.34137,28.595,0.28126,An toan,An toan,"Nhi?t ?? 30.0?C, ?? ?m 69.2%, Kh? CO th?p (14.3 ppm), M?c ch?y: An to?n","Kh? CH4 (26.2 ppm), LPG (19.5 ppm), CO (14.3 ppm), M?c kh? gas: An to?n",Auto,OFF,OFF,OFF,OFF,
8/11/2025,4:54:33,29.023,78.425,14.74652,24.88701,18.90411,14.05886,14.25754,0.45193,An toan,An toan,"Nhi?t ?? 29.0?C, ?? ?m 78.4%, Kh? CO th?p (14.1 ppm), M?c ch?y: An to?n","Kh? CH4 (24.9 ppm), LPG (18.9 ppm), CO (14.1 ppm), M?c kh? gas: An to?n",Auto,OFF,OFF,OFF,OFF,
8/11/2025,4:54:53,29.022,74.029,15.03718,24.66385,17.95155,13.60195,12.55561,0.53743,An toan,An toan,"Nhi?t ?? 29.0?C, ?? ?m 74.0%, Kh? CO th?p (13.6 ppm), M?c ch?y: An to?n","Kh? CH4 (24.7 ppm), LPG (18.0 ppm), CO (13.6 ppm), M?c kh? gas: An to?n",Auto,OFF,OFF,OFF,OFF,
8/11/2025,4:55:06,29.943,77.557,15.17182,24.05684,18.11854,14.11909,14.44134,0.39252,An toan,An toan,"Nhi?t ?? 29.9?C, ?? ?m 77.6%, Kh? CO th?p (14.1 ppm), M?c ch?y: An to?n","Kh? CH4 (24.1 ppm), LPG (18.1 ppm), CO (14.1 ppm), M?c kh? gas: An to?n",Auto,OFF,OFF,OFF,OFF,
8/11/2025,4:57:31,30.255,74.516,14.3371,25.36411,17.68129,14.45743,14.1984,0.19784,An toan,An toan,"Nhi?t ?? 30.3?C, ?? ?m 74.5%, Kh? CO th?p (14.5 ppm), M?c ch?y: An to?n","Kh? CH4 (25.4 ppm), LPG (17.7 ppm), CO (14.5 ppm), M?c kh? gas: An to?n",Auto,OFF,OFF,OFF,OFF,
8/11/2025,4:58:54,29.459,73.163,14.14374,26.75835,19.33594,14.3378,26.33083,0.90636,An toan,An toan,"Nhi?t ?? 29.5?C, ?? ?m 73.2%, Kh? CO th?p (14.3 ppm), M?c ch?y: An to?n","Kh? CH4 (26.8 ppm), LPG (19.3 ppm), CO (14.3 ppm), M?c kh? gas: An to?n",Auto,OFF,OFF,OFF,OFF,
8/11/2025,4:59:48,29.783,71.063,14.38814,24.3558,18.08457,13.48627,22.72516,0.40288,An toan,An toan,"Nhi?t ?? 29.8?C, ?? ?m 71.1%, Kh? CO th?p (13.5 ppm), M?c ch?y: An to?n","Kh? CH4 (24.4 ppm), LPG (18.1 ppm), CO (13.5 ppm), M?c kh? gas: An to?n",Auto,OFF,OFF,OFF,OFF,
8/11/2025,5:03:00,30.792,77.225,14.81255,24.96864,19.24352,13.02882,10.28248,0.68994,An toan,An toan,"Nhi?t ?? 30.8?C, ?? ?m 77.2%, Kh? CO th?p (13.0 ppm), M?c ch?y: An to?n","Kh? CH4 (25.0 ppm), LPG (19.2 ppm), CO (13.0 ppm), M?c kh? gas: An to?n",Auto,OFF,OFF,OFF,OFF,
8/11/2025,5:06:55,30.075,77.852,15.16506,24.04028,19.17673,14.05608,12.75793,0.27768,An toan,An toan,"Nhi?t ?? 30.1?C, ?? ?m 77.9%, Kh? CO th?p (14.1 ppm), M?c ch?y: An to?n","Kh? CH4 (24.0 ppm), LPG (19.2 ppm), CO (14.1 ppm), M?c kh? gas: An to?n",Auto,OFF,OFF,OFF,OFF,
8/11/2025,5:10:05,29.192,73.993,15.31575,26.42997,18.62262,13.20178,14.34726,0.72175,An toan,An toan,"Nhi?t ?? 29.2?C, ?? ?m 74.0%, Kh? CO th?p (13.2 ppm), M?c ch?y: An to?n","Kh? CH4 (26.4 ppm), LPG (18.6 ppm), CO (13.2 ppm), M?c kh? gas: An to?n",Auto,OFF,OFF,OFF,OFF,
8/11/2025,5:11:35,29.211,77.803,15.70459,26.0509,17.45925,13.81556,26.1458,0.43297,An toan,An toan,"Nhi?t ?? 29.2?C, ?? ?m 77.8%, Kh? CO th?p (13.8 ppm), M?c ch?y: An to?n","Kh? CH4 (26.1 ppm), LPG (17.5 ppm), CO (13.8 ppm), M?c kh? gas: An to?n",Auto,OFF,OFF,OFF,OFF,
8/11/2025,5:20:05,29.774,78.055,15.09597,24.32039,18.04932,14.34657,10.01315,0.18067,An toan,An toan,"Nhi?t ?? 29.8?C, ?? ?m 78.1%, Kh? CO th?p (14.3 ppm), M?c ch?y: An to?n","Kh? CH4 (24.3 ppm), LPG (18.0 ppm), CO (14.3 ppm), M?c kh? gas: An to?n",Auto,OFF,OFF,OFF,OFF,
8/11/2025,5:20:07,29.918,70.635,14.72543,26.40387,19.43559,14.87658,26.3571,0.71933,An toan,An toan,"Nhi?t ?? 29.9?C, ?? ?m 70.6%, Kh? CO th?p (14.9 ppm), M?c ch?y: An to?n","Kh? CH4 (26.4 ppm), LPG (19.4 ppm), CO (14.9 ppm), M?c kh? gas: An to?n",Auto,OFF,OFF,OFF,OFF,
8/11/2025,5:20:51,30.303,73.205,15.49534,26.56015,17.24018,14.12784,18.93658,0.14005,An toan,An toan,"Nhi?t ?? 30.3?C, ?? ?m 73.2%, Kh? CO th?p (14.1 ppm), M?c ch?y: An to?n","Kh? CH4 (26.6 ppm), LPG (17.2 ppm), CO (14.1 ppm), M?c kh? gas: An to?n",Auto,OFF,OFF,OFF,OFF,
8/11/2025,5:21:06,29.736,69.478,14.8369,26.69649,17.41925,14.45694,28.15254,0.1475,An toan,An toan,"Nhi?t ?? 29.7?C, ?? ?m 69.5%, Kh? CO th?p (14.5 ppm), M?c ch?y: An to?n","Kh? CH4 (26.7 ppm), LPG (17.4 ppm), CO (14.5 ppm), M?c kh? gas: An to?n",Auto,OFF,OFF,OFF,OFF,
8/11/2025,5:21:07,30.647,71.76,14.66364,24.63223,18.16196,13.82098,22.64535,0.55381,An toan,An toan,"Nhi?t ?? 30.6?C, ?? ?m 71.8%, Kh? CO th?p (13.8 ppm), M?c ch?y: An to?n","Kh? CH4 (24.6 ppm), LPG (18.2 ppm), CO (13.8 ppm), M?c kh? gas: An to?n",Auto,OFF,OFF,OFF,OFF,
8/11/2025,5:22:28,29.91,78.59,15.54355,24.68918,17.23227,14.99433,15.44974,0.46197,An toan,An toan,"Nhi?t ?? 29.9?C, ?? ?m 78.6%, Kh? CO th?p (15.0 ppm), M?c ch?y: An to?n","Kh? CH4 (24.7 ppm), LPG (17.2 ppm), CO (15.0 ppm), M?c kh? gas: An to?n",Auto,OFF,OFF,OFF,OFF,
8/11/2025,5:34:54,29.104,74.071,14.33324,25.06616,18.08499,14.40287,10.96521,0.29592,An toan,An toan,"Nhi?t ?? 29.1?C, ?? ?m 74.1%, Kh? CO th?p (14.4 ppm), M?c ch?y: An to?n","Kh? CH4 (25.1 ppm), LPG (18.1 ppm), CO (14.4 ppm), M?c kh? gas: An to?n",Auto,OFF,OFF,OFF,OFF,
8/11/2025,5:35:09,30.163,73.661,15.81276,24.29165,19.26133,13.49932,23.01847,0.16891,An toan,An toan,"Nhi?t ?? 30.2?C, ?? ?m 73.7%, Kh? CO th?p (13.5 ppm), M?c ch?y: An to?n","Kh? CH4 (24.3 ppm), LPG (19.3 ppm), CO (13.5 ppm), M?c kh? gas: An to?n",Auto,OFF,OFF,OFF,OFF,
8/11/2025,5:41:48,29.454,78.103,15.75963,25.06634,17.14823,13.10243,10.42909,0.72432,An toan,An toan,"Nhi?t ?? 29.5?C, ?? ?m 78.1%, Kh? CO th?p (13.1 ppm), M?c ch?y: An to?n","Kh? CH4 (25.1 ppm), LPG (17.1 ppm), CO (13.1 ppm), M?c kh? gas: An to?n",Auto,OFF,OFF,OFF,OFF,
8/11/2025,5:42:06,30.345,70.328,14.2497,25.25947,18.79949,13.17446,28.6043,0.17515,An toan,An toan,"Nhi?t ?? 30.3?C, ?? ?m 70.3%, Kh? CO th?p (13.2 ppm), M?c ch?y: An to?n","Kh? CH4 (25.3 ppm), LPG (18.8 ppm), CO (13.2 ppm), M?c kh? gas: An to?n",Auto,OFF,OFF,OFF,OFF,
8/11/2025,5:49:30,29.86,79.919,14.47212,26.61389,18.88089,14.86321,21.52388,0.92347,An toan,An toan,"Nhi?t ?? 29.9?C, ?? ?m 79.9%, Kh? CO th?p (14.9 ppm), M?c ch?y: An to?n","Kh? CH4 (26.6 ppm), LPG (18.9 ppm), CO (14.9 ppm), M?c kh? gas: An to?n",Auto,OFF,OFF,OFF,OFF,
8/11/2025,5:52:31,29.603,75.068,15.01409,26.46706,17.33771,13.48596,15.11941,0.15934,An toan,An toan,"Nhi?t ?? 29.6?C, ?? ?m 75.1%, Kh? CO th?p (13.5 ppm), M?c ch?y: An to?n","Kh? CH4 (26.5 ppm), LPG (17.3 ppm), CO (13.5 ppm), M?c kh? gas: An to?n",Auto,OFF,OFF,OFF,OFF,
8/11/2025,5:53:23,29.912,70.812,14.30972,25.81986,19.12058,14.5134,26.48856,0.57196,An toan,An toan,"Nhi?t ?? 29.9?C, ?? ?m 70.8%, Kh? CO th?p (14.5 ppm), M?c ch?y: An to?n","Kh? CH4 (25.8 ppm), LPG (19.1 ppm), CO (14.5 ppm), M?c kh? gas: An to?n",Auto,OFF,OFF,OFF,OFF,
8/11/2025,5:57:25,30.763,79.911,14.21817,26.43456,19.70014,13.9393,16.24385,0.68707,An toan,An toan,"Nhi?t ?? 30.8?C, ?? ?m 79.9%, Kh? CO th?p (13.9 ppm), M?c ch?y: An to?n","Kh? CH4 (26.4 ppm), LPG (19.7 ppm), CO (13.9 ppm), M?c kh? gas: An to?n",Auto,OFF,OFF,OFF,OFF,
8/11/2025,5:57:43,30.462,76.778,15.65624,25.81141,19.959,13.67365,11.80205,0.16133,An toan,An toan,"Nhi?t ?? 30.5?C, ?? ?m 76.8%, Kh? CO th?p (13.7 ppm), M?c ch?y: An to?n","Kh? CH4 (25.8 ppm), LPG (20.0 ppm), CO (13.7 ppm), M?c kh? gas: An to?n",Auto,OFF,OFF,OFF,OFF,
8/11/2025,5:58:51,29.405,69.678,14.85072,24.28425,18.08215,14.38582,14.01633,0.89369,An toan,An toan,"Nhi?t ?? 29.4?C, ?? ?m 69.7%, Kh? CO th?p (14.4 ppm), M?c ch?y: An to?n","Kh? CH4 (24.3 ppm), LPG (18.1 ppm), CO (14.4 ppm), M?c kh? gas: An to?n",Auto,OFF,OFF,OFF,OFF,
8/11/2025,6:00:37,29.427,69.876,15.32069,25.0052,18.02331,14.99624,17.67298,0.99697,An toan,An toan,"Nhi?t ?? 29.4?C, ?? ?m 69.9%, Kh? CO th?p (15.0 ppm), M?c ch?y: An to?n","Kh? CH4 (25.0 ppm), LPG (18.0 ppm), CO (15.0 ppm), M?c kh? gas: An to?n",Auto,OFF,OFF,OFF,OFF,
8/11/2025,6:03:18,30.078,72.325,14.48771,25.92418,19.1772,13.23613,17.82732,0.49191,An toan,An toan,"Nhi?t ?? 30.1?C, ?? ?m 72.3%, Kh? CO th?p (13.2 ppm), M?c ch?y: An to?n","Kh? CH4 (25.9 ppm), LPG (19.2 ppm), CO (13.2 ppm), M?c kh? gas: An to?n",Auto,OFF,OFF,OFF,OFF,
8/11/2025,6:03:19,30.233,69.096,15.56962,25.01451,18.25503,14.48538,17.11515,0.2271,An toan,An toan,"Nhi?t ?? 30.2?C, ?? ?m 69.1%, Kh? CO th?p (14.5 ppm), M?c ch?y: An to?n","Kh? CH4 (25.0 ppm), LPG (18.3 ppm), CO (14.5 ppm), M?c kh? gas: An to?n",Auto,OFF,OFF,OFF,OFF,
8/11/2025,6:15:13,29.398,76.345,14.2205,25.10707,18.61619,13.34665,19.82699,0.79711,An toan,An toan,"Nhi?t ?? 29.4?C, ?? ?m 76.3%, Kh? CO th?p (13.3 ppm), M?c ch?y: An to?n","Kh? CH4 (25.1 ppm), LPG (18.6 ppm), CO (13.3 ppm), M?c kh? gas: An to?n",Auto,OFF,OFF,OFF,OFF,
8/11/2025,6:17:01,30.589,78.824,15.04182,25.77279,19.51851,14.30747,27.02219,0.94521,An toan,An toan,"Nhi?t ?? 30.6?C, ?? ?m 78.8%, Kh? CO th?p (14.3 ppm), M?c ch?y: An to?n","Kh? CH4 (25.8 ppm), LPG (19.5 ppm), CO (14.3 ppm), M?c kh? gas: An to?n",Auto,OFF,OFF,OFF,OFF,
8/11/2025,6:19:35,29.938,70.255,15.60172,24.85783,17.20529,13.97484,21.30417,0.79761,An toan,An toan,"Nhi?t ?? 29.9?C, ?? ?m 70.3%, Kh? CO th?p (14.0 ppm), M?c ch?y: An to?n","Kh? CH4 (24.9 ppm), LPG (17.2 ppm), CO (14.0 ppm), M?c kh? gas: An to?n",Auto,OFF,OFF,OFF,OFF,
8/11/2025,6:21:10,29.481,70.564,15.73909,25.39343,19.58073,13.45392,11.15129,0.55236,An toan,An toan,"Nhi?t ?? 29.5?C, ?? ?m 70.6%, Kh? CO th?p (13.5 ppm), M?c ch?y: An to?n","Kh? CH4 (25.4 ppm), LPG (19.6 ppm), CO (13.5 ppm), M?c kh? gas: An to?n",Auto,OFF,OFF,OFF,OFF,
8/11/2025,6:21:16,29.301,76.891,14.31,26.4317,17.4611,14.22225,19.33798,0.31003,An toan,An toan,"Nhi?t ?? 29.3?C, ?? ?m 76.9%, Kh? CO th?p (14.2 ppm), M?c ch?y: An to?n","Kh? CH4 (26.4 ppm), LPG (17.5 ppm), CO (14.2 ppm), M?c kh? gas: An to?n",Auto,OFF,OFF,OFF,OFF,
8/11/2025,6:30:44,29.997,73.365,15.23298,26.1956,19.1641,14.75438,21.09412,0.2984,An toan,An toan,"Nhi?t ?? 30.0?C, ?? ?m 73.4%, Kh? CO th?p (14.8 ppm), M?c ch?y: An to?n","Kh? CH4 (26.2 ppm), LPG (19.2 ppm), CO (14.8 ppm), M?c kh? gas: An to?n",Auto,OFF,OFF,OFF,OFF,
8/11/2025,6:38:14,29.1,76.486,15.10869,26.579,17.22462,13.295,29.82466,0.69424,An toan,An toan,"Nhi?t ?? 29.1?C, ?? ?m 76.5%, Kh? CO th?p (13.3 ppm), M?c ch?y: An to?n","Kh? CH4 (26.6 ppm), LPG (17.2 ppm), CO (13.3 ppm), M?c kh? gas: An to?n",Auto,OFF,OFF,OFF,OFF,
8/11/2025,6:39:03,29.705,78.781,15.83049,26.193,18.05478,13.34268,11.87454,0.30867,An toan,An toan,"Nhi?t ?? 29.7?C, ?? ?m 78.8%, Kh? CO th?p (13.3 ppm), M?c ch?y: An to?n","Kh? CH4 (26.2 ppm), LPG (18.1 ppm), CO (13.3 ppm), M?c kh? gas: An to?n",Auto,OFF,OFF,OFF,OFF,
8/11/2025,6:39:30,29.915,71.09,14.61896,24.30401,19.49101,14.95544,21.63685,0.45545,An toan,An toan,"Nhi?t ?? 29.9?C, ?? ?m 71.1%, Kh? CO th?p (15.0 ppm), M?c ch?y: An to?n","Kh? CH4 (24.3 ppm), LPG (19.5 ppm), CO (15.0 ppm), M?c kh? gas: An to?n",Auto,OFF,OFF,OFF,OFF,
8/11/2025,6:40:55,29.274,77.881,14.37445,25.11839,18.73119,14.92222,25.69,0.468,An toan,An toan,"Nhi?t ?? 29.3?C, ?? ?m 77.9%, Kh? CO th?p (14.9 ppm), M?c ch?y: An to?n","Kh? CH4 (25.1 ppm), LPG (18.7 ppm), CO (14.9 ppm), M?c kh? gas: An to?n",Auto,OFF,OFF,OFF,OFF,
8/11/2025,6:47:17,29.237,74.201,14.0975,25.7026,18.83672,13.55435,29.46367,0.66398,An toan,An toan,"Nhi?t ?? 29.2?C, ?? ?m 74.2%, Kh? CO th?p (13.6 ppm), M?c ch?y: An to?n","Kh? CH4 (25.7 ppm), LPG (18.8 ppm), CO (13.6 ppm), M?c kh? gas: An to?n",Auto,OFF,OFF,OFF,OFF,
8/11/2025,6:47:41,30.863,69.458,14.50389,26.40082,18.25693,13.00297,11.23489,0.19945,An toan,An toan,"Nhi?t ?? 30.9?C, ?? ?m 69.5%, Kh? CO th?p (13.0 ppm), M?c ch?y: An to?n","Kh? CH4 (26.4 ppm), LPG (18.3 ppm), CO (13.0 ppm), M?c kh? gas: An to?n",Auto,OFF,OFF,OFF,OFF,
8/11/2025,6:52:07,30.35,71.632,14.60344,26.95372,19.15457,13.05633,18.21888,0.89897,An toan,An toan,"Nhi?t ?? 30.3?C, ?? ?m 71.6%, Kh? CO th?p (13.1 ppm), M?c ch?y: An to?n","Kh? CH4 (27.0 ppm), LPG (19.2 ppm), CO (13.1 ppm), M?c kh? gas: An to?n",Auto,OFF,OFF,OFF,OFF,
8/11/2025,6:54:21,30.918,69.463,14.73829,24.52762,18.21125,13.19252,10.36299,0.68388,An toan,An toan,"Nhi?t ?? 30.9?C, ?? ?m 69.5%, Kh? CO th?p (13.2 ppm), M?c ch?y: An to?n","Kh? CH4 (24.5 ppm), LPG (18.2 ppm), CO (13.2 ppm), M?c kh? gas: An to?n",Auto,OFF,OFF,OFF,OFF,
8/11/2025,6:55:51,30.016,74.128,15.10824,25.38189,17.42647,13.01621,16.12987,0.15223,An toan,An toan,"Nhi?t ?? 30.0?C, ?? ?m 74.1%, Kh? CO th?p (13.0 ppm), M?c ch?y: An to?n","Kh? CH4 (25.4 ppm), LPG (17.4 ppm), CO (13.0 ppm), M?c kh? gas: An to?n",Auto,OFF,OFF,OFF,OFF,
8/11/2025,6:56:38,30.514,79.039,14.45651,25.79872,17.4562,13.18957,14.48973,0.36253,An toan,An toan,"Nhi?t ?? 30.5?C, ?? ?m 79.0%, Kh? CO th?p (13.2 ppm), M?c ch?y: An to?n","Kh? CH4 (25.8 ppm), LPG (17.5 ppm), CO (13.2 ppm), M?c kh? gas: An to?n",Auto,OFF,OFF,OFF,OFF,
8/11/2025,6:58:36,29.944,72.073,15.77669,25.30736,19.67717,14.82591,24.86896,0.10473,An toan,An toan,"Nhi?t ?? 29.9?C, ?? ?m 72.1%, Kh? CO th?p (14.8 ppm), M?c ch?y: An to?n","Kh? CH4 (25.3 ppm), LPG (19.7 ppm), CO (14.8 ppm), M?c kh? gas: An to?n",Auto,OFF,OFF,OFF,OFF,
8/11/2025,7:00:39,30.041,70.671,14.97796,24.27182,17.36778,13.27509,18.87924,0.55983,An toan,An toan,"Nhi?t ?? 30.0?C, ?? ?m 70.7%, Kh? CO th?p (13.3 ppm), M?c ch?y: An to?n","Kh? CH4 (24.3 ppm), LPG (17.4 ppm), CO (13.3 ppm), M?c kh? gas: An to?n",Auto,OFF,OFF,OFF,OFF,
8/11/2025,7:11:14,29.615,71.501,15.21079,26.94283,18.60039,13.922,23.80319,0.67064,An toan,An toan,"Nhi?t ?? 29.6?C, ?? ?m 71.5%, Kh? CO th?p (13.9 ppm), M?c ch?y: An to?n","Kh? CH4 (26.9 ppm), LPG (18.6 ppm), CO (13.9 ppm), M?c kh? gas: An to?n",Auto,OFF,OFF,OFF,OFF,
8/11/2025,7:14:03,29.656,78.71,14.92849,24.44821,18.27801,13.17072,25.09974,0.51985,An toan,An toan,"Nhi?t ?? 29.7?C, ?? ?m 78.7%, Kh? CO th?p (13.2 ppm), M?c ch?y: An to?n","Kh? CH4 (24.4 ppm), LPG (18.3 ppm), CO (13.2 ppm), M?c kh? gas: An to?n",Auto,OFF,OFF,OFF,OFF,
8/11/2025,7:14:17,29.998,72.158,15.21387,24.52197,19.06671,13.44988,10.57876,0.42323,An toan,An toan,"Nhi?t ?? 30.0?C, ?? ?m 72.2%, Kh? CO th?p (13.4 ppm), M?c ch?y: An to?n","Kh? CH4 (24.5 ppm), LPG (19.1 ppm), CO (13.4 ppm), M?c kh? gas: An to?n",Auto,OFF,OFF,OFF,OFF,
8/11/2025,7:15:15,30.584,69.88,15.06021,25.13646,18.28528,13.43749,17.25279,0.15982,An toan,An toan,"Nhi?t ?? 30.6?C, ?? ?m 69.9%, Kh? CO th?p (13.4 ppm), M?c ch?y: An to?n","Kh? CH4 (25.1 ppm), LPG (18.3 ppm), CO (13.4 ppm), M?c kh? gas: An to?n",Auto,OFF,OFF,OFF,OFF,
8/11/2025,7:20:13,30.635,78.959,15.59969,26.874,18.49598,14.94216,17.97068,0.90823,An toan,An toan,"Nhi?t ?? 30.6?C, ?? ?m 79.0%, Kh? CO th?p (14.9 ppm), M?c ch?y: An to?n","Kh? CH4 (26.9 ppm), LPG (18.5 ppm), CO (14.9 ppm), M?c kh? gas: An to?n",Auto,OFF,OFF,OFF,OFF,
8/11/2025,7:25:02,30.384,72.236,14.31716,25.02098,17.31974,13.76655,26.6658,0.63216,An toan,An toan,"Nhi?t ?? 30.4?C, ?? ?m 72.2%, Kh? CO th?p (13.8 ppm), M?c ch?y: An to?n","Kh? CH4 (25.0 ppm), LPG (17.3 ppm), CO (13.8 ppm), M?c kh? gas: An to?n",Auto,OFF,OFF,OFF,OFF,
8/11/2025,7:28:51,29.755,72.873,14.11184,26.97653,17.68767,13.99261,25.52299,0.29822,An toan,An toan,"Nhi?t ?? 29.8?C, ?? ?m 72.9%, Kh? CO th?p (14.0 ppm), M?c ch?y: An to?n","Kh? CH4 (27.0 ppm), LPG (17.7 ppm), CO (14.0 ppm), M?c kh? gas: An to?n",Auto,OFF,OFF,OFF,OFF,
8/11/2025,7:29:22,30.047,70.951,15.64718,24.81849,17.98946,14.20694,24.23469,0.44228,An toan,An toan,"Nhi?t ?? 30.0?C, ?? ?m 71.0%, Kh? CO th?p (14.2 ppm), M?c ch?y: An to?n","Kh? CH4 (24.8 ppm), LPG (18.0 ppm), CO (14.2 ppm), M?c kh? gas: An to?n",Auto,OFF,OFF,OFF,OFF,
8/11/2025,7:30:24,29.284,73.243,15.35801,26.61522,17.84933,13.35228,27.72353,0.73585,An toan,An toan,"Nhi?t ?? 29.3?C, ?? ?m 73.2%, Kh? CO th?p (13.4 ppm), M?c ch?y: An to?n","Kh? CH4 (26.6 ppm), LPG (17.8 ppm), CO (13.4 ppm), M?c kh? gas: An to?n",Auto,OFF,OFF,OFF,OFF,
8/11/2025,7:34:43,30.55,74.146,14.24209,26.15309,17.47246,13.66427,17.21182,0.37255,An toan,An toan,"Nhi?t ?? 30.6?C, ?? ?m 74.1%, Kh? CO th?p (13.7 ppm), M?c ch?y: An to?n","Kh? CH4 (26.2 ppm), LPG (17.5 ppm), CO (13.7 ppm), M?c kh? gas: An to?n",Auto,OFF,OFF,OFF,OFF,
8/11/2025,7:35:12,30.607,74.676,14.74308,26.79839,18.38979,14.97741,12.65209,0.64595,An toan,An toan,"Nhi?t ?? 30.6?C, ?? ?m 74.7%, Kh? CO th?p (15.0 ppm), M?c ch?y: An to?n","Kh? CH4 (26.8 ppm), LPG (18.4 ppm), CO (15.0 ppm), M?c kh? gas: An to?n",Auto,OFF,OFF,OFF,OFF,
8/11/2025,7:39:19,30.298,79.03,15.88123,26.79993,17.78464,14.9063,19.16337,0.22884,An toan,An toan,"Nhi?t ?? 30.3?C, ?? ?m 79.0%, Kh? CO th?p (14.9 ppm), M?c ch?y: An to?n","Kh? CH4 (26.8 ppm), LPG (17.8 ppm), CO (14.9 ppm), M?c kh? gas: An to?n",Auto,OFF,OFF,OFF,OFF,
8/11/2025,7:40:09,30.891,71.78,14.81097,25.12735,18.63245,13.40256,20.93393,0.24407,An toan,An toan,"Nhi?t ?? 30.9?C, ?? ?m 71.8%, Kh? CO th?p (13.4 ppm), M?c ch?y: An to?n","Kh? CH4 (25.1 ppm), LPG (18.6 ppm), CO (13.4 ppm), M?c kh? gas: An to?n",Auto,OFF,OFF,OFF,OFF,
8/11/2025,7:41:06,30.187,76.864,14.40295,25.95909,17.77548,14.55668,20.20307,0.87821,An toan,An toan,"Nhi?t ?? 30.2?C, ?? ?m 76.9%, Kh? CO th?p (14.6 ppm), M?c ch?y: An to?n","Kh? CH4 (26.0 ppm), LPG (17.8 ppm), CO (14.6 ppm), M?c kh? gas: An to?n",Auto,OFF,OFF,OFF,OFF,
8/11/2025,7:41:33,29.575,73.038,15.94976,25.59476,18.10833,14.06844,29.72137,0.4586,An toan,An toan,"Nhi?t ?? 29.6?C, ?? ?m 73.0%, Kh? CO th?p (14.1 ppm), M?c ch?y: An to?n","Kh? CH4 (25.6 ppm), LPG (18.1 ppm), CO (14.1 ppm), M?c kh? gas: An to?n",Auto,OFF,OFF,OFF,OFF,
8/11/2025,7:41:38,30.124,70.241,14.02476,26.02993,17.13139,13.01886,13.0358,0.45003,An toan,An toan,"Nhi?t ?? 30.1?C, ?? ?m 70.2%, Kh? CO th?p (13.0 ppm), M?c ch?y: An to?n","Kh? CH4 (26.0 ppm), LPG (17.1 ppm), CO (13.0 ppm), M?c kh? gas: An to?n",Auto,OFF,OFF,OFF,OFF,
8/11/2025,7:44:59,30.119,74.783,15.14367,25.54684,17.9054,13.44367,11.26244,0.89497,An toan,An toan,"Nhi?t ?? 30.1?C, ?? ?m 74.8%, Kh? CO th?p (13.4 ppm), M?c ch?y: An to?n","Kh? CH4 (25.5 ppm), LPG (17.9 ppm), CO (13.4 ppm), M?c kh? gas: An to?n",Auto,OFF,OFF,OFF,OFF,
8/11/2025,7:55:04,29.339,78.371,14.08547,26.77202,18.04215,13.75363,25.26739,0.16876,An toan,An toan,"Nhi?t ?? 29.3?C, ?? ?m 78.4%, Kh? CO th?p (13.8 ppm), M?c ch?y: An to?n","Kh? CH4 (26.8 ppm), LPG (18.0 ppm), CO (13.8 ppm), M?c kh? gas: An to?n",Auto,OFF,OFF,OFF,OFF,
8/11/2025,7:55:27,30.288,70.971,15.37965,25.20082,17.595,13.10077,19.44966,0.52111,An toan,An toan,"Nhi?t ?? 30.3?C, ?? ?m 71.0%, Kh? CO th?p (13.1 ppm), M?c ch?y: An to?n","Kh? CH4 (25.2 ppm), LPG (17.6 ppm), CO (13.1 ppm), M?c kh? gas: An to?n",Auto,OFF,OFF,OFF,OFF,
8/11/2025,8:00:09,30.962,75.711,15.23767,24.63657,18.33931,14.57141,15.46453,0.59292,An toan,An toan,"Nhi?t ?? 31.0?C, ?? ?m 75.7%, Kh? CO th?p (14.6 ppm), M?c ch?y: An to?n","Kh? CH4 (24.6 ppm), LPG (18.3 ppm), CO (14.6 ppm), M?c kh? gas: An to?n",Auto,OFF,OFF,OFF,OFF,
8/11/2025,8:02:01,29.705,70.16,14.6734,24.44695,18.15108,14.38388,17.27146,0.4743,An toan,An toan,"Nhi?t ?? 29.7?C, ?? ?m 70.2%, Kh? CO th?p (14.4 ppm), M?c ch?y: An to?n","Kh? CH4 (24.4 ppm), LPG (18.2 ppm), CO (14.4 ppm), M?c kh? gas: An to?n",Auto,OFF,OFF,OFF,OFF,
8/11/2025,8:07:08,29.41,69.459,15.12158,26.27584,19.95208,13.28604,23.2502,0.32005,An toan,An toan,"Nhi?t ?? 29.4?C, ?? ?m 69.5%, Kh? CO th?p (13.3 ppm), M?c ch?y: An to?n","Kh? CH4 (26.3 ppm), LPG (20.0 ppm), CO (13.3 ppm), M?c kh? gas: An to?n",Auto,OFF,OFF,OFF,OFF,
8/11/2025,8:10:12,30.645,69.674,15.12507,26.95144,19.66798,14.91074,29.22533,0.26806,An toan,An toan,"Nhi?t ?? 30.6?C, ?? ?m 69.7%, Kh? CO th?p (14.9 ppm), M?c ch?y: An to?n","Kh? CH4 (27.0 ppm), LPG (19.7 ppm), CO (14.9 ppm), M?c kh? gas: An to?n",Auto,OFF,OFF,OFF,OFF,
8/11/2025,8:10:34,29.39,73.849,15.09784,24.6083,17.79215,14.3336,10.80942,0.64223,An toan,An toan,"Nhi?t ?? 29.4?C, ?? ?m 73.8%, Kh? CO th?p (14.3 ppm), M?c ch?y: An to?n","Kh? CH4 (24.6 ppm), LPG (17.8 ppm), CO (14.3 ppm), M?c kh? gas: An to?n",Auto,OFF,OFF,OFF,OFF,
8/11/2025,8:13:33,30.836,73.366,14.01331,26.06524,18.63302,13.06661,16.99881,0.79363,An toan,An toan,"Nhi?t ?? 30.8?C, ?? ?m 73.4%, Kh? CO th?p (13.1 ppm), M?c ch?y: An to?n","Kh? CH4 (26.1 ppm), LPG (18.6 ppm), CO (13.1 ppm), M?c kh? gas: An to?n",Auto,OFF,OFF,OFF,OFF,
8/11/2025,8:23:26,30.024,74.694,14.48478,26.56336,18.50733,14.65003,13.56109,0.66446,An toan,An toan,"Nhi?t ?? 30.0?C, ?? ?m 74.7%, Kh? CO th?p (14.7 ppm), M?c ch?y: An to?n","Kh? CH4 (26.6 ppm), LPG (18.5 ppm), CO (14.7 ppm), M?c kh? gas: An to?n",Auto,OFF,OFF,OFF,OFF,
8/11/2025,8:24:35,30.637,69.387,15.09721,25.39784,19.73052,14.62038,25.21981,0.74886,An toan,An toan,"Nhi?t ?? 30.6?C, ?? ?m 69.4%, Kh? CO th?p (14.6 ppm), M?c ch?y: An to?n","Kh? CH4 (25.4 ppm), LPG (19.7 ppm), CO (14.6 ppm), M?c kh? gas: An to?n",Auto,OFF,OFF,OFF,OFF,
8/11/2025,8:34:17,30.558,78.098,14.74979,24.44724,17.55042,14.18315,24.3654,0.87054,An toan,An toan,"Nhi?t ?? 30.6?C, ?? ?m 78.1%, Kh? CO th?p (14.2 ppm), M?c ch?y: An to?n","Kh? CH4 (24.4 ppm), LPG (17.6 ppm), CO (14.2 ppm), M?c kh? gas: An to?n",Auto,OFF,OFF,OFF,OFF,
8/11/2025,8:35:38,29.277,70.137,14.07394,24.00547,18.94219,13.83851,11.24446,0.6139,An toan,An toan,"Nhi?t ?? 29.3?C, ?? ?m 70.1%, Kh? CO th?p (13.8 ppm), M?c ch?y: An to?n","Kh? CH4 (24.0 ppm), LPG (18.9 ppm), CO (13.8 ppm), M?c kh? gas: An to?n",Auto,OFF,OFF,OFF,OFF,
8/11/2025,8:36:53,30.305,71.736,14.07523,24.63694,18.53815,14.19168,19.14731,0.6228,An toan,An toan,"Nhi?t ?? 30.3?C, ?? ?m 71.7%, Kh? CO th?p (14.2 ppm), M?c ch?y: An to?n","Kh? CH4 (24.6 ppm), LPG (18.5 ppm), CO (14.2 ppm), M?c kh? gas: An to?n",Auto,OFF,OFF,OFF,OFF,
8/11/2025,8:37:03,29.668,74.138,15.36707,24.55818,17.51113,13.43954,18.99346,0.48549,An toan,An toan,"Nhi?t ?? 29.7?C, ?? ?m 74.1%, Kh? CO th?p (13.4 ppm), M?c ch?y: An to?n","Kh? CH4 (24.6 ppm), LPG (17.5 ppm), CO (13.4 ppm), M?c kh? gas: An to?n",Auto,OFF,OFF,OFF,OFF,
8/11/2025,8:38:37,29.887,78.894,14.65479,26.64288,17.35889,14.18977,12.39909,0.41647,An toan,An toan,"Nhi?t ?? 29.9?C, ?? ?m 78.9%, Kh? CO th?p (14.2 ppm), M?c ch?y: An to?n","Kh? CH4 (26.6 ppm), LPG (17.4 ppm), CO (14.2 ppm), M?c kh? gas: An to?n",Auto,OFF,OFF,OFF,OFF,
8/11/2025,8:44:14,30.482,72.695,15.16921,25.53616,19.14363,14.38885,10.60793,0.35163,An toan,An toan,"Nhi?t ?? 30.5?C, ?? ?m 72.7%, Kh? CO th?p (14.4 ppm), M?c ch?y: An to?n","Kh? CH4 (25.5 ppm), LPG (19.1 ppm), CO (14.4 ppm), M?c kh? gas: An to?n",Auto,OFF,OFF,OFF,OFF,
8/11/2025,8:44:52,30.032,74.222,15.45887,25.02418,18.59737,14.53949,10.0999,0.1068,An toan,An toan,"Nhi?t ?? 30.0?C, ?? ?m 74.2%, Kh? CO th?p (14.5 ppm), M?c ch?y: An to?n","Kh? CH4 (25.0 ppm), LPG (18.6 ppm), CO (14.5 ppm), M?c kh? gas: An to?n",Auto,OFF,OFF,OFF,OFF,
8/11/2025,8:52:57,30.415,72.269,15.55691,26.60563,17.63875,13.6381,13.56313,0.9442,An toan,An toan,"Nhi?t ?? 30.4?C, ?? ?m 72.3%, Kh? CO th?p (13.6 ppm), M?c ch?y: An to?n","Kh? CH4 (26.6 ppm), LPG (17.6 ppm), CO (13.6 ppm), M?c kh? gas: An to?n",Auto,OFF,OFF,OFF,OFF,
8/11/2025,8:54:59,29.386,74.964,14.17294,24.66549,19.61904,14.16314,27.61164,0.37218,An toan,An toan,"Nhi?t ?? 29.4?C, ?? ?m 75.0%, Kh? CO th?p (14.2 ppm), M?c ch?y: An to?n","Kh? CH4 (24.7 ppm), LPG (19.6 ppm), CO (14.2 ppm), M?c kh? gas: An to?n",Auto,OFF,OFF,OFF,OFF,
8/11/2025,8:56:42,30.456,69.058,14.76765,25.7544,17.27261,14.08089,10.55225,0.77713,An toan,An toan,"Nhi?t ?? 30.5?C, ?? ?m 69.1%, Kh? CO th?p (14.1 ppm), M?c ch?y: An to?n","Kh? CH4 (25.8 ppm), LPG (17.3 ppm), CO (14.1 ppm), M?c kh? gas: An to?n",Auto,OFF,OFF,OFF,OFF,
8/11/2025,8:58:43,30.62,71.819,14.8119,25.2107,19.7748,13.60612,12.54465,0.92657,An toan,An toan,"Nhi?t ?? 30.6?C, ?? ?m 71.8%, Kh? CO th?p (13.6 ppm), M?c ch?y: An to?n","Kh? CH4 (25.2 ppm), LPG (19.8 ppm), CO (13.6 ppm), M?c kh? gas: An to?n",Auto,OFF,OFF,OFF,OFF,
8/11/2025,8:58:57,29.929,69.764,15.56248,26.73817,17.85049,14.68343,18.04233,0.75062,An toan,An toan,"Nhi?t ?? 29.9?C, ?? ?m 69.8%, Kh? CO th?p (14.7 ppm), M?c ch?y: An to?n","Kh? CH4 (26.7 ppm), LPG (17.9 ppm), CO (14.7 ppm), M?c kh? gas: An to?n",Auto,OFF,OFF,OFF,OFF,
8/11/2025,9:00:09,30.61,77.863,14.26799,24.86295,17.0617,14.32599,28.08113,0.382,An toan,An toan,"Nhi?t ?? 30.6?C, ?? ?m 77.9%, Kh? CO th?p (14.3 ppm), M?c ch?y: An to?n","Kh? CH4 (24.9 ppm), LPG (17.1 ppm), CO (14.3 ppm), M?c kh? gas: An to?n",Auto,OFF,OFF,OFF,OFF,
8/11/2025,9:01:00,29.098,76.338,14.09472,25.3607,18.03907,14.51467,15.95008,0.15541,An toan,An toan,"Nhi?t ?? 29.1?C, ?? ?m 76.3%, Kh? CO th?p (14.5 ppm), M?c ch?y: An to?n","Kh? CH4 (25.4 ppm), LPG (18.0 ppm), CO (14.5 ppm), M?c kh? gas: An to?n",Auto,OFF,OFF,OFF,OFF,
8/11/2025,9:04:59,30.28,73.342,15.10876,26.63352,19.74489,14.82727,15.47243,0.6294,An toan,An toan,"Nhi?t ?? 30.3?C, ?? ?m 73.3%, Kh? CO th?p (14.8 ppm), M?c ch?y: An to?n","Kh? CH4 (26.6 ppm), LPG (19.7 ppm), CO (14.8 ppm), M?c kh? gas: An to?n",Auto,OFF,OFF,OFF,OFF,
8/11/2025,9:05:23,29.154,77.308,14.33286,25.1516,18.87799,13.53381,10.3055,0.65667,An toan,An toan,"Nhi?t ?? 29.2?C, ?? ?m 77.3%, Kh? CO th?p (13.5 ppm), M?c ch?y: An to?n","Kh? CH4 (25.2 ppm), LPG (18.9 ppm), CO (13.5 ppm), M?c kh? gas: An to?n",Auto,OFF,OFF,OFF,OFF,
8/11/2025,9:10:36,30.914,74.251,14.67422,26.19372,17.17944,14.93031,18.47668,0.52655,An toan,An toan,"Nhi?t ?? 30.9?C, ?? ?m 74.3%, Kh? CO th?p (14.9 ppm), M?c ch?y: An to?n","Kh? CH4 (26.2 ppm), LPG (17.2 ppm), CO (14.9 ppm), M?c kh? gas: An to?n",Auto,OFF,OFF,OFF,OFF,
8/11/2025,9:17:00,29.035,72.188,14.85311,26.96086,19.53949,14.44262,12.67859,0.36725,An toan,An toan,"Nhi?t ?? 29.0?C, ?? ?m 72.2%, Kh? CO th?p (14.4 ppm), M?c ch?y: An to?n","Kh? CH4 (27.0 ppm), LPG (19.5 ppm), CO (14.4 ppm), M?c kh? gas: An to?n",Auto,OFF,OFF,OFF,OFF,
8/11/2025,9:18:01,29.164,75.526,15.72596,25.24474,17.62663,13.23845,13.81475,0.97546,An toan,An toan,"Nhi?t ?? 29.2?C, ?? ?m 75.5%, Kh? CO th?p (13.2 ppm), M?c ch?y: An to?n","Kh? CH4 (25.2 ppm), LPG (17.6 ppm), CO (13.2 ppm), M?c kh? gas: An to?n",Auto,OFF,OFF,OFF,OFF,
8/11/2025,9:19:43,29.832,76.608,15.88022,26.79865,18.10766,14.34156,20.02894,0.91623,An toan,An toan,"Nhi?t ?? 29.8?C, ?? ?m 76.6%, Kh? CO th?p (14.3 ppm), M?c ch?y: An to?n","Kh? CH4 (26.8 ppm), LPG (18.1 ppm), CO (14.3 ppm), M?c kh? gas: An to?n",Auto,OFF,OFF,OFF,OFF,
8/11/2025,9:37:52,30.458,73.62,15.52044,25.24262,18.84314,13.92301,15.2607,0.95249,An toan,An toan,"Nhi?t ?? 30.5?C, ?? ?m 73.6%, Kh? CO th?p (13.9 ppm), M?c ch?y: An to?n","Kh? CH4 (25.2 ppm), LPG (18.8 ppm), CO (13.9 ppm), M?c kh? gas: An to?n",Auto,OFF,OFF,OFF,OFF,
8/11/2025,9:44:13,30.141,69.477,15.26707,26.06814,19.75525,14.88513,20.05709,0.2438,An toan,An toan,"Nhi?t ?? 30.1?C, ?? ?m 69.5%, Kh? CO th?p (14.9 ppm), M?c ch?y: An to?n","Kh? CH4 (26.1 ppm), LPG (19.8 ppm), CO (14.9 ppm), M?c kh? gas: An to?n",Auto,OFF,OFF,OFF,OFF,
8/11/2025,9:47:05,30.625,70.869,15.97789,26.23028,17.45119,13.8807,28.77755,0.80889,An toan,An toan,"Nhi?t ?? 30.6?C, ?? ?m 70.9%, Kh? CO th?p (13.9 ppm), M?c ch?y: An to?n","Kh? CH4 (26.2 ppm), LPG (17.5 ppm), CO (13.9 ppm), M?c kh? gas: An to?n",Auto,OFF,OFF,OFF,OFF,
8/11/2025,9:47:31,29.723,74.845,14.43514,25.9725,17.04025,13.12807,26.49725,0.12148,An toan,An toan,"Nhi?t ?? 29.7?C, ?? ?m 74.8%, Kh? CO th?p (13.1 ppm), M?c ch?y: An to?n","Kh? CH4 (26.0 ppm), LPG (17.0 ppm), CO (13.1 ppm), M?c kh? gas: An to?n",Auto,OFF,OFF,OFF,OFF,
8/11/2025,9:48:33,29.271,79.731,15.39236,25.86838,19.26989,14.84559,10.24679,0.90528,An toan,An toan,"Nhi?t ?? 29.3?C, ?? ?m 79.7%, Kh? CO th?p (14.8 ppm), M?c ch?y: An to?n","Kh? CH4 (25.9 ppm), LPG (19.3 ppm), CO (14.8 ppm), M?c kh? gas: An to?n",Auto,OFF,OFF,OFF,OFF,
8/11/2025,9:48:43,30.876,73.995,15.17807,25.18479,17.83637,14.73018,22.89426,0.79714,An toan,An toan,"Nhi?t ?? 30.9?C, ?? ?m 74.0%, Kh? CO th?p (14.7 ppm), M?c ch?y: An to?n","Kh? CH4 (25.2 ppm), LPG (17.8 ppm), CO (14.7 ppm), M?c kh? gas: An to?n",Auto,OFF,OFF,OFF,OFF,
8/11/2025,9:49:30,30.368,74.434,14.83757,25.28872,19.87071,13.599,19.02679,0.92514,An toan,An toan,"Nhi?t ?? 30.4?C, ?? ?m 74.4%, Kh? CO th?p (13.6 ppm), M?c ch?y: An to?n","Kh? CH4 (25.3 ppm), LPG (19.9 ppm), CO (13.6 ppm), M?c kh? gas: An to?n",Auto,OFF,OFF,OFF,OFF,
8/11/2025,9:50:17,29.042,77.66,14.39378,26.86498,18.00156,13.49724,13.8217,0.17483,An toan,An toan,"Nhi?t ?? 29.0?C, ?? ?m 77.7%, Kh? CO th?p (13.5 ppm), M?c ch?y: An to?n","Kh? CH4 (26.9 ppm), LPG (18.0 ppm), CO (13.5 ppm), M?c kh? gas: An to?n",Auto,OFF,OFF,OFF,OFF,
8/11/2025,9:50:47,30.842,69.81,15.95662,25.25443,17.70087,13.16961,14.88774,0.69983,An toan,An toan,"Nhi?t ?? 30.8?C, ?? ?m 69.8%, Kh? CO th?p (13.2 ppm), M?c ch?y: An to?n","Kh? CH4 (25.3 ppm), LPG (17.7 ppm), CO (13.2 ppm), M?c kh? gas: An to?n",Auto,OFF,OFF,OFF,OFF,
8/11/2025,9:51:00,29.483,72.173,14.48148,26.48811,19.61555,14.56839,10.31287,0.47115,An toan,An toan,"Nhi?t ?? 29.5?C, ?? ?m 72.2%, Kh? CO th?p (14.6 ppm), M?c ch?y: An to?n","Kh? CH4 (26.5 ppm), LPG (19.6 ppm), CO (14.6 ppm), M?c kh? gas: An to?n",Auto,OFF,OFF,OFF,OFF,
8/11/2025,9:52:19,29.906,75.46,15.08005,26.79724,19.67939,14.23275,11.77829,0.54893,An toan,An toan,"Nhi?t ?? 29.9?C, ?? ?m 75.5%, Kh? CO th?p (14.2 ppm), M?c ch?y: An to?n","Kh? CH4 (26.8 ppm), LPG (19.7 ppm), CO (14.2 ppm), M?c kh? gas: An to?n",Auto,OFF,OFF,OFF,OFF,
8/11/2025,9:53:06,29.089,76.022,14.13108,24.44917,18.08585,13.99902,25.75709,0.93978,An toan,An toan,"Nhi?t ?? 29.1?C, ?? ?m 76.0%, Kh? CO th?p (14.0 ppm), M?c ch?y: An to?n","Kh? CH4 (24.4 ppm), LPG (18.1 ppm), CO (14.0 ppm), M?c kh? gas: An to?n",Auto,OFF,OFF,OFF,OFF,
8/11/2025,10:00:59,29.974,77.328,14.01767,24.44513,19.27518,13.00711,10.79286,0.97228,An toan,An toan,"Nhi?t ?? 30.0?C, ?? ?m 77.3%, Kh? CO th?p (13.0 ppm), M?c ch?y: An to?n","Kh? CH4 (24.4 ppm), LPG (19.3 ppm), CO (13.0 ppm), M?c kh? gas: An to?n",Auto,OFF,OFF,OFF,OFF,
8/11/2025,10:01:17,30.892,70.164,15.88269,26.35979,17.38613,13.59329,25.76055,0.44394,An toan,An toan,"Nhi?t ?? 30.9?C, ?? ?m 70.2%, Kh? CO th?p (13.6 ppm), M?c ch?y: An to?n","Kh? CH4 (26.4 ppm), LPG (17.4 ppm), CO (13.6 ppm), M?c kh? gas: An to?n",Auto,OFF,OFF,OFF,OFF,
8/11/2025,10:07:23,30.887,75.723,15.69683,25.50693,17.56154,13.38779,28.90266,0.73378,An toan,An toan,"Nhi?t ?? 30.9?C, ?? ?m 75.7%, Kh? CO th?p (13.4 ppm), M?c ch?y: An to?n","Kh? CH4 (25.5 ppm), LPG (17.6 ppm), CO (13.4 ppm), M?c kh? gas: An to?n",Auto,OFF,OFF,OFF,OFF,
8/11/2025,10:08:02,30.53,72.667,15.58836,24.95898,19.52321,13.02741,22.25639,0.92094,An toan,An toan,"Nhi?t ?? 30.5?C, ?? ?m 72.7%, Kh? CO th?p (13.0 ppm), M?c ch?y: An to?n","Kh? CH4 (25.0 ppm), LPG (19.5 ppm), CO (13.0 ppm), M?c kh? gas: An to?n",Auto,OFF,OFF,OFF,OFF,
8/11/2025,10:08:33,29.601,78.344,15.26478,25.31308,19.19047,14.12296,21.47974,0.94827,An toan,An toan,"Nhi?t ?? 29.6?C, ?? ?m 78.3%, Kh? CO th?p (14.1 ppm), M?c ch?y: An to?n","Kh? CH4 (25.3 ppm), LPG (19.2 ppm), CO (14.1 ppm), M?c kh? gas: An to?n",Auto,OFF,OFF,OFF,OFF,
8/11/2025,10:12:03,30.845,76.319,15.33251,25.1164,17.95463,14.07665,14.64535,0.61464,An toan,An toan,"Nhi?t ?? 30.8?C, ?? ?m 76.3%, Kh? CO th?p (14.1 ppm), M?c ch?y: An to?n","Kh? CH4 (25.1 ppm), LPG (18.0 ppm), CO (14.1 ppm), M?c kh? gas: An to?n",Auto,OFF,OFF,OFF,OFF,
8/11/2025,10:16:58,30.886,79.059,14.06744,26.21971,18.54057,13.01806,22.1699,0.50454,An toan,An toan,"Nhi?t ?? 30.9?C, ?? ?m 79.1%, Kh? CO th?p (13.0 ppm), M?c ch?y: An to?n","Kh? CH4 (26.2 ppm), LPG (18.5 ppm), CO (13.0 ppm), M?c kh? gas: An to?n",Auto,OFF,OFF,OFF,OFF,
8/11/2025,10:23:00,29.41,78.955,14.98051,24.18875,19.33764,13.49547,25.58258,0.14432,An toan,An toan,"Nhi?t ?? 29.4?C, ?? ?m 79.0%, Kh? CO th?p (13.5 ppm), M?c ch?y: An to?n","Kh? CH4 (24.2 ppm), LPG (19.3 ppm), CO (13.5 ppm), M?c kh? gas: An to?n",Auto,OFF,OFF,OFF,OFF,
8/11/2025,10:28:06,29.251,79.201,14.39941,24.22775,19.2135,14.94789,13.04311,0.14375,An toan,An toan,"Nhi?t ?? 29.3?C, ?? ?m 79.2%, Kh? CO th?p (14.9 ppm), M?c ch?y: An to?n","Kh? CH4 (24.2 ppm), LPG (19.2 ppm), CO (14.9 ppm), M?c kh? gas: An to?n",Auto,OFF,OFF,OFF,OFF,
8/11/2025,10:28:18,30.804,76.295,15.6421,26.99142,18.27687,14.28457,21.88078,0.14245,An toan,An toan,"Nhi?t ?? 30.8?C, ?? ?m 76.3%, Kh? CO th?p (14.3 ppm), M?c ch?y: An to?n","Kh? CH4 (27.0 ppm), LPG (18.3 ppm), CO (14.3 ppm), M?c kh? gas: An to?n",Auto,OFF,OFF,OFF,OFF,
8/11/2025,10:33:01,29.273,70.62,14.46136,25.43515,17.49071,14.33457,13.02134,0.71872,An toan,An toan,"Nhi?t ?? 29.3?C, ?? ?m 70.6%, Kh? CO th?p (14.3 ppm), M?c ch?y: An to?n","Kh? CH4 (25.4 ppm), LPG (17.5 ppm), CO (14.3 ppm), M?c kh? gas: An to?n",Auto,OFF,OFF,OFF,OFF,
8/11/2025,10:39:37,29.907,79.845,14.31686,24.31741,18.18646,13.76912,17.49098,0.20683,An toan,An toan,"Nhi?t ?? 29.9?C, ?? ?m 79.8%, Kh? CO th?p (13.8 ppm), M?c ch?y: An to?n","Kh? CH4 (24.3 ppm), LPG (18.2 ppm), CO (13.8 ppm), M?c kh? gas: An to?n",Auto,OFF,OFF,OFF,OFF,
8/11/2025,10:42:19,29.264,73.693,15.77644,25.88848,17.40737,14.56485,17.25396,0.2822,An toan,An toan,"Nhi?t ?? 29.3?C, ?? ?m 73.7%, Kh? CO th?p (14.6 ppm), M?c ch?y: An to?n","Kh? CH4 (25.9 ppm), LPG (17.4 ppm), CO (14.6 ppm), M?c kh? gas: An to?n",Auto,OFF,OFF,OFF,OFF,
8/11/2025,10:45:36,29.433,69.376,15.47767,25.72979,18.37067,14.79184,29.32789,0.12314,An toan,An toan,"Nhi?t ?? 29.4?C, ?? ?m 69.4%, Kh? CO th?p (14.8 ppm), M?c ch?y: An to?n","Kh? CH4 (25.7 ppm), LPG (18.4 ppm), CO (14.8 ppm), M?c kh? gas: An to?n",Auto,OFF,OFF,OFF,OFF,
8/11/2025,10:46:45,29.248,69.798,14.4085,26.1759,17.73556,14.44444,17.67719,0.69475,An toan,An toan,"Nhi?t ?? 29.2?C, ?? ?m 69.8%, Kh? CO th?p (14.4 ppm), M?c ch?y: An to?n","Kh? CH4 (26.2 ppm), LPG (17.7 ppm), CO (14.4 ppm), M?c kh? gas: An to?n",Auto,OFF,OFF,OFF,OFF,
8/11/2025,10:51:52,30.82,69.996,15.07672,25.70132,19.60641,13.9652,22.49171,0.98582,An toan,An toan,"Nhi?t ?? 30.8?C, ?? ?m 70.0%, Kh? CO th?p (14.0 ppm), M?c ch?y: An to?n","Kh? CH4 (25.7 ppm), LPG (19.6 ppm), CO (14.0 ppm), M?c kh? gas: An to?n",Auto,OFF,OFF,OFF,OFF,
8/11/2025,10:53:24,30.425,72.744,15.89017,25.4097,19.80484,14.6742,19.66506,0.61941,An toan,An toan,"Nhi?t ?? 30.4?C, ?? ?m 72.7%, Kh? CO th?p (14.7 ppm), M?c ch?y: An to?n","Kh? CH4 (25.4 ppm), LPG (19.8 ppm), CO (14.7 ppm), M?c kh? gas: An to?n",Auto,OFF,OFF,OFF,OFF,
8/11/2025,10:54:04,29.36,73.936,15.38269,26.04458,18.96861,14.0433,10.26954,0.51166,An toan,An toan,"Nhi?t ?? 29.4?C, ?? ?m 73.9%, Kh? CO th?p (14.0 ppm), M?c ch?y: An to?n","Kh? CH4 (26.0 ppm), LPG (19.0 ppm), CO (14.0 ppm), M?c kh? gas: An to?n",Auto,OFF,OFF,OFF,OFF,
8/11/2025,10:55:07,30.012,77.024,14.01856,24.85747,19.59556,13.26006,29.75924,0.71935,An toan,An toan,"Nhi?t ?? 30.0?C, ?? ?m 77.0%, Kh? CO th?p (13.3 ppm), M?c ch?y: An to?n","Kh? CH4 (24.9 ppm), LPG (19.6 ppm), CO (13.3 ppm), M?c kh? gas: An to?n",Auto,OFF,OFF,OFF,OFF,
8/11/2025,10:56:59,30.907,74.911,15.71405,24.67527,18.01764,14.58531,26.51134,0.12446,An toan,An toan,"Nhi?t ?? 30.9?C, ?? ?m 74.9%, Kh? CO th?p (14.6 ppm), M?c ch?y: An to?n","Kh? CH4 (24.7 ppm), LPG (18.0 ppm), CO (14.6 ppm), M?c kh? gas: An to?n",Auto,OFF,OFF,OFF,OFF,
8/11/2025,11:00:54,29.482,79.889,14.25415,24.56137,19.24427,14.39168,13.21194,0.64855,An toan,An toan,"Nhi?t ?? 29.5?C, ?? ?m 79.9%, Kh? CO th?p (14.4 ppm), M?c ch?y: An to?n","Kh? CH4 (24.6 ppm), LPG (19.2 ppm), CO (14.4 ppm), M?c kh? gas: An to?n",Auto,OFF,OFF,OFF,OFF,
8/11/2025,11:07:08,29.767,73.64,15.78888,24.17073,17.44277,13.15911,16.88304,0.35607,An toan,An toan,"Nhi?t ?? 29.8?C, ?? ?m 73.6%, Kh? CO th?p (13.2 ppm), M?c ch?y: An to?n","Kh? CH4 (24.2 ppm), LPG (17.4 ppm), CO (13.2 ppm), M?c kh? gas: An to?n",Auto,OFF,OFF,OFF,OFF,
8/11/2025,11:08:33,29.886,78.405,15.13109,24.77332,17.44371,14.53289,11.95802,0.94165,An toan,An toan,"Nhi?t ?? 29.9?C, ?? ?m 78.4%, Kh? CO th?p (14.5 ppm), M?c ch?y: An to?n","Kh? CH4 (24.8 ppm), LPG (17.4 ppm), CO (14.5 ppm), M?c kh? gas: An to?n",Auto,OFF,OFF,OFF,OFF,
8/11/2025,11:10:41,29.277,77.622,15.20404,25.95542,17.66427,13.36902,29.05721,0.71984,An toan,An toan,"Nhi?t ?? 29.3?C, ?? ?m 77.6%, Kh? CO th?p (13.4 ppm), M?c ch?y: An to?n","Kh? CH4 (26.0 ppm), LPG (17.7 ppm), CO (13.4 ppm), M?c kh? gas: An to?n",Auto,OFF,OFF,OFF,OFF,
8/11/2025,11:11:57,30.224,78.818,14.9515,24.22295,18.32578,14.00217,21.12359,0.83802,An toan,An toan,"Nhi?t ?? 30.2?C, ?? ?m 78.8%, Kh? CO th?p (14.0 ppm), M?c ch?y: An to?n","Kh? CH4 (24.2 ppm), LPG (18.3 ppm), CO (14.0 ppm), M?c kh? gas: An to?n",Auto,OFF,OFF,OFF,OFF,
8/11/2025,11:13:14,29.434,75.283,14.1926,25.15011,17.30755,14.52869,29.85096,0.59675,An toan,An toan,"Nhi?t ?? 29.4?C, ?? ?m 75.3%, Kh? CO th?p (14.5 ppm), M?c ch?y: An to?n","Kh? CH4 (25.2 ppm), LPG (17.3 ppm), CO (14.5 ppm), M?c kh? gas: An to?n",Auto,OFF,OFF,OFF,OFF,
8/11/2025,11:16:35,29.857,78.464,14.0271,26.54226,18.90719,14.1255,22.72682,0.78521,An toan,An toan,"Nhi?t ?? 29.9?C, ?? ?m 78.5%, Kh? CO th?p (14.1 ppm), M?c ch?y: An to?n","Kh? CH4 (26.5 ppm), LPG (18.9 ppm), CO (14.1 ppm), M?c kh? gas: An to?n",Auto,OFF,OFF,OFF,OFF,
8/11/2025,11:17:17,30.488,73.424,14.99631,24.24193,18.61644,14.55131,14.39525,0.50078,An toan,An toan,"Nhi?t ?? 30.5?C, ?? ?m 73.4%, Kh? CO th?p (14.6 ppm), M?c ch?y: An to?n","Kh? CH4 (24.2 ppm), LPG (18.6 ppm), CO (14.6 ppm), M?c kh? gas: An to?n",Auto,OFF,OFF,OFF,OFF,
8/11/2025,11:19:50,30.813,74.618,15.19865,24.78283,18.45332,14.39735,13.64219,0.94308,An toan,An toan,"Nhi?t ?? 30.8?C, ?? ?m 74.6%, Kh? CO th?p (14.4 ppm), M?c ch?y: An to?n","Kh? CH4 (24.8 ppm), LPG (18.5 ppm), CO (14.4 ppm), M?c kh? gas: An to?n",Auto,OFF,OFF,OFF,OFF,
8/11/2025,11:20:52,30.813,77.946,15.533,24.33096,19.86919,13.31128,24.53272,0.54715,An toan,An toan,"Nhi?t ?? 30.8?C, ?? ?m 77.9%, Kh? CO th?p (13.3 ppm), M?c ch?y: An to?n","Kh? CH4 (24.3 ppm), LPG (19.9 ppm), CO (13.3 ppm), M?c kh? gas: An to?n",Auto,OFF,OFF,OFF,OFF,
8/11/2025,11:24:16,30.078,72.48,15.07689,24.90429,19.80787,14.6288,21.61712,0.1754,An toan,An toan,"Nhi?t ?? 30.1?C, ?? ?m 72.5%, Kh? CO th?p (14.6 ppm), M?c ch?y: An to?n","Kh? CH4 (24.9 ppm), LPG (19.8 ppm), CO (14.6 ppm), M?c kh? gas: An to?n",Auto,OFF,OFF,OFF,OFF,
8/11/2025,11:27:44,30.791,69.444,14.30761,25.38999,18.12456,14.94136,18.58593,0.13817,An toan,An toan,"Nhi?t ?? 30.8?C, ?? ?m 69.4%, Kh? CO th?p (14.9 ppm), M?c ch?y: An to?n","Kh? CH4 (25.4 ppm), LPG (18.1 ppm), CO (14.9 ppm), M?c kh? gas: An to?n",Auto,OFF,OFF,OFF,OFF,
8/11/2025,11:29:52,29.051,78.725,15.55185,24.12546,17.74666,13.16857,16.60352,0.48869,An toan,An toan,"Nhi?t ?? 29.1?C, ?? ?m 78.7%, Kh? CO th?p (13.2 ppm), M?c ch?y: An to?n","Kh? CH4 (24.1 ppm), LPG (17.7 ppm), CO (13.2 ppm), M?c kh? gas: An to?n",Auto,OFF,OFF,OFF,OFF,
8/11/2025,11:31:46,30.225,71.383,14.16663,25.79765,17.67526,14.83962,21.62848,0.76858,An toan,An toan,"Nhi?t ?? 30.2?C, ?? ?m 71.4%, Kh? CO th?p (14.8 ppm), M?c ch?y: An to?n","Kh? CH4 (25.8 ppm), LPG (17.7 ppm), CO (14.8 ppm), M?c kh? gas: An to?n",Auto,OFF,OFF,OFF,OFF,
8/11/2025,11:39:03,30.292,71.734,14.73586,25.60191,17.55658,13.24836,13.64568,0.692,An toan,An toan,"Nhi?t ?? 30.3?C, ?? ?m 71.7%, Kh? CO th?p (13.2 ppm), M?c ch?y: An to?n","Kh? CH4 (25.6 ppm), LPG (17.6 ppm), CO (13.2 ppm), M?c kh? gas: An to?n",Auto,OFF,OFF,OFF,OFF,
8/11/2025,11:42:29,29.981,78.156,15.83855,24.7265,19.33518,13.97856,14.14702,0.65932,An toan,An toan,"Nhi?t ?? 30.0?C, ?? ?m 78.2%, Kh? CO th?p (14.0 ppm), M?c ch?y: An to?n","Kh? CH4 (24.7 ppm), LPG (19.3 ppm), CO (14.0 ppm), M?c kh? gas: An to?n",Auto,OFF,OFF,OFF,OFF,
8/11/2025,11:45:10,29.627,75.288,15.93873,25.83721,17.43033,13.53551,28.86582,0.97234,An toan,An toan,"Nhi?t ?? 29.6?C, ?? ?m 75.3%, Kh? CO th?p (13.5 ppm), M?c ch?y: An to?n","Kh? CH4 (25.8 ppm), LPG (17.4 ppm), CO (13.5 ppm), M?c kh? gas: An to?n",Auto,OFF,OFF,OFF,OFF,
8/11/2025,11:47:59,30.831,74.274,14.97927,25.60161,17.26207,13.16274,22.34742,0.57387,An toan,An toan,"Nhi?t ?? 30.8?C, ?? ?m 74.3%, Kh? CO th?p (13.2 ppm), M?c ch?y: An to?n","Kh? CH4 (25.6 ppm), LPG (17.3 ppm), CO (13.2 ppm), M?c kh? gas: An to?n",Auto,OFF,OFF,OFF,OFF,
8/11/2025,11:50:09,29.737,69.232,14.11028,24.14525,17.04493,13.48746,26.48931,0.24713,An toan,An toan,"Nhi?t ?? 29.7?C, ?? ?m 69.2%, Kh? CO th?p (13.5 ppm), M?c ch?y: An to?n","Kh? CH4 (24.1 ppm), LPG (17.0 ppm), CO (13.5 ppm), M?c kh? gas: An to?n",Auto,OFF,OFF,OFF,OFF,
8/11/2025,11:56:54,30.08,70.941,15.31899,25.00922,17.91363,14.84938,19.90953,0.82679,An toan,An toan,"Nhi?t ?? 30.1?C, ?? ?m 70.9%, Kh? CO th?p (14.8 ppm), M?c ch?y: An to?n","Kh? CH4 (25.0 ppm), LPG (17.9 ppm), CO (14.8 ppm), M?c kh? gas: An to?n",Auto,OFF,OFF,OFF,OFF,
8/11/2025,12:13:07,30.004,70.485,14.7743,24.47525,18.23609,13.29471,18.72405,0.94224,An toan,An toan,"Nhi?t ?? 30.0?C, ?? ?m 70.5%, Kh? CO th?p (13.3 ppm), M?c ch?y: An to?n","Kh? CH4 (24.5 ppm), LPG (18.2 ppm), CO (13.3 ppm), M?c kh? gas: An to?n",Auto,OFF,OFF,OFF,OFF,
8/11/2025,12:13:18,29.244,69.516,14.54082,26.37717,18.80396,13.32,21.1486,0.27779,An toan,An toan,"Nhi?t ?? 29.2?C, ?? ?m 69.5%, Kh? CO th?p (13.3 ppm), M?c ch?y: An to?n","Kh? CH4 (26.4 ppm), LPG (18.8 ppm), CO (13.3 ppm), M?c kh? gas: An to?n",Auto,OFF,OFF,OFF,OFF,
8/11/2025,12:19:50,29.013,76.847,15.55079,25.42418,17.78701,13.94531,12.24384,0.83414,An toan,An toan,"Nhi?t ?? 29.0?C, ?? ?m 76.8%, Kh? CO th?p (13.9 ppm), M?c ch?y: An to?n","Kh? CH4 (25.4 ppm), LPG (17.8 ppm), CO (13.9 ppm), M?c kh? gas: An to?n",Auto,OFF,OFF,OFF,OFF,
8/11/2025,12:21:32,30.414,71.102,15.77167,24.06724,18.4807,14.00376,19.83927,0.8112,An toan,An toan,"Nhi?t ?? 30.4?C, ?? ?m 71.1%, Kh? CO th?p (14.0 ppm), M?c ch?y: An to?n","Kh? CH4 (24.1 ppm), LPG (18.5 ppm), CO (14.0 ppm), M?c kh? gas: An to?n",Auto,OFF,OFF,OFF,OFF,
8/11/2025,12:25:22,29.288,70.628,14.47036,26.7141,19.3299,13.84367,29.85418,0.84686,An toan,An toan,"Nhi?t ?? 29.3?C, ?? ?m 70.6%, Kh? CO th?p (13.8 ppm), M?c ch?y: An to?n","Kh? CH4 (26.7 ppm), LPG (19.3 ppm), CO (13.8 ppm), M?c kh? gas: An to?n",Auto,OFF,OFF,OFF,OFF,
8/11/2025,12:31:44,29.44,72.312,14.94929,26.99209,18.18611,14.0654,24.98877,0.351,An toan,An toan,"Nhi?t ?? 29.4?C, ?? ?m 72.3%, Kh? CO th?p (14.1 ppm), M?c ch?y: An to?n","Kh? CH4 (27.0 ppm), LPG (18.2 ppm), CO (14.1 ppm), M?c kh? gas: An to?n",Auto,OFF,OFF,OFF,OFF,
8/11/2025,12:34:38,29.31,79.834,14.43442,25.58788,18.01695,13.62884,10.82443,0.9641,An toan,An toan,"Nhi?t ?? 29.3?C, ?? ?m 79.8%, Kh? CO th?p (13.6 ppm), M?c ch?y: An to?n","Kh? CH4 (25.6 ppm), LPG (18.0 ppm), CO (13.6 ppm), M?c kh? gas: An to?n",Auto,OFF,OFF,OFF,OFF,
8/11/2025,12:36:38,30.33,74.381,15.57153,26.55701,19.9568,14.5338,10.92498,0.77748,An toan,An toan,"Nhi?t ?? 30.3?C, ?? ?m 74.4%, Kh? CO th?p (14.5 ppm), M?c ch?y: An to?n","Kh? CH4 (26.6 ppm), LPG (20.0 ppm), CO (14.5 ppm), M?c kh? gas: An to?n",Auto,OFF,OFF,OFF,OFF,
8/11/2025,12:37:22,30.928,77.527,14.67721,26.04281,18.8568,13.40486,28.59041,0.31524,An toan,An toan,"Nhi?t ?? 30.9?C, ?? ?m 77.5%, Kh? CO th?p (13.4 ppm), M?c ch?y: An to?n","Kh? CH4 (26.0 ppm), LPG (18.9 ppm), CO (13.4 ppm), M?c kh? gas: An to?n",Auto,OFF,OFF,OFF,OFF,
8/11/2025,12:37:51,30.85,79.003,15.45658,24.51703,18.28025,13.04087,29.37039,0.9022,An toan,An toan,"Nhi?t ?? 30.8?C, ?? ?m 79.0%, Kh? CO th?p (13.0 ppm), M?c ch?y: An to?n","Kh? CH4 (24.5 ppm), LPG (18.3 ppm), CO (13.0 ppm), M?c kh? gas: An to?n",Auto,OFF,OFF,OFF,OFF,
8/11/2025,12:38:10,29.267,77.232,14.9462,24.83084,17.51422,13.71694,20.58367,0.32273,An toan,An toan,"Nhi?t ?? 29.3?C, ?? ?m 77.2%, Kh? CO th?p (13.7 ppm), M?c ch?y: An to?n","Kh? CH4 (24.8 ppm), LPG (17.5 ppm), CO (13.7 ppm), M?c kh? gas: An to?n",Auto,OFF,OFF,OFF,OFF,
8/11/2025,12:38:14,29.547,73.369,15.81945,24.4639,18.346,13.72734,26.62127,0.45656,An toan,An toan,"Nhi?t ?? 29.5?C, ?? ?m 73.4%, Kh? CO th?p (13.7 ppm), M?c ch?y: An to?n","Kh? CH4 (24.5 ppm), LPG (18.3 ppm), CO (13.7 ppm), M?c kh? gas: An to?n",Auto,OFF,OFF,OFF,OFF,
8/11/2025,12:38:32,29.409,73.346,15.78862,24.43327,19.11343,13.51664,14.14192,0.59833,An toan,An toan,"Nhi?t ?? 29.4?C, ?? ?m 73.3%, Kh? CO th?p (13.5 ppm), M?c ch?y: An to?n","Kh? CH4 (24.4 ppm), LPG (19.1 ppm), CO (13.5 ppm), M?c kh? gas: An to?n",Auto,OFF,OFF,OFF,OFF,
8/11/2025,12:42:06,29.969,78.381,14.9632,26.74625,19.75245,13.75314,27.00529,0.15018,An toan,An toan,"Nhi?t ?? 30.0?C, ?? ?m 78.4%, Kh? CO th?p (13.8 ppm), M?c ch?y: An to?n","Kh? CH4 (26.7 ppm), LPG (19.8 ppm), CO (13.8 ppm), M?c kh? gas: An to?n",Auto,OFF,OFF,OFF,OFF,
8/11/2025,12:43:28,29.157,69.322,14.04381,26.31069,17.45255,13.67385,12.76582,0.16396,An toan,An toan,"Nhi?t ?? 29.2?C, ?? ?m 69.3%, Kh? CO th?p (13.7 ppm), M?c ch?y: An to?n","Kh? CH4 (26.3 ppm), LPG (17.5 ppm), CO (13.7 ppm), M?c kh? gas: An to?n",Auto,OFF,OFF,OFF,OFF,
8/11/2025,12:43:45,29.453,74.045,14.45557,25.32892,17.15747,13.67478,13.65369,0.96631,An toan,An toan,"Nhi?t ?? 29.5?C, ?? ?m 74.0%, Kh? CO th?p (13.7 ppm), M?c ch?y: An to?n","Kh? CH4 (25.3 ppm), LPG (17.2 ppm), CO (13.7 ppm), M?c kh? gas: An to?n",Auto,OFF,OFF,OFF,OFF,
8/11/2025,12:45:28,29.54,69.291,14.89809,26.09139,18.14222,13.87202,26.78382,0.35282,An toan,An toan,"Nhi?t ?? 29.5?C, ?? ?m 69.3%, Kh? CO th?p (13.9 ppm), M?c ch?y: An to?n","Kh? CH4 (26.1 ppm), LPG (18.1 ppm), CO (13.9 ppm), M?c kh? gas: An to?n",Auto,OFF,OFF,OFF,OFF,
8/11/2025,12:46:30,30.184,72.63,15.92046,25.41926,18.88505,13.58908,13.21946,0.47055,An toan,An toan,"Nhi?t ?? 30.2?C, ?? ?m 72.6%, Kh? CO th?p (13.6 ppm), M?c ch?y: An to?n","Kh? CH4 (25.4 ppm), LPG (18.9 ppm), CO (13.6 ppm), M?c kh? gas: An to?n",Auto,OFF,OFF,OFF,OFF,
8/11/2025,12:50:08,29.804,79.279,14.75992,24.6936,17.80613,13.65498,21.20925,0.55852,An toan,An toan,"Nhi?t ?? 29.8?C, ?? ?m 79.3%, Kh? CO th?p (13.7 ppm), M?c ch?y: An to?n","Kh? CH4 (24.7 ppm), LPG (17.8 ppm), CO (13.7 ppm), M?c kh? gas: An to?n",Auto,OFF,OFF,OFF,OFF,
8/11/2025,12:51:14,29.861,70.697,15.25386,26.89888,19.01906,14.12034,16.51911,0.6496,An toan,An toan,"Nhi?t ?? 29.9?C, ?? ?m 70.7%, Kh? CO th?p (14.1 ppm), M?c ch?y: An to?n","Kh? CH4 (26.9 ppm), LPG (19.0 ppm), CO (14.1 ppm), M?c kh? gas: An to?n",Auto,OFF,OFF,OFF,OFF,
8/11/2025,13:02:09,30.957,72.982,14.4265,26.30481,17.25651,14.67133,10.00036,0.41553,An toan,An toan,"Nhi?t ?? 31.0?C, ?? ?m 73.0%, Kh? CO th?p (14.7 ppm), M?c ch?y: An to?n","Kh? CH4 (26.3 ppm), LPG (17.3 ppm), CO (14.7 ppm), M?c kh? gas: An to?n",Auto,OFF,OFF,OFF,OFF,
8/11/2025,13:02:13,29.751,75.732,14.36596,26.59556,19.46446,13.31132,16.25127,0.31783,An toan,An toan,"Nhi?t ?? 29.8?C, ?? ?m 75.7%, Kh? CO th?p (13.3 ppm), M?c ch?y: An to?n","Kh? CH4 (26.6 ppm), LPG (19.5 ppm), CO (13.3 ppm), M?c kh? gas: An to?n",Auto,OFF,OFF,OFF,OFF,
8/11/2025,13:06:11,29.066,72.604,14.73863,24.21108,17.32922,14.51491,17.78884,0.78377,An toan,An toan,"Nhi?t ?? 29.1?C, ?? ?m 72.6%, Kh? CO th?p (14.5 ppm), M?c ch?y: An to?n","Kh? CH4 (24.2 ppm), LPG (17.3 ppm), CO (14.5 ppm), M?c kh? gas: An to?n",Auto,OFF,OFF,OFF,OFF,
8/11/2025,13:07:38,30.483,74.655,14.0129,24.1723,18.59895,14.77352,28.50734,0.12558,An toan,An toan,"Nhi?t ?? 30.5?C, ?? ?m 74.7%, Kh? CO th?p (14.8 ppm), M?c ch?y: An to?n","Kh? CH4 (24.2 ppm), LPG (18.6 ppm), CO (14.8 ppm), M?c kh? gas: An to?n",Auto,OFF,OFF,OFF,OFF,
8/11/2025,13:12:41,29.535,77.897,15.21426,24.9912,19.92951,14.93306,26.65162,0.83328,An toan,An toan,"Nhi?t ?? 29.5?C, ?? ?m 77.9%, Kh? CO th?p (14.9 ppm), M?c ch?y: An to?n","Kh? CH4 (25.0 ppm), LPG (19.9 ppm), CO (14.9 ppm), M?c kh? gas: An to?n",Auto,OFF,OFF,OFF,OFF,
8/11/2025,13:13:27,29.157,69.792,15.67644,25.08634,19.32569,14.95852,26.10094,0.332,An toan,An toan,"Nhi?t ?? 29.2?C, ?? ?m 69.8%, Kh? CO th?p (15.0 ppm), M?c ch?y: An to?n","Kh? CH4 (25.1 ppm), LPG (19.3 ppm), CO (15.0 ppm), M?c kh? gas: An to?n",Auto,OFF,OFF,OFF,OFF,
8/11/2025,13:20:08,29.592,73.705,14.51092,25.19972,18.1131,14.45599,11.2693,0.81189,An toan,An toan,"Nhi?t ?? 29.6?C, ?? ?m 73.7%, Kh? CO th?p (14.5 ppm), M?c ch?y: An to?n","Kh? CH4 (25.2 ppm), LPG (18.1 ppm), CO (14.5 ppm), M?c kh? gas: An to?n",Auto,OFF,OFF,OFF,OFF,
8/11/2025,13:21:40,29.473,72.684,14.11641,26.41383,19.00779,13.78118,17.01086,0.57371,An toan,An toan,"Nhi?t ?? 29.5?C, ?? ?m 72.7%, Kh? CO th?p (13.8 ppm), M?c ch?y: An to?n","Kh? CH4 (26.4 ppm), LPG (19.0 ppm), CO (13.8 ppm), M?c kh? gas: An to?n",Auto,OFF,OFF,OFF,OFF,
8/11/2025,13:28:23,29.558,70.263,14.61981,26.76571,19.60519,14.12047,15.40321,0.6768,An toan,An toan,"Nhi?t ?? 29.6?C, ?? ?m 70.3%, Kh? CO th?p (14.1 ppm), M?c ch?y: An to?n","Kh? CH4 (26.8 ppm), LPG (19.6 ppm), CO (14.1 ppm), M?c kh? gas: An to?n",Auto,OFF,OFF,OFF,OFF,
8/11/2025,13:29:40,29.7,79.016,14.55211,25.88954,17.91372,13.91659,16.45278,0.87841,An toan,An toan,"Nhi?t ?? 29.7?C, ?? ?m 79.0%, Kh? CO th?p (13.9 ppm), M?c ch?y: An to?n","Kh? CH4 (25.9 ppm), LPG (17.9 ppm), CO (13.9 ppm), M?c kh? gas: An to?n",Auto,OFF,OFF,OFF,OFF,
8/11/2025,13:30:38,30.298,71.013,14.50087,25.28799,18.51809,14.08159,24.45102,0.2409,An toan,An toan,"Nhi?t ?? 30.3?C, ?? ?m 71.0%, Kh? CO th?p (14.1 ppm), M?c ch?y: An to?n","Kh? CH4 (25.3 ppm), LPG (18.5 ppm), CO (14.1 ppm), M?c kh? gas: An to?n",Auto,OFF,OFF,OFF,OFF,
8/11/2025,13:31:33,30.575,75.988,15.64451,26.30953,19.47243,13.89934,16.72042,0.75869,An toan,An toan,"Nhi?t ?? 30.6?C, ?? ?m 76.0%, Kh? CO th?p (13.9 ppm), M?c ch?y: An to?n","Kh? CH4 (26.3 ppm), LPG (19.5 ppm), CO (13.9 ppm), M?c kh? gas: An to?n",Auto,OFF,OFF,OFF,OFF,
8/11/2025,13:38:44,30.117,77.02,14.17687,25.79884,19.91862,13.17554,16.11715,0.52002,An toan,An toan,"Nhi?t ?? 30.1?C, ?? ?m 77.0%, Kh? CO th?p (13.2 ppm), M?c ch?y: An to?n","Kh? CH4 (25.8 ppm), LPG (19.9 ppm), CO (13.2 ppm), M?c kh? gas: An to?n",Auto,OFF,OFF,OFF,OFF,
8/11/2025,13:46:14,30.026,78.925,14.97037,25.80496,17.44227,14.54522,22.44968,0.42393,An toan,An toan,"Nhi?t ?? 30.0?C, ?? ?m 78.9%, Kh? CO th?p (14.5 ppm), M?c ch?y: An to?n","Kh? CH4 (25.8 ppm), LPG (17.4 ppm), CO (14.5 ppm), M?c kh? gas: An to?n",Auto,OFF,OFF,OFF,OFF,
8/11/2025,13:46:59,30.813,77.905,15.68564,24.83943,17.76281,13.57614,21.62148,0.46276,An toan,An toan,"Nhi?t ?? 30.8?C, ?? ?m 77.9%, Kh? CO th?p (13.6 ppm), M?c ch?y: An to?n","Kh? CH4 (24.8 ppm), LPG (17.8 ppm), CO (13.6 ppm), M?c kh? gas: An to?n",Auto,OFF,OFF,OFF,OFF,
8/11/2025,13:47:07,29.236,77.369,14.71403,26.71341,17.46085,14.68791,29.66495,0.21356,An toan,An toan,"Nhi?t ?? 29.2?C, ?? ?m 77.4%, Kh? CO th?p (14.7 ppm), M?c ch?y: An to?n","Kh? CH4 (26.7 ppm), LPG (17.5 ppm), CO (14.7 ppm), M?c kh? gas: An to?n",Auto,OFF,OFF,OFF,OFF,
8/11/2025,13:47:08,30.565,79.314,15.38354,26.40821,17.97711,13.49064,20.92018,0.54871,An toan,An toan,"Nhi?t ?? 30.6?C, ?? ?m 79.3%, Kh? CO th?p (13.5 ppm), M?c ch?y: An to?n","Kh? CH4 (26.4 ppm), LPG (18.0 ppm), CO (13.5 ppm), M?c kh? gas: An to?n",Auto,OFF,OFF,OFF,OFF,
8/11/2025,13:47:59,29.195,79.338,14.60154,24.86609,17.22962,14.08821,28.78439,0.26693,An toan,An toan,"Nhi?t ?? 29.2?C, ?? ?m 79.3%, Kh? CO th?p (14.1 ppm), M?c ch?y: An to?n","Kh? CH4 (24.9 ppm), LPG (17.2 ppm), CO (14.1 ppm), M?c kh? gas: An to?n",Auto,OFF,OFF,OFF,OFF,
8/11/2025,13:51:22,29.939,77.098,14.85063,24.76886,19.22636,13.05346,27.17162,0.4359,An toan,An toan,"Nhi?t ?? 29.9?C, ?? ?m 77.1%, Kh? CO th?p (13.1 ppm), M?c ch?y: An to?n","Kh? CH4 (24.8 ppm), LPG (19.2 ppm), CO (13.1 ppm), M?c kh? gas: An to?n",Auto,OFF,OFF,OFF,OFF,
8/11/2025,13:52:18,30.794,78.45,14.72671,26.97109,18.55541,13.78599,28.17241,0.78591,An toan,An toan,"Nhi?t ?? 30.8?C, ?? ?m 78.5%, Kh? CO th?p (13.8 ppm), M?c ch?y: An to?n","Kh? CH4 (27.0 ppm), LPG (18.6 ppm), CO (13.8 ppm), M?c kh? gas: An to?n",Auto,OFF,OFF,OFF,OFF,
8/11/2025,14:07:03,29.656,77.61,15.37367,26.25359,17.51664,13.4555,15.78054,0.25368,An toan,An toan,"Nhi?t ?? 29.7?C, ?? ?m 77.6%, Kh? CO th?p (13.5 ppm), M?c ch?y: An to?n","Kh? CH4 (26.3 ppm), LPG (17.5 ppm), CO (13.5 ppm), M?c kh? gas: An to?n",Auto,OFF,OFF,OFF,OFF,
8/11/2025,14:09:30,29.934,72.006,14.34095,25.8588,17.79429,14.3369,24.40263,0.30849,An toan,An toan,"Nhi?t ?? 29.9?C, ?? ?m 72.0%, Kh? CO th?p (14.3 ppm), M?c ch?y: An to?n","Kh? CH4 (25.9 ppm), LPG (17.8 ppm), CO (14.3 ppm), M?c kh? gas: An to?n",Auto,OFF,OFF,OFF,OFF,
8/11/2025,14:11:35,30.821,78.092,14.64178,24.35336,19.78282,14.63765,17.64286,0.79382,An toan,An toan,"Nhi?t ?? 30.8?C, ?? ?m 78.1%, Kh? CO th?p (14.6 ppm), M?c ch?y: An to?n","Kh? CH4 (24.4 ppm), LPG (19.8 ppm), CO (14.6 ppm), M?c kh? gas: An to?n",Auto,OFF,OFF,OFF,OFF,
8/11/2025,14:18:57,30.182,71.473,15.8574,24.19964,17.38797,14.24792,27.78413,0.56461,An toan,An toan,"Nhi?t ?? 30.2?C, ?? ?m 71.5%, Kh? CO th?p (14.2 ppm), M?c ch?y: An to?n","Kh? CH4 (24.2 ppm), LPG (17.4 ppm), CO (14.2 ppm), M?c kh? gas: An to?n",Auto,OFF,OFF,OFF,OFF,
8/11/2025,14:26:19,29.577,71.677,15.68674,26.37159,19.62273,14.52464,29.21888,0.10937,An toan,An toan,"Nhi?t ?? 29.6?C, ?? ?m 71.7%, Kh? CO th?p (14.5 ppm), M?c ch?y: An to?n","Kh? CH4 (26.4 ppm), LPG (19.6 ppm), CO (14.5 ppm), M?c kh? gas: An to?n",Auto,OFF,OFF,OFF,OFF,
8/11/2025,14:28:01,29.189,78.389,15.26923,25.10656,18.28081,14.66313,27.34206,0.57809,An toan,An toan,"Nhi?t ?? 29.2?C, ?? ?m 78.4%, Kh? CO th?p (14.7 ppm), M?c ch?y: An to?n","Kh? CH4 (25.1 ppm), LPG (18.3 ppm), CO (14.7 ppm), M?c kh? gas: An to?n",Auto,OFF,OFF,OFF,OFF,
8/11/2025,14:29:01,30.302,69.479,15.21896,25.0766,17.14398,13.29508,27.81695,0.20328,An toan,An toan,"Nhi?t ?? 30.3?C, ?? ?m 69.5%, Kh? CO th?p (13.3 ppm), M?c ch?y: An to?n","Kh? CH4 (25.1 ppm), LPG (17.1 ppm), CO (13.3 ppm), M?c kh? gas: An to?n",Auto,OFF,OFF,OFF,OFF,
8/11/2025,14:30:05,29.451,76.315,14.84008,25.75292,18.96372,14.75735,14.25627,0.4418,An toan,An toan,"Nhi?t ?? 29.5?C, ?? ?m 76.3%, Kh? CO th?p (14.8 ppm), M?c ch?y: An to?n","Kh? CH4 (25.8 ppm), LPG (19.0 ppm), CO (14.8 ppm), M?c kh? gas: An to?n",Auto,OFF,OFF,OFF,OFF,
8/11/2025,14:30:28,29.706,70.821,15.60947,25.34533,17.08211,14.12292,26.26061,0.68054,An toan,An toan,"Nhi?t ?? 29.7?C, ?? ?m 70.8%, Kh? CO th?p (14.1 ppm), M?c ch?y: An to?n","Kh? CH4 (25.3 ppm), LPG (17.1 ppm), CO (14.1 ppm), M?c kh? gas: An to?n",Auto,OFF,OFF,OFF,OFF,
8/11/2025,14:31:04,29.893,77.947,15.80195,26.85725,18.41653,14.12623,25.36909,0.27162,An toan,An toan,"Nhi?t ?? 29.9?C, ?? ?m 77.9%, Kh? CO th?p (14.1 ppm), M?c ch?y: An to?n","Kh? CH4 (26.9 ppm), LPG (18.4 ppm), CO (14.1 ppm), M?c kh? gas: An to?n",Auto,OFF,OFF,OFF,OFF,
8/11/2025,14:32:25,29.984,79.373,15.6465,24.29094,19.12119,13.08952,22.01284,0.52997,An toan,An toan,"Nhi?t ?? 30.0?C, ?? ?m 79.4%, Kh? CO th?p (13.1 ppm), M?c ch?y: An to?n","Kh? CH4 (24.3 ppm), LPG (19.1 ppm), CO (13.1 ppm), M?c kh? gas: An to?n",Auto,OFF,OFF,OFF,OFF,
8/11/2025,14:32:59,29.127,69.646,14.2888,25.11245,19.08697,13.55972,19.01639,0.55456,An toan,An toan,"Nhi?t ?? 29.1?C, ?? ?m 69.6%, Kh? CO th?p (13.6 ppm), M?c ch?y: An to?n","Kh? CH4 (25.1 ppm), LPG (19.1 ppm), CO (13.6 ppm), M?c kh? gas: An to?n",Auto,OFF,OFF,OFF,OFF,
8/11/2025,14:33:17,29.636,78.325,15.41867,24.85,18.56193,14.19393,23.89852,0.56923,An toan,An toan,"Nhi?t ?? 29.6?C, ?? ?m 78.3%, Kh? CO th?p (14.2 ppm), M?c ch?y: An to?n","Kh? CH4 (24.8 ppm), LPG (18.6 ppm), CO (14.2 ppm), M?c kh? gas: An to?n",Auto,OFF,OFF,OFF,OFF,
8/11/2025,14:35:41,30.315,74.399,14.74389,24.56321,17.13462,13.80751,13.54936,0.70815,An toan,An toan,"Nhi?t ?? 30.3?C, ?? ?m 74.4%, Kh? CO th?p (13.8 ppm), M?c ch?y: An to?n","Kh? CH4 (24.6 ppm), LPG (17.1 ppm), CO (13.8 ppm), M?c kh? gas: An to?n",Auto,OFF,OFF,OFF,OFF,
8/11/2025,14:35:45,29.737,71.801,14.65208,25.43592,17.38603,14.51963,17.73392,0.39012,An toan,An toan,"Nhi?t ?? 29.7?C, ?? ?m 71.8%, Kh? CO th?p (14.5 ppm), M?c ch?y: An to?n","Kh? CH4 (25.4 ppm), LPG (17.4 ppm), CO (14.5 ppm), M?c kh? gas: An to?n",Auto,OFF,OFF,OFF,OFF,
8/11/2025,14:36:53,30.723,77.097,14.29695,25.20516,18.83321,13.50116,22.54234,0.178,An toan,An toan,"Nhi?t ?? 30.7?C, ?? ?m 77.1%, Kh? CO th?p (13.5 ppm), M?c ch?y: An to?n","Kh? CH4 (25.2 ppm), LPG (18.8 ppm), CO (13.5 ppm), M?c kh? gas: An to?n",Auto,OFF,OFF,OFF,OFF,
8/11/2025,14:37:23,30.841,76.002,14.13249,26.28759,17.7252,14.13705,16.84018,0.62901,An toan,An toan,"Nhi?t ?? 30.8?C, ?? ?m 76.0%, Kh? CO th?p (14.1 ppm), M?c ch?y: An to?n","Kh? CH4 (26.3 ppm), LPG (17.7 ppm), CO (14.1 ppm), M?c kh? gas: An to?n",Auto,OFF,OFF,OFF,OFF,
8/11/2025,14:37:45,30.471,70.035,14.25118,26.21954,19.13437,14.5863,19.74798,0.54307,An toan,An toan,"Nhi?t ?? 30.5?C, ?? ?m 70.0%, Kh? CO th?p (14.6 ppm), M?c ch?y: An to?n","Kh? CH4 (26.2 ppm), LPG (19.1 ppm), CO (14.6 ppm), M?c kh? gas: An to?n",Auto,OFF,OFF,OFF,OFF,
8/11/2025,14:44:04,30.694,79.495,14.50275,26.44202,19.97806,14.18517,26.79527,0.30899,An toan,An toan,"Nhi?t ?? 30.7?C, ?? ?m 79.5%, Kh? CO th?p (14.2 ppm), M?c ch?y: An to?n","Kh? CH4 (26.4 ppm), LPG (20.0 ppm), CO (14.2 ppm), M?c kh? gas: An to?n",Auto,OFF,OFF,OFF,OFF,
8/11/2025,14:51:23,29.363,74.803,15.69558,25.13542,19.45282,14.68624,29.25682,0.1955,An toan,An toan,"Nhi?t ?? 29.4?C, ?? ?m 74.8%, Kh? CO th?p (14.7 ppm), M?c ch?y: An to?n","Kh? CH4 (25.1 ppm), LPG (19.5 ppm), CO (14.7 ppm), M?c kh? gas: An to?n",Auto,OFF,OFF,OFF,OFF,
8/11/2025,15:00:12,29.883,70.419,15.48334,24.56412,19.4958,14.83877,22.27607,0.90303,An toan,An toan,"Nhi?t ?? 29.9?C, ?? ?m 70.4%, Kh? CO th?p (14.8 ppm), M?c ch?y: An to?n","Kh? CH4 (24.6 ppm), LPG (19.5 ppm), CO (14.8 ppm), M?c kh? gas: An to?n",Auto,OFF,OFF,OFF,OFF,
8/11/2025,15:09:44,29.869,70.949,14.17309,24.40133,19.04062,13.62151,19.61152,0.642,An toan,An toan,"Nhi?t ?? 29.9?C, ?? ?m 70.9%, Kh? CO th?p (13.6 ppm), M?c ch?y: An to?n","Kh? CH4 (24.4 ppm), LPG (19.0 ppm), CO (13.6 ppm), M?c kh? gas: An to?n",Auto,OFF,OFF,OFF,OFF,
8/11/2025,15:12:27,29.676,76.017,14.62452,26.63705,17.29725,13.43163,10.74562,0.16706,An toan,An toan,"Nhi?t ?? 29.7?C, ?? ?m 76.0%, Kh? CO th?p (13.4 ppm), M?c ch?y: An to?n","Kh? CH4 (26.6 ppm), LPG (17.3 ppm), CO (13.4 ppm), M?c kh? gas: An to?n",Auto,OFF,OFF,OFF,OFF,
8/11/2025,15:14:25,29.435,71.108,15.38156,26.73827,18.2591,13.66273,24.29565,0.42849,An toan,An toan,"Nhi?t ?? 29.4?C, ?? ?m 71.1%, Kh? CO th?p (13.7 ppm), M?c ch?y: An to?n","Kh? CH4 (26.7 ppm), LPG (18.3 ppm), CO (13.7 ppm), M?c kh? gas: An to?n",Auto,OFF,OFF,OFF,OFF,
8/11/2025,15:25:28,30.632,69.959,15.70967,25.06537,19.80858,13.18613,15.96022,0.46912,An toan,An toan,"Nhi?t ?? 30.6?C, ?? ?m 70.0%, Kh? CO th?p (13.2 ppm), M?c ch?y: An to?n","Kh? CH4 (25.1 ppm), LPG (19.8 ppm), CO (13.2 ppm), M?c kh? gas: An to?n",Auto,OFF,OFF,OFF,OFF,
8/11/2025,15:25:45,29.287,74.525,14.16215,24.04636,19.09713,13.31022,17.13554,0.93536,An toan,An toan,"Nhi?t ?? 29.3?C, ?? ?m 74.5%, Kh? CO th?p (13.3 ppm), M?c ch?y: An to?n","Kh? CH4 (24.0 ppm), LPG (19.1 ppm), CO (13.3 ppm), M?c kh? gas: An to?n",Auto,OFF,OFF,OFF,OFF,
8/11/2025,15:29:38,29.13,71.048,14.18621,25.99693,18.7586,13.90488,10.65345,0.46763,An toan,An toan,"Nhi?t ?? 29.1?C, ?? ?m 71.0%, Kh? CO th?p (13.9 ppm), M?c ch?y: An to?n","Kh? CH4 (26.0 ppm), LPG (18.8 ppm), CO (13.9 ppm), M?c kh? gas: An to?n",Auto,OFF,OFF,OFF,OFF,
8/11/2025,15:32:40,30.099,79.464,15.98751,24.01895,17.14671,13.67385,17.50594,0.7073,An toan,An toan,"Nhi?t ?? 30.1?C, ?? ?m 79.5%, Kh? CO th?p (13.7 ppm), M?c ch?y: An to?n","Kh? CH4 (24.0 ppm), LPG (17.1 ppm), CO (13.7 ppm), M?c kh? gas: An to?n",Auto,OFF,OFF,OFF,OFF,
8/11/2025,15:36:47,29.452,74.757,14.19443,26.4331,17.47985,13.17374,14.13295,0.7472,An toan,An toan,"Nhi?t ?? 29.5?C, ?? ?m 74.8%, Kh? CO th?p (13.2 ppm), M?c ch?y: An to?n","Kh? CH4 (26.4 ppm), LPG (17.5 ppm), CO (13.2 ppm), M?c kh? gas: An to?n",Auto,OFF,OFF,OFF,OFF,
8/11/2025,15:37:19,29.028,70.515,15.55765,24.91824,19.01421,14.20943,21.48906,0.55631,An toan,An toan,"Nhi?t ?? 29.0?C, ?? ?m 70.5%, Kh? CO th?p (14.2 ppm), M?c ch?y: An to?n","Kh? CH4 (24.9 ppm), LPG (19.0 ppm), CO (14.2 ppm), M?c kh? gas: An to?n",Auto,OFF,OFF,OFF,OFF,
8/11/2025,15:41:39,29.609,70.439,14.05367,24.94103,19.18551,14.59927,20.14508,0.76318,An toan,An toan,"Nhi?t ?? 29.6?C, ?? ?m 70.4%, Kh? CO th?p (14.6 ppm), M?c ch?y: An to?n","Kh? CH4 (24.9 ppm), LPG (19.2 ppm), CO (14.6 ppm), M?c kh? gas: An to?n",Auto,OFF,OFF,OFF,OFF,
8/11/2025,15:43:26,29.067,76.442,15.50745,25.14171,18.75252,14.0699,24.96999,0.89667,An toan,An toan,"Nhi?t ?? 29.1?C, ?? ?m 76.4%, Kh? CO th?p (14.1 ppm), M?c ch?y: An to?n","Kh? CH4 (25.1 ppm), LPG (18.8 ppm), CO (14.1 ppm), M?c kh? gas: An to?n",Auto,OFF,OFF,OFF,OFF,
8/11/2025,15:43:50,30.177,76.824,14.79632,25.50419,18.3144,14.31815,17.02412,0.90317,An toan,An toan,"Nhi?t ?? 30.2?C, ?? ?m 76.8%, Kh? CO th?p (14.3 ppm), M?c ch?y: An to?n","Kh? CH4 (25.5 ppm), LPG (18.3 ppm), CO (14.3 ppm), M?c kh? gas: An to?n",Auto,OFF,OFF,OFF,OFF,
8/11/2025,15:45:04,29.061,77.689,14.45132,25.74726,17.17762,14.88852,19.4649,0.75005,An toan,An toan,"Nhi?t ?? 29.1?C, ?? ?m 77.7%, Kh? CO th?p (14.9 ppm), M?c ch?y: An to?n","Kh? CH4 (25.7 ppm), LPG (17.2 ppm), CO (14.9 ppm), M?c kh? gas: An to?n",Auto,OFF,OFF,OFF,OFF,
8/11/2025,15:45:20,30.238,69.824,14.02269,26.33693,19.71362,14.0234,29.16359,0.35729,An toan,An toan,"Nhi?t ?? 30.2?C, ?? ?m 69.8%, Kh? CO th?p (14.0 ppm), M?c ch?y: An to?n","Kh? CH4 (26.3 ppm), LPG (19.7 ppm), CO (14.0 ppm), M?c kh? gas: An to?n",Auto,OFF,OFF,OFF,OFF,
8/11/2025,15:48:07,29.888,77.495,15.29619,26.30559,17.69206,13.3217,19.54716,0.9351,An toan,An toan,"Nhi?t ?? 29.9?C, ?? ?m 77.5%, Kh? CO th?p (13.3 ppm), M?c ch?y: An to?n","Kh? CH4 (26.3 ppm), LPG (17.7 ppm), CO (13.3 ppm), M?c kh? gas: An to?n",Auto,OFF,OFF,OFF,OFF,
8/11/2025,15:48:52,29.445,76.555,14.059,25.69221,18.74197,14.91394,17.62434,0.49631,An toan,An toan,"Nhi?t ?? 29.4?C, ?? ?m 76.6%, Kh? CO th?p (14.9 ppm), M?c ch?y: An to?n","Kh? CH4 (25.7 ppm), LPG (18.7 ppm), CO (14.9 ppm), M?c kh? gas: An to?n",Auto,OFF,OFF,OFF,OFF,
8/11/2025,15:49:03,30.113,79.463,14.18707,24.56466,17.81641,14.05003,15.16856,0.17204,An toan,An toan,"Nhi?t ?? 30.1?C, ?? ?m 79.5%, Kh? CO th?p (14.1 ppm), M?c ch?y: An to?n","Kh? CH4 (24.6 ppm), LPG (17.8 ppm), CO (14.1 ppm), M?c kh? gas: An to?n",Auto,OFF,OFF,OFF,OFF,
8/11/2025,15:52:22,30.233,77.756,14.09295,24.09645,19.40478,14.15108,12.94952,0.59133,An toan,An toan,"Nhi?t ?? 30.2?C, ?? ?m 77.8%, Kh? CO th?p (14.2 ppm), M?c ch?y: An to?n","Kh? CH4 (24.1 ppm), LPG (19.4 ppm), CO (14.2 ppm), M?c kh? gas: An to?n",Auto,OFF,OFF,OFF,OFF,
8/11/2025,15:56:13,29.808,77.257,15.94387,25.16654,19.96051,13.70871,25.35435,0.26602,An toan,An toan,"Nhi?t ?? 29.8?C, ?? ?m 77.3%, Kh? CO th?p (13.7 ppm), M?c ch?y: An to?n","Kh? CH4 (25.2 ppm), LPG (20.0 ppm), CO (13.7 ppm), M?c kh? gas: An to?n",Auto,OFF,OFF,OFF,OFF,
8/11/2025,16:02:54,30.807,73.434,14.73006,25.16327,18.70886,13.65211,11.63774,0.70275,An toan,An toan,"Nhi?t ?? 30.8?C, ?? ?m 73.4%, Kh? CO th?p (13.7 ppm), M?c ch?y: An to?n","Kh? CH4 (25.2 ppm), LPG (18.7 ppm), CO (13.7 ppm), M?c kh? gas: An to?n",Auto,OFF,OFF,OFF,OFF,
8/11/2025,16:03:40,30.26,79.169,15.93903,25.40864,18.16644,13.35956,22.52015,0.1133,An toan,An toan,"Nhi?t ?? 30.3?C, ?? ?m 79.2%, Kh? CO th?p (13.4 ppm), M?c ch?y: An to?n","Kh? CH4 (25.4 ppm), LPG (18.2 ppm), CO (13.4 ppm), M?c kh? gas: An to?n",Auto,OFF,OFF,OFF,OFF,
8/11/2025,16:04:30,30.282,78.009,14.84551,24.09286,17.41413,13.13176,22.0878,0.93363,An toan,An toan,"Nhi?t ?? 30.3?C, ?? ?m 78.0%, Kh? CO th?p (13.1 ppm), M?c ch?y: An to?n","Kh? CH4 (24.1 ppm), LPG (17.4 ppm), CO (13.1 ppm), M?c kh? gas: An to?n",Auto,OFF,OFF,OFF,OFF,
8/11/2025,16:12:37,30.344,75.496,14.39403,25.42225,18.36964,13.07796,10.68137,0.18719,An toan,An toan,"Nhi?t ?? 30.3?C, ?? ?m 75.5%, Kh? CO th?p (13.1 ppm), M?c ch?y: An to?n","Kh? CH4 (25.4 ppm), LPG (18.4 ppm), CO (13.1 ppm), M?c kh? gas: An to?n",Auto,OFF,OFF,OFF,OFF,
8/11/2025,16:13:56,29.045,70.143,15.69486,25.48086,19.84381,13.59996,25.43781,0.80497,An toan,An toan,"Nhi?t ?? 29.0?C, ?? ?m 70.1%, Kh? CO th?p (13.6 ppm), M?c ch?y: An to?n","Kh? CH4 (25.5 ppm), LPG (19.8 ppm), CO (13.6 ppm), M?c kh? gas: An to?n",Auto,OFF,OFF,OFF,OFF,
8/11/2025,16:17:00,30.672,75.683,15.62946,26.83231,17.68854,14.73955,22.71546,0.933,An toan,An toan,"Nhi?t ?? 30.7?C, ?? ?m 75.7%, Kh? CO th?p (14.7 ppm), M?c ch?y: An to?n","Kh? CH4 (26.8 ppm), LPG (17.7 ppm), CO (14.7 ppm), M?c kh? gas: An to?n",Auto,OFF,OFF,OFF,OFF,
8/11/2025,16:18:31,30.978,74.958,15.87668,24.50752,18.95126,13.30093,14.30922,0.83502,An toan,An toan,"Nhi?t ?? 31.0?C, ?? ?m 75.0%, Kh? CO th?p (13.3 ppm), M?c ch?y: An to?n","Kh? CH4 (24.5 ppm), LPG (19.0 ppm), CO (13.3 ppm), M?c kh? gas: An to?n",Auto,OFF,OFF,OFF,OFF,
8/11/2025,16:21:23,29.382,76.933,14.77737,26.49949,17.053,13.54223,26.83895,0.46553,An toan,An toan,"Nhi?t ?? 29.4?C, ?? ?m 76.9%, Kh? CO th?p (13.5 ppm), M?c ch?y: An to?n","Kh? CH4 (26.5 ppm), LPG (17.1 ppm), CO (13.5 ppm), M?c kh? gas: An to?n",Auto,OFF,OFF,OFF,OFF,
8/11/2025,16:22:02,29.535,75.409,14.65337,26.90506,19.1128,14.04511,28.1795,0.76277,An toan,An toan,"Nhi?t ?? 29.5?C, ?? ?m 75.4%, Kh? CO th?p (14.0 ppm), M?c ch?y: An to?n","Kh? CH4 (26.9 ppm), LPG (19.1 ppm), CO (14.0 ppm), M?c kh? gas: An to?n",Auto,OFF,OFF,OFF,OFF,
8/11/2025,16:23:54,30.68,78.916,15.74059,24.91292,18.45425,14.73246,20.58419,0.5033,An toan,An toan,"Nhi?t ?? 30.7?C, ?? ?m 78.9%, Kh? CO th?p (14.7 ppm), M?c ch?y: An to?n","Kh? CH4 (24.9 ppm), LPG (18.5 ppm), CO (14.7 ppm), M?c kh? gas: An to?n",Auto,OFF,OFF,OFF,OFF,
8/11/2025,16:27:05,29.157,74.806,15.10886,25.27013,18.06854,13.55743,19.07555,0.47059,An toan,An toan,"Nhi?t ?? 29.2?C, ?? ?m 74.8%, Kh? CO th?p (13.6 ppm), M?c ch?y: An to?n","Kh? CH4 (25.3 ppm), LPG (18.1 ppm), CO (13.6 ppm), M?c kh? gas: An to?n",Auto,OFF,OFF,OFF,OFF,
8/11/2025,16:27:12,29.537,79.016,14.64777,25.75988,17.72748,13.13979,11.35737,0.83493,An toan,An toan,"Nhi?t ?? 29.5?C, ?? ?m 79.0%, Kh? CO th?p (13.1 ppm), M?c ch?y: An to?n","Kh? CH4 (25.8 ppm), LPG (17.7 ppm), CO (13.1 ppm), M?c kh? gas: An to?n",Auto,OFF,OFF,OFF,OFF,
8/11/2025,16:27:35,30.387,78.794,14.44736,26.49056,17.75706,14.97212,11.36736,0.73187,An toan,An toan,"Nhi?t ?? 30.4?C, ?? ?m 78.8%, Kh? CO th?p (15.0 ppm), M?c ch?y: An to?n","Kh? CH4 (26.5 ppm), LPG (17.8 ppm), CO (15.0 ppm), M?c kh? gas: An to?n",Auto,OFF,OFF,OFF,OFF,
8/11/2025,16:28:02,29.464,71.658,15.15723,24.31357,19.27552,13.51946,23.71923,0.2481,An toan,An toan,"Nhi?t ?? 29.5?C, ?? ?m 71.7%, Kh? CO th?p (13.5 ppm), M?c ch?y: An to?n","Kh? CH4 (24.3 ppm), LPG (19.3 ppm), CO (13.5 ppm), M?c kh? gas: An to?n",Auto,OFF,OFF,OFF,OFF,
8/11/2025,16:28:34,29.287,70.695,14.65705,24.35188,19.79249,13.08296,19.51785,0.81352,An toan,An toan,"Nhi?t ?? 29.3?C, ?? ?m 70.7%, Kh? CO th?p (13.1 ppm), M?c ch?y: An to?n","Kh? CH4 (24.4 ppm), LPG (19.8 ppm), CO (13.1 ppm), M?c kh? gas: An to?n",Auto,OFF,OFF,OFF,OFF,
8/11/2025,16:31:39,30.937,73.436,14.05275,26.23906,19.34247,13.30158,19.21602,0.72493,An toan,An toan,"Nhi?t ?? 30.9?C, ?? ?m 73.4%, Kh? CO th?p (13.3 ppm), M?c ch?y: An to?n","Kh? CH4 (26.2 ppm), LPG (19.3 ppm), CO (13.3 ppm), M?c kh? gas: An to?n",Auto,OFF,OFF,OFF,OFF,
8/11/2025,16:37:18,29.584,76.443,15.21813,24.79379,18.13561,13.44904,13.92104,0.50219,An toan,An toan,"Nhi?t ?? 29.6?C, ?? ?m 76.4%, Kh? CO th?p (13.4 ppm), M?c ch?y: An to?n","Kh? CH4 (24.8 ppm), LPG (18.1 ppm), CO (13.4 ppm), M?c kh? gas: An to?n",Auto,OFF,OFF,OFF,OFF,
8/11/2025,16:38:11,30.389,76.813,14.51403,26.70338,17.51515,14.38225,13.75109,0.18913,An toan,An toan,"Nhi?t ?? 30.4?C, ?? ?m 76.8%, Kh? CO th?p (14.4 ppm), M?c ch?y: An to?n","Kh? CH4 (26.7 ppm), LPG (17.5 ppm), CO (14.4 ppm), M?c kh? gas: An to?n",Auto,OFF,OFF,OFF,OFF,
8/11/2025,16:46:12,29.629,78.651,15.68533,26.62339,17.16604,13.50432,21.57238,0.94906,An toan,An toan,"Nhi?t ?? 29.6?C, ?? ?m 78.7%, Kh? CO th?p (13.5 ppm), M?c ch?y: An to?n","Kh? CH4 (26.6 ppm), LPG (17.2 ppm), CO (13.5 ppm), M?c kh? gas: An to?n",Auto,OFF,OFF,OFF,OFF,
8/11/2025,16:50:49,29.562,77.259,14.11043,25.92591,19.24585,13.68158,29.16484,0.39825,An toan,An toan,"Nhi?t ?? 29.6?C, ?? ?m 77.3%, Kh? CO th?p (13.7 ppm), M?c ch?y: An to?n","Kh? CH4 (25.9 ppm), LPG (19.2 ppm), CO (13.7 ppm), M?c kh? gas: An to?n",Auto,OFF,OFF,OFF,OFF,
8/11/2025,17:01:16,30.914,78.175,14.50082,24.53072,18.08757,13.10587,11.80209,0.11819,An toan,An toan,"Nhi?t ?? 30.9?C, ?? ?m 78.2%, Kh? CO th?p (13.1 ppm), M?c ch?y: An to?n","Kh? CH4 (24.5 ppm), LPG (18.1 ppm), CO (13.1 ppm), M?c kh? gas: An to?n",Auto,OFF,OFF,OFF,OFF,
8/11/2025,17:08:23,30.219,71.333,15.06324,26.81605,17.92027,13.27091,24.13871,0.9346,An toan,An toan,"Nhi?t ?? 30.2?C, ?? ?m 71.3%, Kh? CO th?p (13.3 ppm), M?c ch?y: An to?n","Kh? CH4 (26.8 ppm), LPG (17.9 ppm), CO (13.3 ppm), M?c kh? gas: An to?n",Auto,OFF,OFF,OFF,OFF,
8/11/2025,17:10:22,30.84,75.123,14.40001,26.65044,18.75544,13.74218,18.23897,0.33246,An toan,An toan,"Nhi?t ?? 30.8?C, ?? ?m 75.1%, Kh? CO th?p (13.7 ppm), M?c ch?y: An to?n","Kh? CH4 (26.7 ppm), LPG (18.8 ppm), CO (13.7 ppm), M?c kh? gas: An to?n",Auto,OFF,OFF,OFF,OFF,
8/11/2025,17:10:37,29.513,77.41,14.44428,24.531,18.79044,14.67973,28.7804,0.93803,An toan,An toan,"Nhi?t ?? 29.5?C, ?? ?m 77.4%, Kh? CO th?p (14.7 ppm), M?c ch?y: An to?n","Kh? CH4 (24.5 ppm), LPG (18.8 ppm), CO (14.7 ppm), M?c kh? gas: An to?n",Auto,OFF,OFF,OFF,OFF,
8/11/2025,17:15:27,29.244,78.97,14.03261,25.14808,17.54536,13.89198,11.87698,0.36281,An toan,An toan,"Nhi?t ?? 29.2?C, ?? ?m 79.0%, Kh? CO th?p (13.9 ppm), M?c ch?y: An to?n","Kh? CH4 (25.1 ppm), LPG (17.5 ppm), CO (13.9 ppm), M?c kh? gas: An to?n",Auto,OFF,OFF,OFF,OFF,
8/11/2025,17:16:43,30.444,73.344,14.94626,26.62207,19.49702,13.27915,12.75702,0.40443,An toan,An toan,"Nhi?t ?? 30.4?C, ?? ?m 73.3%, Kh? CO th?p (13.3 ppm), M?c ch?y: An to?n","Kh? CH4 (26.6 ppm), LPG (19.5 ppm), CO (13.3 ppm), M?c kh? gas: An to?n",Auto,OFF,OFF,OFF,OFF,
8/11/2025,17:19:04,29.007,78.742,15.58027,26.57855,17.16151,14.40119,25.37484,0.98016,An toan,An toan,"Nhi?t ?? 29.0?C, ?? ?m 78.7%, Kh? CO th?p (14.4 ppm), M?c ch?y: An to?n","Kh? CH4 (26.6 ppm), LPG (17.2 ppm), CO (14.4 ppm), M?c kh? gas: An to?n",Auto,OFF,OFF,OFF,OFF,
8/11/2025,17:20:26,30.255,69.347,14.05314,25.5027,17.62459,13.43481,17.03158,0.1261,An toan,An toan,"Nhi?t ?? 30.3?C, ?? ?m 69.3%, Kh? CO th?p (13.4 ppm), M?c ch?y: An to?n","Kh? CH4 (25.5 ppm), LPG (17.6 ppm), CO (13.4 ppm), M?c kh? gas: An to?n",Auto,OFF,OFF,OFF,OFF,
8/11/2025,17:22:32,29.741,70.905,15.3635,24.83568,19.08984,13.48484,29.03187,0.88875,An toan,An toan,"Nhi?t ?? 29.7?C, ?? ?m 70.9%, Kh? CO th?p (13.5 ppm), M?c ch?y: An to?n","Kh? CH4 (24.8 ppm), LPG (19.1 ppm), CO (13.5 ppm), M?c kh? gas: An to?n",Auto,OFF,OFF,OFF,OFF,
8/11/2025,17:33:06,30.804,78.399,15.80266,24.44224,18.27952,14.47084,28.17376,0.73057,An toan,An toan,"Nhi?t ?? 30.8?C, ?? ?m 78.4%, Kh? CO th?p (14.5 ppm), M?c ch?y: An to?n","Kh? CH4 (24.4 ppm), LPG (18.3 ppm), CO (14.5 ppm), M?c kh? gas: An to?n",Auto,OFF,OFF,OFF,OFF,
8/11/2025,17:34:15,30.766,72.516,14.94875,25.83035,19.91096,14.13913,12.92732,0.46048,An toan,An toan,"Nhi?t ?? 30.8?C, ?? ?m 72.5%, Kh? CO th?p (14.1 ppm), M?c ch?y: An to?n","Kh? CH4 (25.8 ppm), LPG (19.9 ppm), CO (14.1 ppm), M?c kh? gas: An to?n",Auto,OFF,OFF,OFF,OFF,
8/11/2025,17:34:26,30.368,73.793,14.20817,25.77021,18.26152,14.11371,26.88905,0.51122,An toan,An toan,"Nhi?t ?? 30.4?C, ?? ?m 73.8%, Kh? CO th?p (14.1 ppm), M?c ch?y: An to?n","Kh? CH4 (25.8 ppm), LPG (18.3 ppm), CO (14.1 ppm), M?c kh? gas: An to?n",Auto,OFF,OFF,OFF,OFF,
8/11/2025,17:42:06,29.777,76.716,14.10778,25.69508,19.00964,14.5243,27.20302,0.68519,An toan,An toan,"Nhi?t ?? 29.8?C, ?? ?m 76.7%, Kh? CO th?p (14.5 ppm), M?c ch?y: An to?n","Kh? CH4 (25.7 ppm), LPG (19.0 ppm), CO (14.5 ppm), M?c kh? gas: An to?n",Auto,OFF,OFF,OFF,OFF,
8/11/2025,17:44:52,30.095,73.45,14.82167,25.84082,17.89837,14.15841,27.63808,0.76848,An toan,An toan,"Nhi?t ?? 30.1?C, ?? ?m 73.5%, Kh? CO th?p (14.2 ppm), M?c ch?y: An to?n","Kh? CH4 (25.8 ppm), LPG (17.9 ppm), CO (14.2 ppm), M?c kh? gas: An to?n",Auto,OFF,OFF,OFF,OFF,
8/11/2025,17:48:05,30.218,73.361,15.3844,25.20885,17.61871,14.01235,20.02556,0.31019,An toan,An toan,"Nhi?t ?? 30.2?C, ?? ?m 73.4%, Kh? CO th?p (14.0 ppm), M?c ch?y: An to?n","Kh? CH4 (25.2 ppm), LPG (17.6 ppm), CO (14.0 ppm), M?c kh? gas: An to?n",Auto,OFF,OFF,OFF,OFF,
8/11/2025,17:49:31,29.293,76.821,14.23343,26.77594,17.04489,14.10529,15.00151,0.32273,An toan,An toan,"Nhi?t ?? 29.3?C, ?? ?m 76.8%, Kh? CO th?p (14.1 ppm), M?c ch?y: An to?n","Kh? CH4 (26.8 ppm), LPG (17.0 ppm), CO (14.1 ppm), M?c kh? gas: An to?n",Auto,OFF,OFF,OFF,OFF,
8/11/2025,17:50:11,29.939,74.523,15.38406,26.52718,17.0111,13.69209,14.01037,0.78948,An toan,An toan,"Nhi?t ?? 29.9?C, ?? ?m 74.5%, Kh? CO th?p (13.7 ppm), M?c ch?y: An to?n","Kh? CH4 (26.5 ppm), LPG (17.0 ppm), CO (13.7 ppm), M?c kh? gas: An to?n",Auto,OFF,OFF,OFF,OFF,
8/11/2025,17:50:47,30.904,76.978,14.44709,24.73746,17.04133,13.65554,25.55619,0.6501,An toan,An toan,"Nhi?t ?? 30.9?C, ?? ?m 77.0%, Kh? CO th?p (13.7 ppm), M?c ch?y: An to?n","Kh? CH4 (24.7 ppm), LPG (17.0 ppm), CO (13.7 ppm), M?c kh? gas: An to?n",Auto,OFF,OFF,OFF,OFF,
8/11/2025,17:53:31,30.697,75.735,15.49685,26.25671,17.65504,13.25061,10.25898,0.81457,An toan,An toan,"Nhi?t ?? 30.7?C, ?? ?m 75.7%, Kh? CO th?p (13.3 ppm), M?c ch?y: An to?n","Kh? CH4 (26.3 ppm), LPG (17.7 ppm), CO (13.3 ppm), M?c kh? gas: An to?n",Auto,OFF,OFF,OFF,OFF,
8/11/2025,17:55:29,29.049,71.584,15.57208,24.14593,17.8542,13.30879,27.3904,0.24337,An toan,An toan,"Nhi?t ?? 29.0?C, ?? ?m 71.6%, Kh? CO th?p (13.3 ppm), M?c ch?y: An to?n","Kh? CH4 (24.1 ppm), LPG (17.9 ppm), CO (13.3 ppm), M?c kh? gas: An to?n",Auto,OFF,OFF,OFF,OFF,
8/11/2025,18:06:20,29.147,78.901,15.26166,24.69275,18.84269,13.88229,25.93751,0.36586,An toan,An toan,"Nhi?t ?? 29.1?C, ?? ?m 78.9%, Kh? CO th?p (13.9 ppm), M?c ch?y: An to?n","Kh? CH4 (24.7 ppm), LPG (18.8 ppm), CO (13.9 ppm), M?c kh? gas: An to?n",Auto,OFF,OFF,OFF,OFF,
8/11/2025,18:09:11,29.312,76.493,15.88699,26.22663,19.20846,14.27796,27.26595,0.43585,An toan,An toan,"Nhi?t ?? 29.3?C, ?? ?m 76.5%, Kh? CO th?p (14.3 ppm), M?c ch?y: An to?n","Kh? CH4 (26.2 ppm), LPG (19.2 ppm), CO (14.3 ppm), M?c kh? gas: An to?n",Auto,OFF,OFF,OFF,OFF,
8/11/2025,18:12:33,29.37,70.627,14.4081,26.3301,19.13892,14.49167,19.14238,0.81151,An toan,An toan,"Nhi?t ?? 29.4?C, ?? ?m 70.6%, Kh? CO th?p (14.5 ppm), M?c ch?y: An to?n","Kh? CH4 (26.3 ppm), LPG (19.1 ppm), CO (14.5 ppm), M?c kh? gas: An to?n",Auto,OFF,OFF,OFF,OFF,
8/11/2025,18:14:56,30.443,76.877,14.17231,24.3702,18.61547,13.78353,20.55753,0.36452,An toan,An toan,"Nhi?t ?? 30.4?C, ?? ?m 76.9%, Kh? CO th?p (13.8 ppm), M?c ch?y: An to?n","Kh? CH4 (24.4 ppm), LPG (18.6 ppm), CO (13.8 ppm), M?c kh? gas: An to?n",Auto,OFF,OFF,OFF,OFF,
8/11/2025,18:15:44,29.245,79.841,15.55653,25.8109,18.75003,14.91127,26.3857,0.72699,An toan,An toan,"Nhi?t ?? 29.2?C, ?? ?m 79.8%, Kh? CO th?p (14.9 ppm), M?c ch?y: An to?n","Kh? CH4 (25.8 ppm), LPG (18.8 ppm), CO (14.9 ppm), M?c kh? gas: An to?n",Auto,OFF,OFF,OFF,OFF,
8/11/2025,18:16:41,30.006,69.55,14.86141,26.29081,18.11047,14.34904,18.52625,0.64376,An toan,An toan,"Nhi?t ?? 30.0?C, ?? ?m 69.5%, Kh? CO th?p (14.3 ppm), M?c ch?y: An to?n","Kh? CH4 (26.3 ppm), LPG (18.1 ppm), CO (14.3 ppm), M?c kh? gas: An to?n",Auto,OFF,OFF,OFF,OFF,
8/11/2025,18:20:14,30.395,74.533,15.07152,26.59401,18.18556,13.53222,29.58418,0.65658,An toan,An toan,"Nhi?t ?? 30.4?C, ?? ?m 74.5%, Kh? CO th?p (13.5 ppm), M?c ch?y: An to?n","Kh? CH4 (26.6 ppm), LPG (18.2 ppm), CO (13.5 ppm), M?c kh? gas: An to?n",Auto,OFF,OFF,OFF,OFF,
8/11/2025,18:22:25,29.629,69.662,14.54916,24.48784,17.17057,14.70126,20.23181,0.10412,An toan,An toan,"Nhi?t ?? 29.6?C, ?? ?m 69.7%, Kh? CO th?p (14.7 ppm), M?c ch?y: An to?n","Kh? CH4 (24.5 ppm), LPG (17.2 ppm), CO (14.7 ppm), M?c kh? gas: An to?n",Auto,OFF,OFF,OFF,OFF,
8/11/2025,18:29:07,29.919,76.668,14.67576,26.11648,17.99396,14.38828,27.31171,0.61128,An toan,An toan,"Nhi?t ?? 29.9?C, ?? ?m 76.7%, Kh? CO th?p (14.4 ppm), M?c ch?y: An to?n","Kh? CH4 (26.1 ppm), LPG (18.0 ppm), CO (14.4 ppm), M?c kh? gas: An to?n",Auto,OFF,OFF,OFF,OFF,
8/11/2025,18:29:07,29.976,71.961,14.4208,26.23007,17.11224,13.61108,25.41214,0.67371,An toan,An toan,"Nhi?t ?? 30.0?C, ?? ?m 72.0%, Kh? CO th?p (13.6 ppm), M?c ch?y: An to?n","Kh? CH4 (26.2 ppm), LPG (17.1 ppm), CO (13.6 ppm), M?c kh? gas: An to?n",Auto,OFF,OFF,OFF,OFF,
8/11/2025,18:34:02,29.403,71.84,15.15074,24.39364,17.31794,14.82208,18.82746,0.85015,An toan,An toan,"Nhi?t ?? 29.4?C, ?? ?m 71.8%, Kh? CO th?p (14.8 ppm), M?c ch?y: An to?n","Kh? CH4 (24.4 ppm), LPG (17.3 ppm), CO (14.8 ppm), M?c kh? gas: An to?n",Auto,OFF,OFF,OFF,OFF,
8/11/2025,18:36:26,29.174,77.576,14.49717,26.26606,17.67404,13.59179,10.40171,0.74835,An toan,An toan,"Nhi?t ?? 29.2?C, ?? ?m 77.6%, Kh? CO th?p (13.6 ppm), M?c ch?y: An to?n","Kh? CH4 (26.3 ppm), LPG (17.7 ppm), CO (13.6 ppm), M?c kh? gas: An to?n",Auto,OFF,OFF,OFF,OFF,
8/11/2025,18:37:11,30.484,73.747,15.25582,25.89039,18.13717,13.80887,14.07306,0.90292,An toan,An toan,"Nhi?t ?? 30.5?C, ?? ?m 73.7%, Kh? CO th?p (13.8 ppm), M?c ch?y: An to?n","Kh? CH4 (25.9 ppm), LPG (18.1 ppm), CO (13.8 ppm), M?c kh? gas: An to?n",Auto,OFF,OFF,OFF,OFF,
8/11/2025,18:39:03,30.414,73.222,14.84384,25.9606,17.89971,14.24646,22.18289,0.69954,An toan,An toan,"Nhi?t ?? 30.4?C, ?? ?m 73.2%, Kh? CO th?p (14.2 ppm), M?c ch?y: An to?n","Kh? CH4 (26.0 ppm), LPG (17.9 ppm), CO (14.2 ppm), M?c kh? gas: An to?n",Auto,OFF,OFF,OFF,OFF,
8/11/2025,18:41:41,30.066,73.386,14.50599,26.47992,17.13797,14.48987,28.01822,0.91327,An toan,An toan,"Nhi?t ?? 30.1?C, ?? ?m 73.4%, Kh? CO th?p (14.5 ppm), M?c ch?y: An to?n","Kh? CH4 (26.5 ppm), LPG (17.1 ppm), CO (14.5 ppm), M?c kh? gas: An to?n",Auto,OFF,OFF,OFF,OFF,
8/11/2025,18:41:44,29.37,71.769,14.76628,24.30095,19.66271,14.78842,10.41782,0.39973,An toan,An toan,"Nhi?t ?? 29.4?C, ?? ?m 71.8%, Kh? CO th?p (14.8 ppm), M?c ch?y: An to?n","Kh? CH4 (24.3 ppm), LPG (19.7 ppm), CO (14.8 ppm), M?c kh? gas: An to?n",Auto,OFF,OFF,OFF,OFF,
8/11/2025,18:41:52,30.838,71.587,14.40121,25.06949,17.99431,13.41662,24.42217,0.35311,An toan,An toan,"Nhi?t ?? 30.8?C, ?? ?m 71.6%, Kh? CO th?p (13.4 ppm), M?c ch?y: An to?n","Kh? CH4 (25.1 ppm), LPG (18.0 ppm), CO (13.4 ppm), M?c kh? gas: An to?n",Auto,OFF,OFF,OFF,OFF,
8/11/2025,18:51:40,29.542,79.506,14.34749,25.41173,19.30424,13.80629,18.26386,0.383,An toan,An toan,"Nhi?t ?? 29.5?C, ?? ?m 79.5%, Kh? CO th?p (13.8 ppm), M?c ch?y: An to?n","Kh? CH4 (25.4 ppm), LPG (19.3 ppm), CO (13.8 ppm), M?c kh? gas: An to?n",Auto,OFF,OFF,OFF,OFF,
8/11/2025,18:53:34,29.058,78.632,14.57639,26.82101,18.70315,14.10661,17.23169,0.58562,An toan,An toan,"Nhi?t ?? 29.1?C, ?? ?m 78.6%, Kh? CO th?p (14.1 ppm), M?c ch?y: An to?n","Kh? CH4 (26.8 ppm), LPG (18.7 ppm), CO (14.1 ppm), M?c kh? gas: An to?n",Auto,OFF,OFF,OFF,OFF,
8/11/2025,18:53:37,29.457,77.284,14.43781,24.77928,18.33614,14.90584,27.70893,0.5724,An toan,An toan,"Nhi?t ?? 29.5?C, ?? ?m 77.3%, Kh? CO th?p (14.9 ppm), M?c ch?y: An to?n","Kh? CH4 (24.8 ppm), LPG (18.3 ppm), CO (14.9 ppm), M?c kh? gas: An to?n",Auto,OFF,OFF,OFF,OFF,
8/11/2025,19:00:51,29.234,72.736,14.32733,24.89438,18.23445,14.86061,27.01077,0.31738,An toan,An toan,"Nhi?t ?? 29.2?C, ?? ?m 72.7%, Kh? CO th?p (14.9 ppm), M?c ch?y: An to?n","Kh? CH4 (24.9 ppm), LPG (18.2 ppm), CO (14.9 ppm), M?c kh? gas: An to?n",Auto,OFF,OFF,OFF,OFF,
8/11/2025,19:04:05,30.034,69.326,14.31719,24.21554,19.94963,13.28241,26.10661,0.36924,An toan,An toan,"Nhi?t ?? 30.0?C, ?? ?m 69.3%, Kh? CO th?p (13.3 ppm), M?c ch?y: An to?n","Kh? CH4 (24.2 ppm), LPG (19.9 ppm), CO (13.3 ppm), M?c kh? gas: An to?n",Auto,OFF,OFF,OFF,OFF,
8/11/2025,19:06:32,30.186,69.431,14.02896,25.5705,17.81095,14.54518,27.4675,0.77308,An toan,An toan,"Nhi?t ?? 30.2?C, ?? ?m 69.4%, Kh? CO th?p (14.5 ppm), M?c ch?y: An to?n","Kh? CH4 (25.6 ppm), LPG (17.8 ppm), CO (14.5 ppm), M?c kh? gas: An to?n",Auto,OFF,OFF,OFF,OFF,
8/11/2025,19:09:33,30.922,70.61,14.5602,26.1218,19.2358,14.75726,23.10889,0.51647,An toan,An toan,"Nhi?t ?? 30.9?C, ?? ?m 70.6%, Kh? CO th?p (14.8 ppm), M?c ch?y: An to?n","Kh? CH4 (26.1 ppm), LPG (19.2 ppm), CO (14.8 ppm), M?c kh? gas: An to?n",Auto,OFF,OFF,OFF,OFF,
8/11/2025,19:17:13,30.672,79.749,15.05325,26.14273,17.93583,14.25147,27.74653,0.11694,An toan,An toan,"Nhi?t ?? 30.7?C, ?? ?m 79.7%, Kh? CO th?p (14.3 ppm), M?c ch?y: An to?n","Kh? CH4 (26.1 ppm), LPG (17.9 ppm), CO (14.3 ppm), M?c kh? gas: An to?n",Auto,OFF,OFF,OFF,OFF,
8/11/2025,19:18:17,30.412,74.929,15.61691,25.93287,18.11369,14.31508,27.98564,0.35807,An toan,An toan,"Nhi?t ?? 30.4?C, ?? ?m 74.9%, Kh? CO th?p (14.3 ppm), M?c ch?y: An to?n","Kh? CH4 (25.9 ppm), LPG (18.1 ppm), CO (14.3 ppm), M?c kh? gas: An to?n",Auto,OFF,OFF,OFF,OFF,
8/11/2025,19:18:51,29.897,71.358,14.74494,25.76031,19.20975,14.33357,19.25278,0.83897,An toan,An toan,"Nhi?t ?? 29.9?C, ?? ?m 71.4%, Kh? CO th?p (14.3 ppm), M?c ch?y: An to?n","Kh? CH4 (25.8 ppm), LPG (19.2 ppm), CO (14.3 ppm), M?c kh? gas: An to?n",Auto,OFF,OFF,OFF,OFF,
8/11/2025,19:21:51,29.982,74.041,14.88159,24.8618,18.92369,14.46568,18.00528,0.15597,An toan,An toan,"Nhi?t ?? 30.0?C, ?? ?m 74.0%, Kh? CO th?p (14.5 ppm), M?c ch?y: An to?n","Kh? CH4 (24.9 ppm), LPG (18.9 ppm), CO (14.5 ppm), M?c kh? gas: An to?n",Auto,OFF,OFF,OFF,OFF,
8/11/2025,19:25:59,29.235,77.491,14.49988,24.19918,18.97309,13.57804,15.90155,0.23277,An toan,An toan,"Nhi?t ?? 29.2?C, ?? ?m 77.5%, Kh? CO th?p (13.6 ppm), M?c ch?y: An to?n","Kh? CH4 (24.2 ppm), LPG (19.0 ppm), CO (13.6 ppm), M?c kh? gas: An to?n",Auto,OFF,OFF,OFF,OFF,
8/11/2025,19:27:41,30.305,79.653,15.36853,25.72172,19.46361,13.69213,14.01202,0.58777,An toan,An toan,"Nhi?t ?? 30.3?C, ?? ?m 79.7%, Kh? CO th?p (13.7 ppm), M?c ch?y: An to?n","Kh? CH4 (25.7 ppm), LPG (19.5 ppm), CO (13.7 ppm), M?c kh? gas: An to?n",Auto,OFF,OFF,OFF,OFF,
8/11/2025,19:29:08,29.751,79.542,15.22971,26.33767,17.23841,13.62895,28.40858,0.82292,An toan,An toan,"Nhi?t ?? 29.8?C, ?? ?m 79.5%, Kh? CO th?p (13.6 ppm), M?c ch?y: An to?n","Kh? CH4 (26.3 ppm), LPG (17.2 ppm), CO (13.6 ppm), M?c kh? gas: An to?n",Auto,OFF,OFF,OFF,OFF,
8/11/2025,19:34:42,29.619,75.342,14.26899,25.59636,17.98218,13.76939,28.65975,0.82431,An toan,An toan,"Nhi?t ?? 29.6?C, ?? ?m 75.3%, Kh? CO th?p (13.8 ppm), M?c ch?y: An to?n","Kh? CH4 (25.6 ppm), LPG (18.0 ppm), CO (13.8 ppm), M?c kh? gas: An to?n",Auto,OFF,OFF,OFF,OFF,
8/11/2025,19:35:41,30.186,74.824,15.54863,26.85724,19.89401,14.58592,13.73351,0.80478,An toan,An toan,"Nhi?t ?? 30.2?C, ?? ?m 74.8%, Kh? CO th?p (14.6 ppm), M?c ch?y: An to?n","Kh? CH4 (26.9 ppm), LPG (19.9 ppm), CO (14.6 ppm), M?c kh? gas: An to?n",Auto,OFF,OFF,OFF,OFF,
8/11/2025,19:36:32,29.171,73.239,15.17468,24.86823,19.95567,13.88621,15.41556,0.7551,An toan,An toan,"Nhi?t ?? 29.2?C, ?? ?m 73.2%, Kh? CO th?p (13.9 ppm), M?c ch?y: An to?n","Kh? CH4 (24.9 ppm), LPG (20.0 ppm), CO (13.9 ppm), M?c kh? gas: An to?n",Auto,OFF,OFF,OFF,OFF,
8/11/2025,19:41:30,30.731,71.153,14.08185,24.42567,18.04966,14.04617,12.2615,0.68518,An toan,An toan,"Nhi?t ?? 30.7?C, ?? ?m 71.2%, Kh? CO th?p (14.0 ppm), M?c ch?y: An to?n","Kh? CH4 (24.4 ppm), LPG (18.0 ppm), CO (14.0 ppm), M?c kh? gas: An to?n",Auto,OFF,OFF,OFF,OFF,
8/11/2025,19:48:50,30.546,72.567,15.71425,26.60141,17.52683,14.57458,13.11321,0.97952,An toan,An toan,"Nhi?t ?? 30.5?C, ?? ?m 72.6%, Kh? CO th?p (14.6 ppm), M?c ch?y: An to?n","Kh? CH4 (26.6 ppm), LPG (17.5 ppm), CO (14.6 ppm), M?c kh? gas: An to?n",Auto,OFF,OFF,OFF,OFF,
8/11/2025,19:50:08,29.124,77.091,15.76121,25.03162,17.38293,13.89311,25.54269,0.14251,An toan,An toan,"Nhi?t ?? 29.1?C, ?? ?m 77.1%, Kh? CO th?p (13.9 ppm), M?c ch?y: An to?n","Kh? CH4 (25.0 ppm), LPG (17.4 ppm), CO (13.9 ppm), M?c kh? gas: An to?n",Auto,OFF,OFF,OFF,OFF,
8/11/2025,19:51:16,29.627,77.5,14.40757,26.3214,18.03196,13.98418,25.89206,0.69006,An toan,An toan,"Nhi?t ?? 29.6?C, ?? ?m 77.5%, Kh? CO th?p (14.0 ppm), M?c ch?y: An to?n","Kh? CH4 (26.3 ppm), LPG (18.0 ppm), CO (14.0 ppm), M?c kh? gas: An to?n",Auto,OFF,OFF,OFF,OFF,
8/11/2025,19:56:14,29.515,79.733,15.0604,26.13826,19.02591,13.82236,17.25499,0.37206,An toan,An toan,"Nhi?t ?? 29.5?C, ?? ?m 79.7%, Kh? CO th?p (13.8 ppm), M?c ch?y: An to?n","Kh? CH4 (26.1 ppm), LPG (19.0 ppm), CO (13.8 ppm), M?c kh? gas: An to?n",Auto,OFF,OFF,OFF,OFF,
8/11/2025,19:58:31,30.46,75.602,14.82883,26.51769,19.65882,13.94546,13.76671,0.49824,An toan,An toan,"Nhi?t ?? 30.5?C, ?? ?m 75.6%, Kh? CO th?p (13.9 ppm), M?c ch?y: An to?n","Kh? CH4 (26.5 ppm), LPG (19.7 ppm), CO (13.9 ppm), M?c kh? gas: An to?n",Auto,OFF,OFF,OFF,OFF,
8/11/2025,20:00:34,30.629,72.007,15.78162,25.7615,19.34438,14.49838,24.14719,0.2224,An toan,An toan,"Nhi?t ?? 30.6?C, ?? ?m 72.0%, Kh? CO th?p (14.5 ppm), M?c ch?y: An to?n","Kh? CH4 (25.8 ppm), LPG (19.3 ppm), CO (14.5 ppm), M?c kh? gas: An to?n",Auto,OFF,OFF,OFF,OFF,
8/11/2025,20:01:08,29.317,70.421,14.09572,25.20575,19.56842,13.73289,24.82726,0.11605,An toan,An toan,"Nhi?t ?? 29.3?C, ?? ?m 70.4%, Kh? CO th?p (13.7 ppm), M?c ch?y: An to?n","Kh? CH4 (25.2 ppm), LPG (19.6 ppm), CO (13.7 ppm), M?c kh? gas: An to?n",Auto,OFF,OFF,OFF,OFF,
8/11/2025,20:03:21,30.53,75.232,15.71075,24.34352,19.26675,13.78939,15.23261,0.2114,An toan,An toan,"Nhi?t ?? 30.5?C, ?? ?m 75.2%, Kh? CO th?p (13.8 ppm), M?c ch?y: An to?n","Kh? CH4 (24.3 ppm), LPG (19.3 ppm), CO (13.8 ppm), M?c kh? gas: An to?n",Auto,OFF,OFF,OFF,OFF,
8/11/2025,20:05:47,29.759,73.904,14.67892,26.4412,18.72001,13.74347,14.40502,0.8724,An toan,An toan,"Nhi?t ?? 29.8?C, ?? ?m 73.9%, Kh? CO th?p (13.7 ppm), M?c ch?y: An to?n","Kh? CH4 (26.4 ppm), LPG (18.7 ppm), CO (13.7 ppm), M?c kh? gas: An to?n",Auto,OFF,OFF,OFF,OFF,
8/11/2025,20:06:42,29.023,70.143,15.85499,26.01476,18.90913,14.052,13.29667,0.93808,An toan,An toan,"Nhi?t ?? 29.0?C, ?? ?m 70.1%, Kh? CO th?p (14.1 ppm), M?c ch?y: An to?n","Kh? CH4 (26.0 ppm), LPG (18.9 ppm), CO (14.1 ppm), M?c kh? gas: An to?n",Auto,OFF,OFF,OFF,OFF,
8/11/2025,20:07:09,29.106,76.272,15.80982,24.8762,18.99413,14.55914,29.93243,0.70134,An toan,An toan,"Nhi?t ?? 29.1?C, ?? ?m 76.3%, Kh? CO th?p (14.6 ppm), M?c ch?y: An to?n","Kh? CH4 (24.9 ppm), LPG (19.0 ppm), CO (14.6 ppm), M?c kh? gas: An to?n",Auto,OFF,OFF,OFF,OFF,
8/11/2025,20:07:18,30.183,73.212,15.52044,24.58517,18.39641,13.46823,10.08866,0.97406,An toan,An toan,"Nhi?t ?? 30.2?C, ?? ?m 73.2%, Kh? CO th?p (13.5 ppm), M?c ch?y: An to?n","Kh? CH4 (24.6 ppm), LPG (18.4 ppm), CO (13.5 ppm), M?c kh? gas: An to?n",Auto,OFF,OFF,OFF,OFF,
8/11/2025,20:09:42,30.497,72.543,15.87889,25.42364,18.86403,13.9722,21.87765,0.93104,An toan,An toan,"Nhi?t ?? 30.5?C, ?? ?m 72.5%, Kh? CO th?p (14.0 ppm), M?c ch?y: An to?n","Kh? CH4 (25.4 ppm), LPG (18.9 ppm), CO (14.0 ppm), M?c kh? gas: An to?n",Auto,OFF,OFF,OFF,OFF,
8/11/2025,20:10:22,30.666,70.118,15.59818,26.50949,17.98899,14.31284,20.22734,0.53127,An toan,An toan,"Nhi?t ?? 30.7?C, ?? ?m 70.1%, Kh? CO th?p (14.3 ppm), M?c ch?y: An to?n","Kh? CH4 (26.5 ppm), LPG (18.0 ppm), CO (14.3 ppm), M?c kh? gas: An to?n",Auto,OFF,OFF,OFF,OFF,
8/11/2025,20:12:49,30.844,72.347,14.88836,25.6895,19.75036,14.52583,22.50863,0.25843,An toan,An toan,"Nhi?t ?? 30.8?C, ?? ?m 72.3%, Kh? CO th?p (14.5 ppm), M?c ch?y: An to?n","Kh? CH4 (25.7 ppm), LPG (19.8 ppm), CO (14.5 ppm), M?c kh? gas: An to?n",Auto,OFF,OFF,OFF,OFF,
8/11/2025,20:15:05,30.222,71.922,15.75283,24.60484,18.17775,13.02966,19.51417,0.40905,An toan,An toan,"Nhi?t ?? 30.2?C, ?? ?m 71.9%, Kh? CO th?p (13.0 ppm), M?c ch?y: An to?n","Kh? CH4 (24.6 ppm), LPG (18.2 ppm), CO (13.0 ppm), M?c kh? gas: An to?n",Auto,OFF,OFF,OFF,OFF,
8/11/2025,20:25:03,30.973,71.748,14.53497,25.79321,18.41957,13.56227,21.53395,0.72328,An toan,An toan,"Nhi?t ?? 31.0?C, ?? ?m 71.7%, Kh? CO th?p (13.6 ppm), M?c ch?y: An to?n","Kh? CH4 (25.8 ppm), LPG (18.4 ppm), CO (13.6 ppm), M?c kh? gas: An to?n",Auto,OFF,OFF,OFF,OFF,
8/11/2025,20:25:13,30.031,74.877,15.96474,26.97363,18.12546,13.8068,18.07098,0.55107,An toan,An toan,"Nhi?t ?? 30.0?C, ?? ?m 74.9%, Kh? CO th?p (13.8 ppm), M?c ch?y: An to?n","Kh? CH4 (27.0 ppm), LPG (18.1 ppm), CO (13.8 ppm), M?c kh? gas: An to?n",Auto,OFF,OFF,OFF,OFF,
8/11/2025,20:33:32,29.222,72.152,15.7844,24.79384,18.24815,13.65122,27.29681,0.62,An toan,An toan,"Nhi?t ?? 29.2?C, ?? ?m 72.2%, Kh? CO th?p (13.7 ppm), M?c ch?y: An to?n","Kh? CH4 (24.8 ppm), LPG (18.2 ppm), CO (13.7 ppm), M?c kh? gas: An to?n",Auto,OFF,OFF,OFF,OFF,
8/11/2025,20:41:05,30.177,72.844,15.72744,24.7745,19.60493,14.09326,17.55796,0.51279,An toan,An toan,"Nhi?t ?? 30.2?C, ?? ?m 72.8%, Kh? CO th?p (14.1 ppm), M?c ch?y: An to?n","Kh? CH4 (24.8 ppm), LPG (19.6 ppm), CO (14.1 ppm), M?c kh? gas: An to?n",Auto,OFF,OFF,OFF,OFF,
8/11/2025,20:44:39,29.909,70.822,15.90725,25.185,18.19165,14.16196,19.60564,0.37727,An toan,An toan,"Nhi?t ?? 29.9?C, ?? ?m 70.8%, Kh? CO th?p (14.2 ppm), M?c ch?y: An to?n","Kh? CH4 (25.2 ppm), LPG (18.2 ppm), CO (14.2 ppm), M?c kh? gas: An to?n",Auto,OFF,OFF,OFF,OFF,
8/11/2025,20:49:34,30.726,77.891,15.77448,24.43065,17.61635,13.92829,20.32504,0.35681,An toan,An toan,"Nhi?t ?? 30.7?C, ?? ?m 77.9%, Kh? CO th?p (13.9 ppm), M?c ch?y: An to?n","Kh? CH4 (24.4 ppm), LPG (17.6 ppm), CO (13.9 ppm), M?c kh? gas: An to?n",Auto,OFF,OFF,OFF,OFF,
8/11/2025,20:51:38,30.651,75.381,14.47247,24.50394,18.72691,14.30602,11.18459,0.69425,An toan,An toan,"Nhi?t ?? 30.7?C, ?? ?m 75.4%, Kh? CO th?p (14.3 ppm), M?c ch?y: An to?n","Kh? CH4 (24.5 ppm), LPG (18.7 ppm), CO (14.3 ppm), M?c kh? gas: An to?n",Auto,OFF,OFF,OFF,OFF,
8/11/2025,20:54:08,29.886,76.091,14.51841,26.60531,19.21911,14.70145,27.44652,0.37286,An toan,An toan,"Nhi?t ?? 29.9?C, ?? ?m 76.1%, Kh? CO th?p (14.7 ppm), M?c ch?y: An to?n","Kh? CH4 (26.6 ppm), LPG (19.2 ppm), CO (14.7 ppm), M?c kh? gas: An to?n",Auto,OFF,OFF,OFF,OFF,
8/11/2025,20:55:46,30.609,71.067,15.38157,25.57692,17.26494,14.78234,10.62654,0.85054,An toan,An toan,"Nhi?t ?? 30.6?C, ?? ?m 71.1%, Kh? CO th?p (14.8 ppm), M?c ch?y: An to?n","Kh? CH4 (25.6 ppm), LPG (17.3 ppm), CO (14.8 ppm), M?c kh? gas: An to?n",Auto,OFF,OFF,OFF,OFF,
8/11/2025,21:04:00,29.617,69.194,15.09674,26.4038,18.29193,13.6746,26.47847,0.979,An toan,An toan,"Nhi?t ?? 29.6?C, ?? ?m 69.2%, Kh? CO th?p (13.7 ppm), M?c ch?y: An to?n","Kh? CH4 (26.4 ppm), LPG (18.3 ppm), CO (13.7 ppm), M?c kh? gas: An to?n",Auto,OFF,OFF,OFF,OFF,
8/11/2025,21:07:20,30.512,76.718,14.28723,26.93494,18.27453,13.66761,17.5987,0.77605,An toan,An toan,"Nhi?t ?? 30.5?C, ?? ?m 76.7%, Kh? CO th?p (13.7 ppm), M?c ch?y: An to?n","Kh? CH4 (26.9 ppm), LPG (18.3 ppm), CO (13.7 ppm), M?c kh? gas: An to?n",Auto,OFF,OFF,OFF,OFF,
8/11/2025,21:09:40,29.328,78.723,15.86059,25.05632,19.55604,13.31538,23.12719,0.86843,An toan,An toan,"Nhi?t ?? 29.3?C, ?? ?m 78.7%, Kh? CO th?p (13.3 ppm), M?c ch?y: An to?n","Kh? CH4 (25.1 ppm), LPG (19.6 ppm), CO (13.3 ppm), M?c kh? gas: An to?n",Auto,OFF,OFF,OFF,OFF,
8/11/2025,21:10:31,30.269,79.795,15.32617,25.29107,17.31481,14.90944,19.2406,0.94147,An toan,An toan,"Nhi?t ?? 30.3?C, ?? ?m 79.8%, Kh? CO th?p (14.9 ppm), M?c ch?y: An to?n","Kh? CH4 (25.3 ppm), LPG (17.3 ppm), CO (14.9 ppm), M?c kh? gas: An to?n",Auto,OFF,OFF,OFF,OFF,
8/11/2025,21:18:15,29.748,70.558,15.62828,24.18234,17.6032,14.29691,27.77086,0.24088,An toan,An toan,"Nhi?t ?? 29.7?C, ?? ?m 70.6%, Kh? CO th?p (14.3 ppm), M?c ch?y: An to?n","Kh? CH4 (24.2 ppm), LPG (17.6 ppm), CO (14.3 ppm), M?c kh? gas: An to?n",Auto,OFF,OFF,OFF,OFF,
8/11/2025,21:22:19,29.84,76.913,15.39883,26.8818,19.83996,13.69164,14.99457,0.24558,An toan,An toan,"Nhi?t ?? 29.8?C, ?? ?m 76.9%, Kh? CO th?p (13.7 ppm), M?c ch?y: An to?n","Kh? CH4 (26.9 ppm), LPG (19.8 ppm), CO (13.7 ppm), M?c kh? gas: An to?n",Auto,OFF,OFF,OFF,OFF,
8/11/2025,21:22:49,30.13,75.529,15.93938,24.45566,19.53492,13.1592,24.82949,0.67085,An toan,An toan,"Nhi?t ?? 30.1?C, ?? ?m 75.5%, Kh? CO th?p (13.2 ppm), M?c ch?y: An to?n","Kh? CH4 (24.5 ppm), LPG (19.5 ppm), CO (13.2 ppm), M?c kh? gas: An to?n",Auto,OFF,OFF,OFF,OFF,
8/11/2025,21:23:36,29.016,79.453,15.56358,24.71546,19.87125,13.04126,23.37296,0.446,An toan,An toan,"Nhi?t ?? 29.0?C, ?? ?m 79.5%, Kh? CO th?p (13.0 ppm), M?c ch?y: An to?n","Kh? CH4 (24.7 ppm), LPG (19.9 ppm), CO (13.0 ppm), M?c kh? gas: An to?n",Auto,OFF,OFF,OFF,OFF,
8/11/2025,21:24:44,29.26,76.16,15.73954,25.58793,19.22062,14.34025,20.58569,0.44448,An toan,An toan,"Nhi?t ?? 29.3?C, ?? ?m 76.2%, Kh? CO th?p (14.3 ppm), M?c ch?y: An to?n","Kh? CH4 (25.6 ppm), LPG (19.2 ppm), CO (14.3 ppm), M?c kh? gas: An to?n",Auto,OFF,OFF,OFF,OFF,
8/11/2025,21:27:00,30.125,77.079,15.49747,24.7118,19.78516,13.711,14.09296,0.33141,An toan,An toan,"Nhi?t ?? 30.1?C, ?? ?m 77.1%, Kh? CO th?p (13.7 ppm), M?c ch?y: An to?n","Kh? CH4 (24.7 ppm), LPG (19.8 ppm), CO (13.7 ppm), M?c kh? gas: An to?n",Auto,OFF,OFF,OFF,OFF,
8/11/2025,21:28:03,30.05,72.05,14.59927,24.79234,19.83372,13.47048,28.39364,0.84947,An toan,An toan,"Nhi?t ?? 30.1?C, ?? ?m 72.1%, Kh? CO th?p (13.5 ppm), M?c ch?y: An to?n","Kh? CH4 (24.8 ppm), LPG (19.8 ppm), CO (13.5 ppm), M?c kh? gas: An to?n",Auto,OFF,OFF,OFF,OFF,
8/11/2025,21:39:08,30.559,70.498,15.73849,25.58034,19.50143,13.59018,29.95953,0.89965,An toan,An toan,"Nhi?t ?? 30.6?C, ?? ?m 70.5%, Kh? CO th?p (13.6 ppm), M?c ch?y: An to?n","Kh? CH4 (25.6 ppm), LPG (19.5 ppm), CO (13.6 ppm), M?c kh? gas: An to?n",Auto,OFF,OFF,OFF,OFF,
8/11/2025,21:40:35,29.206,76.369,14.21081,26.11306,17.93859,14.58846,27.04728,0.3798,An toan,An toan,"Nhi?t ?? 29.2?C, ?? ?m 76.4%, Kh? CO th?p (14.6 ppm), M?c ch?y: An to?n","Kh? CH4 (26.1 ppm), LPG (17.9 ppm), CO (14.6 ppm), M?c kh? gas: An to?n",Auto,OFF,OFF,OFF,OFF,
8/11/2025,21:42:19,29.834,76.31,15.5217,24.58066,19.67389,13.88484,14.20997,0.59047,An toan,An toan,"Nhi?t ?? 29.8?C, ?? ?m 76.3%, Kh? CO th?p (13.9 ppm), M?c ch?y: An to?n","Kh? CH4 (24.6 ppm), LPG (19.7 ppm), CO (13.9 ppm), M?c kh? gas: An to?n",Auto,OFF,OFF,OFF,OFF,
8/11/2025,21:42:25,29.454,73.252,15.16249,26.5773,18.0878,13.83527,10.63691,0.93226,An toan,An toan,"Nhi?t ?? 29.5?C, ?? ?m 73.3%, Kh? CO th?p (13.8 ppm), M?c ch?y: An to?n","Kh? CH4 (26.6 ppm), LPG (18.1 ppm), CO (13.8 ppm), M?c kh? gas: An to?n",Auto,OFF,OFF,OFF,OFF,
8/11/2025,21:49:04,30.608,73.734,14.74254,26.02586,17.02597,13.9854,20.98159,0.61052,An toan,An toan,"Nhi?t ?? 30.6?C, ?? ?m 73.7%, Kh? CO th?p (14.0 ppm), M?c ch?y: An to?n","Kh? CH4 (26.0 ppm), LPG (17.0 ppm), CO (14.0 ppm), M?c kh? gas: An to?n",Auto,OFF,OFF,OFF,OFF,
8/11/2025,21:50:03,30.628,75.855,15.34245,24.6958,17.70791,13.16449,12.0295,0.71377,An toan,An toan,"Nhi?t ?? 30.6?C, ?? ?m 75.9%, Kh? CO th?p (13.2 ppm), M?c ch?y: An to?n","Kh? CH4 (24.7 ppm), LPG (17.7 ppm), CO (13.2 ppm), M?c kh? gas: An to?n",Auto,OFF,OFF,OFF,OFF,
8/11/2025,21:50:34,30.485,71.58,15.66953,24.42909,19.83447,13.63784,10.77155,0.40664,An toan,An toan,"Nhi?t ?? 30.5?C, ?? ?m 71.6%, Kh? CO th?p (13.6 ppm), M?c ch?y: An to?n","Kh? CH4 (24.4 ppm), LPG (19.8 ppm), CO (13.6 ppm), M?c kh? gas: An to?n",Auto,OFF,OFF,OFF,OFF,
8/11/2025,21:56:15,30.39,75.112,15.5012,24.66046,19.3129,13.29021,10.50234,0.48401,An toan,An toan,"Nhi?t ?? 30.4?C, ?? ?m 75.1%, Kh? CO th?p (13.3 ppm), M?c ch?y: An to?n","Kh? CH4 (24.7 ppm), LPG (19.3 ppm), CO (13.3 ppm), M?c kh? gas: An to?n",Auto,OFF,OFF,OFF,OFF,
8/11/2025,21:58:51,29.757,75.371,15.02289,24.70289,18.52766,13.09101,17.70018,0.61138,An toan,An toan,"Nhi?t ?? 29.8?C, ?? ?m 75.4%, Kh? CO th?p (13.1 ppm), M?c ch?y: An to?n","Kh? CH4 (24.7 ppm), LPG (18.5 ppm), CO (13.1 ppm), M?c kh? gas: An to?n",Auto,OFF,OFF,OFF,OFF,
8/11/2025,22:01:32,30.13,72.545,15.77615,24.58247,17.70884,14.24096,25.75428,0.7324,An toan,An toan,"Nhi?t ?? 30.1?C, ?? ?m 72.5%, Kh? CO th?p (14.2 ppm), M?c ch?y: An to?n","Kh? CH4 (24.6 ppm), LPG (17.7 ppm), CO (14.2 ppm), M?c kh? gas: An to?n",Auto,OFF,OFF,OFF,OFF,
8/11/2025,22:07:28,29.116,72.868,15.31675,26.62198,18.13925,13.50606,25.59965,0.77719,An toan,An toan,"Nhi?t ?? 29.1?C, ?? ?m 72.9%, Kh? CO th?p (13.5 ppm), M?c ch?y: An to?n","Kh? CH4 (26.6 ppm), LPG (18.1 ppm), CO (13.5 ppm), M?c kh? gas: An to?n",Auto,OFF,OFF,OFF,OFF,
8/11/2025,22:08:38,29.721,72.245,15.98627,25.4052,19.92734,14.69565,22.60173,0.70184,An toan,An toan,"Nhi?t ?? 29.7?C, ?? ?m 72.2%, Kh? CO th?p (14.7 ppm), M?c ch?y: An to?n","Kh? CH4 (25.4 ppm), LPG (19.9 ppm), CO (14.7 ppm), M?c kh? gas: An to?n",Auto,OFF,OFF,OFF,OFF,
8/11/2025,22:11:51,29.807,72.074,14.60389,26.41037,17.30832,14.00351,13.20615,0.87036,An toan,An toan,"Nhi?t ?? 29.8?C, ?? ?m 72.1%, Kh? CO th?p (14.0 ppm), M?c ch?y: An to?n","Kh? CH4 (26.4 ppm), LPG (17.3 ppm), CO (14.0 ppm), M?c kh? gas: An to?n",Auto,OFF,OFF,OFF,OFF,
8/11/2025,22:11:57,29.308,79.12,15.71851,25.45928,17.63928,13.53058,20.09142,0.23312,An toan,An toan,"Nhi?t ?? 29.3?C, ?? ?m 79.1%, Kh? CO th?p (13.5 ppm), M?c ch?y: An to?n","Kh? CH4 (25.5 ppm), LPG (17.6 ppm), CO (13.5 ppm), M?c kh? gas: An to?n",Auto,OFF,OFF,OFF,OFF,
8/11/2025,22:13:58,30.758,70.053,15.01664,25.22296,17.6982,14.83621,19.45917,0.99515,An toan,An toan,"Nhi?t ?? 30.8?C, ?? ?m 70.1%, Kh? CO th?p (14.8 ppm), M?c ch?y: An to?n","Kh? CH4 (25.2 ppm), LPG (17.7 ppm), CO (14.8 ppm), M?c kh? gas: An to?n",Auto,OFF,OFF,OFF,OFF,
8/11/2025,22:21:43,29.441,75.311,15.55449,24.75394,17.74731,13.62733,20.45346,0.9547,An toan,An toan,"Nhi?t ?? 29.4?C, ?? ?m 75.3%, Kh? CO th?p (13.6 ppm), M?c ch?y: An to?n","Kh? CH4 (24.8 ppm), LPG (17.7 ppm), CO (13.6 ppm), M?c kh? gas: An to?n",Auto,OFF,OFF,OFF,OFF,
8/11/2025,22:23:37,30.981,76.385,14.6856,26.51775,18.5263,13.87179,13.23335,0.20379,An toan,An toan,"Nhi?t ?? 31.0?C, ?? ?m 76.4%, Kh? CO th?p (13.9 ppm), M?c ch?y: An to?n","Kh? CH4 (26.5 ppm), LPG (18.5 ppm), CO (13.9 ppm), M?c kh? gas: An to?n",Auto,OFF,OFF,OFF,OFF,
8/11/2025,22:29:52,30.389,75.209,14.49481,25.95856,17.8787,14.75891,10.28805,0.82964,An toan,An toan,"Nhi?t ?? 30.4?C, ?? ?m 75.2%, Kh? CO th?p (14.8 ppm), M?c ch?y: An to?n","Kh? CH4 (26.0 ppm), LPG (17.9 ppm), CO (14.8 ppm), M?c kh? gas: An to?n",Auto,OFF,OFF,OFF,OFF,
8/11/2025,22:38:09,30.745,73.431,14.14958,24.99963,19.4868,13.02323,27.37327,0.84938,An toan,An toan,"Nhi?t ?? 30.7?C, ?? ?m 73.4%, Kh? CO th?p (13.0 ppm), M?c ch?y: An to?n","Kh? CH4 (25.0 ppm), LPG (19.5 ppm), CO (13.0 ppm), M?c kh? gas: An to?n",Auto,OFF,OFF,OFF,OFF,
8/11/2025,22:43:20,29.629,69.344,14.81278,24.13001,19.26865,14.05976,19.95615,0.7769,An toan,An toan,"Nhi?t ?? 29.6?C, ?? ?m 69.3%, Kh? CO th?p (14.1 ppm), M?c ch?y: An to?n","Kh? CH4 (24.1 ppm), LPG (19.3 ppm), CO (14.1 ppm), M?c kh? gas: An to?n",Auto,OFF,OFF,OFF,OFF,
8/11/2025,22:44:01,30.797,78.229,15.71939,25.20896,18.58221,14.17386,28.91864,0.30989,An toan,An toan,"Nhi?t ?? 30.8?C, ?? ?m 78.2%, Kh? CO th?p (14.2 ppm), M?c ch?y: An to?n","Kh? CH4 (25.2 ppm), LPG (18.6 ppm), CO (14.2 ppm), M?c kh? gas: An to?n",Auto,OFF,OFF,OFF,OFF,
8/11/2025,22:46:21,30.017,71.838,15.73863,25.20029,17.69033,14.88837,14.8752,0.69142,An toan,An toan,"Nhi?t ?? 30.0?C, ?? ?m 71.8%, Kh? CO th?p (14.9 ppm), M?c ch?y: An to?n","Kh? CH4 (25.2 ppm), LPG (17.7 ppm), CO (14.9 ppm), M?c kh? gas: An to?n",Auto,OFF,OFF,OFF,OFF,
8/11/2025,22:48:28,29.96,71.257,15.82804,25.75314,18.43654,13.58637,21.60014,0.92276,An toan,An toan,"Nhi?t ?? 30.0?C, ?? ?m 71.3%, Kh? CO th?p (13.6 ppm), M?c ch?y: An to?n","Kh? CH4 (25.8 ppm), LPG (18.4 ppm), CO (13.6 ppm), M?c kh? gas: An to?n",Auto,OFF,OFF,OFF,OFF,
8/11/2025,22:53:00,30.797,69.882,15.27208,26.75898,19.50893,13.78346,22.17258,0.52137,An toan,An toan,"Nhi?t ?? 30.8?C, ?? ?m 69.9%, Kh? CO th?p (13.8 ppm), M?c ch?y: An to?n","Kh? CH4 (26.8 ppm), LPG (19.5 ppm), CO (13.8 ppm), M?c kh? gas: An to?n",Auto,OFF,OFF,OFF,OFF,
8/11/2025,22:54:49,29.013,69.683,14.08161,26.56668,17.3589,13.48243,17.97977,0.42239,An toan,An toan,"Nhi?t ?? 29.0?C, ?? ?m 69.7%, Kh? CO th?p (13.5 ppm), M?c ch?y: An to?n","Kh? CH4 (26.6 ppm), LPG (17.4 ppm), CO (13.5 ppm), M?c kh? gas: An to?n",Auto,OFF,OFF,OFF,OFF,
8/11/2025,22:56:19,30.143,79.351,15.29223,25.84927,17.11814,13.18932,18.61944,0.76937,An toan,An toan,"Nhi?t ?? 30.1?C, ?? ?m 79.4%, Kh? CO th?p (13.2 ppm), M?c ch?y: An to?n","Kh? CH4 (25.8 ppm), LPG (17.1 ppm), CO (13.2 ppm), M?c kh? gas: An to?n",Auto,OFF,OFF,OFF,OFF,
8/11/2025,22:58:38,30.425,71.356,15.84695,25.24134,17.8848,13.6874,26.62105,0.33552,An toan,An toan,"Nhi?t ?? 30.4?C, ?? ?m 71.4%, Kh? CO th?p (13.7 ppm), M?c ch?y: An to?n","Kh? CH4 (25.2 ppm), LPG (17.9 ppm), CO (13.7 ppm), M?c kh? gas: An to?n",Auto,OFF,OFF,OFF,OFF,
8/11/2025,22:59:18,29.961,79.81,14.87799,26.4876,19.23649,13.42474,25.72413,0.2678,An toan,An toan,"Nhi?t ?? 30.0?C, ?? ?m 79.8%, Kh? CO th?p (13.4 ppm), M?c ch?y: An to?n","Kh? CH4 (26.5 ppm), LPG (19.2 ppm), CO (13.4 ppm), M?c kh? gas: An to?n",Auto,OFF,OFF,OFF,OFF,
8/11/2025,22:59:47,30.191,75.848,14.17633,25.75494,18.18795,14.59278,27.80216,0.33545,An toan,An toan,"Nhi?t ?? 30.2?C, ?? ?m 75.8%, Kh? CO th?p (14.6 ppm), M?c ch?y: An to?n","Kh? CH4 (25.8 ppm), LPG (18.2 ppm), CO (14.6 ppm), M?c kh? gas: An to?n",Auto,OFF,OFF,OFF,OFF,
8/11/2025,23:05:00,30.499,75.182,14.33492,26.27508,17.63756,13.37494,25.01829,0.9425,An toan,An toan,"Nhi?t ?? 30.5?C, ?? ?m 75.2%, Kh? CO th?p (13.4 ppm), M?c ch?y: An to?n","Kh? CH4 (26.3 ppm), LPG (17.6 ppm), CO (13.4 ppm), M?c kh? gas: An to?n",Auto,OFF,OFF,OFF,OFF,
8/11/2025,23:06:03,29.227,74.192,15.24707,26.82102,17.33618,13.38868,23.94297,0.83754,An toan,An toan,"Nhi?t ?? 29.2?C, ?? ?m 74.2%, Kh? CO th?p (13.4 ppm), M?c ch?y: An to?n","Kh? CH4 (26.8 ppm), LPG (17.3 ppm), CO (13.4 ppm), M?c kh? gas: An to?n",Auto,OFF,OFF,OFF,OFF,
8/11/2025,23:06:41,29.781,74.966,15.53309,25.34739,18.08891,14.10418,13.36861,0.27561,An toan,An toan,"Nhi?t ?? 29.8?C, ?? ?m 75.0%, Kh? CO th?p (14.1 ppm), M?c ch?y: An to?n","Kh? CH4 (25.3 ppm), LPG (18.1 ppm), CO (14.1 ppm), M?c kh? gas: An to?n",Auto,OFF,OFF,OFF,OFF,
8/11/2025,23:10:33,30.658,74.178,15.63219,24.44707,19.58927,14.51126,24.56183,0.24825,An toan,An toan,"Nhi?t ?? 30.7?C, ?? ?m 74.2%, Kh? CO th?p (14.5 ppm), M?c ch?y: An to?n","Kh? CH4 (24.4 ppm), LPG (19.6 ppm), CO (14.5 ppm), M?c kh? gas: An to?n",Auto,OFF,OFF,OFF,OFF,
8/11/2025,23:11:04,29.595,74.262,14.44007,26.41956,18.67265,13.08325,20.95897,0.88815,An toan,An toan,"Nhi?t ?? 29.6?C, ?? ?m 74.3%, Kh? CO th?p (13.1 ppm), M?c ch?y: An to?n","Kh? CH4 (26.4 ppm), LPG (18.7 ppm), CO (13.1 ppm), M?c kh? gas: An to?n",Auto,OFF,OFF,OFF,OFF,
8/11/2025,23:11:09,29.799,75.385,15.59667,26.51456,18.04208,14.39804,15.29928,0.74402,An toan,An toan,"Nhi?t ?? 29.8?C, ?? ?m 75.4%, Kh? CO th?p (14.4 ppm), M?c ch?y: An to?n","Kh? CH4 (26.5 ppm), LPG (18.0 ppm), CO (14.4 ppm), M?c kh? gas: An to?n",Auto,OFF,OFF,OFF,OFF,
8/11/2025,23:14:18,30.973,76.842,14.68936,25.5985,17.6691,14.94512,19.67884,0.87527,An toan,An toan,"Nhi?t ?? 31.0?C, ?? ?m 76.8%, Kh? CO th?p (14.9 ppm), M?c ch?y: An to?n","Kh? CH4 (25.6 ppm), LPG (17.7 ppm), CO (14.9 ppm), M?c kh? gas: An to?n",Auto,OFF,OFF,OFF,OFF,
8/11/2025,23:16:10,30.861,77.025,14.68753,24.30154,18.37412,13.42222,17.61472,0.13478,An toan,An toan,"Nhi?t ?? 30.9?C, ?? ?m 77.0%, Kh? CO th?p (13.4 ppm), M?c ch?y: An to?n","Kh? CH4 (24.3 ppm), LPG (18.4 ppm), CO (13.4 ppm), M?c kh? gas: An to?n",Auto,OFF,OFF,OFF,OFF,
8/11/2025,23:24:43,29.865,79.92,15.10459,25.03317,18.99088,13.08794,21.48099,0.62095,An toan,An toan,"Nhi?t ?? 29.9?C, ?? ?m 79.9%, Kh? CO th?p (13.1 ppm), M?c ch?y: An to?n","Kh? CH4 (25.0 ppm), LPG (19.0 ppm), CO (13.1 ppm), M?c kh? gas: An to?n",Auto,OFF,OFF,OFF,OFF,
8/11/2025,23:25:35,29.254,70.743,15.05341,24.47173,17.07275,14.6958,19.42859,0.3653,An toan,An toan,"Nhi?t ?? 29.3?C, ?? ?m 70.7%, Kh? CO th?p (14.7 ppm), M?c ch?y: An to?n","Kh? CH4 (24.5 ppm), LPG (17.1 ppm), CO (14.7 ppm), M?c kh? gas: An to?n",Auto,OFF,OFF,OFF,OFF,
8/11/2025,23:27:02,29.582,69.309,14.06065,24.25988,18.9059,14.34122,17.95184,0.93224,An toan,An toan,"Nhi?t ?? 29.6?C, ?? ?m 69.3%, Kh? CO th?p (14.3 ppm), M?c ch?y: An to?n","Kh? CH4 (24.3 ppm), LPG (18.9 ppm), CO (14.3 ppm), M?c kh? gas: An to?n",Auto,OFF,OFF,OFF,OFF,
8/11/2025,23:29:37,30.758,74.321,14.98488,26.57412,18.41527,14.495,26.71442,0.76522,An toan,An toan,"Nhi?t ?? 30.8?C, ?? ?m 74.3%, Kh? CO th?p (14.5 ppm), M?c ch?y: An to?n","Kh? CH4 (26.6 ppm), LPG (18.4 ppm), CO (14.5 ppm), M?c kh? gas: An to?n",Auto,OFF,OFF,OFF,OFF,
8/11/2025,23:30:25,30.604,77.621,14.21812,24.53378,19.69843,13.7283,10.78873,0.51415,An toan,An toan,"Nhi?t ?? 30.6?C, ?? ?m 77.6%, Kh? CO th?p (13.7 ppm), M?c ch?y: An to?n","Kh? CH4 (24.5 ppm), LPG (19.7 ppm), CO (13.7 ppm), M?c kh? gas: An to?n",Auto,OFF,OFF,OFF,OFF,
8/11/2025,23:33:53,30.607,74.566,15.49947,24.61268,18.30589,14.95146,11.92392,0.47094,An toan,An toan,"Nhi?t ?? 30.6?C, ?? ?m 74.6%, Kh? CO th?p (15.0 ppm), M?c ch?y: An to?n","Kh? CH4 (24.6 ppm), LPG (18.3 ppm), CO (15.0 ppm), M?c kh? gas: An to?n",Auto,OFF,OFF,OFF,OFF,
8/11/2025,23:33:55,30.895,72.106,15.37168,24.51483,18.84777,14.78333,21.14633,0.34055,An toan,An toan,"Nhi?t ?? 30.9?C, ?? ?m 72.1%, Kh? CO th?p (14.8 ppm), M?c ch?y: An to?n","Kh? CH4 (24.5 ppm), LPG (18.8 ppm), CO (14.8 ppm), M?c kh? gas: An to?n",Auto,OFF,OFF,OFF,OFF,
8/11/2025,23:38:39,30.54,71.027,14.89141,25.2003,18.77162,13.63856,29.31196,0.30408,An toan,An toan,"Nhi?t ?? 30.5?C, ?? ?m 71.0%, Kh? CO th?p (13.6 ppm), M?c ch?y: An to?n","Kh? CH4 (25.2 ppm), LPG (18.8 ppm), CO (13.6 ppm), M?c kh? gas: An to?n",Auto,OFF,OFF,OFF,OFF,
8/11/2025,23:42:06,30.502,75.844,15.96574,24.6885,18.66831,13.69748,23.29052,0.76702,An toan,An toan,"Nhi?t ?? 30.5?C, ?? ?m 75.8%, Kh? CO th?p (13.7 ppm), M?c ch?y: An to?n","Kh? CH4 (24.7 ppm), LPG (18.7 ppm), CO (13.7 ppm), M?c kh? gas: An to?n",Auto,OFF,OFF,OFF,OFF,
8/11/2025,23:47:06,29.59,69.605,14.1457,26.41207,17.16994,13.94533,28.3648,0.5747,An toan,An toan,"Nhi?t ?? 29.6?C, ?? ?m 69.6%, Kh? CO th?p (13.9 ppm), M?c ch?y: An to?n","Kh? CH4 (26.4 ppm), LPG (17.2 ppm), CO (13.9 ppm), M?c kh? gas: An to?n",Auto,OFF,OFF,OFF,OFF,
8/11/2025,23:48:18,29.093,72.89,15.75029,25.92735,19.92405,14.1994,25.50994,0.59492,An toan,An toan,"Nhi?t ?? 29.1?C, ?? ?m 72.9%, Kh? CO th?p (14.2 ppm), M?c ch?y: An to?n","Kh? CH4 (25.9 ppm), LPG (19.9 ppm), CO (14.2 ppm), M?c kh? gas: An to?n",Auto,OFF,OFF,OFF,OFF,
8/11/2025,23:56:18,29.023,72.296,14.71008,24.10249,17.28255,13.71997,13.14906,0.63579,An toan,An toan,"Nhi?t ?? 29.0?C, ?? ?m 72.3%, Kh? CO th?p (13.7 ppm), M?c ch?y: An to?n","Kh? CH4 (24.1 ppm), LPG (17.3 ppm), CO (13.7 ppm), M?c kh? gas: An to?n",Auto,OFF,OFF,OFF,OFF,
9/11/2025,0:00:04,30.643,72.115,14.3556,24.28947,17.39901,13.31857,12.29603,0.48893,An toan,An toan,"Nhi?t ?? 30.6?C, ?? ?m 72.1%, Kh? CO th?p (13.3 ppm), M?c ch?y: An to?n","Kh? CH4 (24.3 ppm), LPG (17.4 ppm), CO (13.3 ppm), M?c kh? gas: An to?n",Auto,OFF,OFF,OFF,OFF,
9/11/2025,0:14:27,29.311,76.87,14.87815,24.06318,19.40305,13.81572,24.25826,0.58919,An toan,An toan,"Nhi?t ?? 29.3?C, ?? ?m 76.9%, Kh? CO th?p (13.8 ppm), M?c ch?y: An to?n","Kh? CH4 (24.1 ppm), LPG (19.4 ppm), CO (13.8 ppm), M?c kh? gas: An to?n",Auto,OFF,OFF,OFF,OFF,
9/11/2025,0:15:05,29.455,71.359,14.64336,26.58969,19.90333,14.8331,18.06378,0.33561,An toan,An toan,"Nhi?t ?? 29.5?C, ?? ?m 71.4%, Kh? CO th?p (14.8 ppm), M?c ch?y: An to?n","Kh? CH4 (26.6 ppm), LPG (19.9 ppm), CO (14.8 ppm), M?c kh? gas: An to?n",Auto,OFF,OFF,OFF,OFF,
9/11/2025,0:20:50,29.985,72.134,15.05729,26.78894,19.74782,13.47637,27.74719,0.13155,An toan,An toan,"Nhi?t ?? 30.0?C, ?? ?m 72.1%, Kh? CO th?p (13.5 ppm), M?c ch?y: An to?n","Kh? CH4 (26.8 ppm), LPG (19.7 ppm), CO (13.5 ppm), M?c kh? gas: An to?n",Auto,OFF,OFF,OFF,OFF,
9/11/2025,0:21:32,29.203,74.729,15.7196,24.76139,18.14219,14.96296,11.15118,0.84628,An toan,An toan,"Nhi?t ?? 29.2?C, ?? ?m 74.7%, Kh? CO th?p (15.0 ppm), M?c ch?y: An to?n","Kh? CH4 (24.8 ppm), LPG (18.1 ppm), CO (15.0 ppm), M?c kh? gas: An to?n",Auto,OFF,OFF,OFF,OFF,
9/11/2025,0:22:31,30.971,79.486,15.88782,26.41818,17.83661,14.21796,12.31004,0.74117,An toan,An toan,"Nhi?t ?? 31.0?C, ?? ?m 79.5%, Kh? CO th?p (14.2 ppm), M?c ch?y: An to?n","Kh? CH4 (26.4 ppm), LPG (17.8 ppm), CO (14.2 ppm), M?c kh? gas: An to?n",Auto,OFF,OFF,OFF,OFF,
9/11/2025,0:26:28,29.319,79.5,15.8266,25.50697,17.96149,14.37221,23.13929,0.18527,An toan,An toan,"Nhi?t ?? 29.3?C, ?? ?m 79.5%, Kh? CO th?p (14.4 ppm), M?c ch?y: An to?n","Kh? CH4 (25.5 ppm), LPG (18.0 ppm), CO (14.4 ppm), M?c kh? gas: An to?n",Auto,OFF,OFF,OFF,OFF,
9/11/2025,0:29:11,29.915,77.876,14.37224,25.37249,18.67434,14.63595,17.18222,0.50862,An toan,An toan,"Nhi?t ?? 29.9?C, ?? ?m 77.9%, Kh? CO th?p (14.6 ppm), M?c ch?y: An to?n","Kh? CH4 (25.4 ppm), LPG (18.7 ppm), CO (14.6 ppm), M?c kh? gas: An to?n",Auto,OFF,OFF,OFF,OFF,
9/11/2025,0:29:42,29.676,74.518,14.47599,24.21835,19.54487,14.60077,20.79879,0.32448,An toan,An toan,"Nhi?t ?? 29.7?C, ?? ?m 74.5%, Kh? CO th?p (14.6 ppm), M?c ch?y: An to?n","Kh? CH4 (24.2 ppm), LPG (19.5 ppm), CO (14.6 ppm), M?c kh? gas: An to?n",Auto,OFF,OFF,OFF,OFF,
9/11/2025,0:33:50,29.819,75.868,14.5834,25.04872,17.83398,13.15965,18.96512,0.7851,An toan,An toan,"Nhi?t ?? 29.8?C, ?? ?m 75.9%, Kh? CO th?p (13.2 ppm), M?c ch?y: An to?n","Kh? CH4 (25.0 ppm), LPG (17.8 ppm), CO (13.2 ppm), M?c kh? gas: An to?n",Auto,OFF,OFF,OFF,OFF,
9/11/2025,0:40:42,30.496,76.826,14.52184,26.97608,17.01057,14.37223,26.46802,0.299,An toan,An toan,"Nhi?t ?? 30.5?C, ?? ?m 76.8%, Kh? CO th?p (14.4 ppm), M?c ch?y: An to?n","Kh? CH4 (27.0 ppm), LPG (17.0 ppm), CO (14.4 ppm), M?c kh? gas: An to?n",Auto,OFF,OFF,OFF,OFF,
9/11/2025,0:45:18,29.454,70.737,14.59464,25.65821,17.80151,14.89067,18.38866,0.51011,An toan,An toan,"Nhi?t ?? 29.5?C, ?? ?m 70.7%, Kh? CO th?p (14.9 ppm), M?c ch?y: An to?n","Kh? CH4 (25.7 ppm), LPG (17.8 ppm), CO (14.9 ppm), M?c kh? gas: An to?n",Auto,OFF,OFF,OFF,OFF,
9/11/2025,0:47:31,29.862,76.471,15.64187,24.79518,18.9561,13.88525,18.88377,0.90353,An toan,An toan,"Nhi?t ?? 29.9?C, ?? ?m 76.5%, Kh? CO th?p (13.9 ppm), M?c ch?y: An to?n","Kh? CH4 (24.8 ppm), LPG (19.0 ppm), CO (13.9 ppm), M?c kh? gas: An to?n",Auto,OFF,OFF,OFF,OFF,
9/11/2025,0:48:46,29.605,72.077,14.92832,24.64278,18.16507,13.6576,10.4189,0.83296,An toan,An toan,"Nhi?t ?? 29.6?C, ?? ?m 72.1%, Kh? CO th?p (13.7 ppm), M?c ch?y: An to?n","Kh? CH4 (24.6 ppm), LPG (18.2 ppm), CO (13.7 ppm), M?c kh? gas: An to?n",Auto,OFF,OFF,OFF,OFF,
9/11/2025,0:50:50,30.613,76.074,15.54446,26.45436,19.13603,13.17238,13.56606,0.20295,An toan,An toan,"Nhi?t ?? 30.6?C, ?? ?m 76.1%, Kh? CO th?p (13.2 ppm), M?c ch?y: An to?n","Kh? CH4 (26.5 ppm), LPG (19.1 ppm), CO (13.2 ppm), M?c kh? gas: An to?n",Auto,OFF,OFF,OFF,OFF,
9/11/2025,0:54:09,29.604,71.247,15.0339,24.54125,17.81956,14.26589,23.34126,0.27089,An toan,An toan,"Nhi?t ?? 29.6?C, ?? ?m 71.2%, Kh? CO th?p (14.3 ppm), M?c ch?y: An to?n","Kh? CH4 (24.5 ppm), LPG (17.8 ppm), CO (14.3 ppm), M?c kh? gas: An to?n",Auto,OFF,OFF,OFF,OFF,
9/11/2025,0:56:02,30.264,79.163,14.07888,25.57778,18.98068,14.39421,19.71725,0.18531,An toan,An toan,"Nhi?t ?? 30.3?C, ?? ?m 79.2%, Kh? CO th?p (14.4 ppm), M?c ch?y: An to?n","Kh? CH4 (25.6 ppm), LPG (19.0 ppm), CO (14.4 ppm), M?c kh? gas: An to?n",Auto,OFF,OFF,OFF,OFF,
9/11/2025,0:56:58,29.983,79.155,14.38927,24.61313,17.16656,14.7663,21.88906,0.2089,An toan,An toan,"Nhi?t ?? 30.0?C, ?? ?m 79.2%, Kh? CO th?p (14.8 ppm), M?c ch?y: An to?n","Kh? CH4 (24.6 ppm), LPG (17.2 ppm), CO (14.8 ppm), M?c kh? gas: An to?n",Auto,OFF,OFF,OFF,OFF,
9/11/2025,0:57:55,30.445,79.161,14.53603,26.73691,18.23504,14.31578,15.36354,0.79029,An toan,An toan,"Nhi?t ?? 30.4?C, ?? ?m 79.2%, Kh? CO th?p (14.3 ppm), M?c ch?y: An to?n","Kh? CH4 (26.7 ppm), LPG (18.2 ppm), CO (14.3 ppm), M?c kh? gas: An to?n",Auto,OFF,OFF,OFF,OFF,
9/11/2025,0:58:41,30.658,74.926,14.88256,24.59536,18.98275,14.26967,14.10493,0.56045,An toan,An toan,"Nhi?t ?? 30.7?C, ?? ?m 74.9%, Kh? CO th?p (14.3 ppm), M?c ch?y: An to?n","Kh? CH4 (24.6 ppm), LPG (19.0 ppm), CO (14.3 ppm), M?c kh? gas: An to?n",Auto,OFF,OFF,OFF,OFF,
9/11/2025,1:08:46,30.529,70.79,15.84745,25.7593,19.24616,13.78609,26.15193,0.83526,An toan,An toan,"Nhi?t ?? 30.5?C, ?? ?m 70.8%, Kh? CO th?p (13.8 ppm), M?c ch?y: An to?n","Kh? CH4 (25.8 ppm), LPG (19.2 ppm), CO (13.8 ppm), M?c kh? gas: An to?n",Auto,OFF,OFF,OFF,OFF,
9/11/2025,1:10:35,30.408,72.921,15.04239,25.88295,18.08508,13.12301,13.81208,0.79819,An toan,An toan,"Nhi?t ?? 30.4?C, ?? ?m 72.9%, Kh? CO th?p (13.1 ppm), M?c ch?y: An to?n","Kh? CH4 (25.9 ppm), LPG (18.1 ppm), CO (13.1 ppm), M?c kh? gas: An to?n",Auto,OFF,OFF,OFF,OFF,
9/11/2025,1:12:14,30.952,76.13,14.10537,26.87962,19.24811,13.50668,16.41974,0.90674,An toan,An toan,"Nhi?t ?? 31.0?C, ?? ?m 76.1%, Kh? CO th?p (13.5 ppm), M?c ch?y: An to?n","Kh? CH4 (26.9 ppm), LPG (19.2 ppm), CO (13.5 ppm), M?c kh? gas: An to?n",Auto,OFF,OFF,OFF,OFF,
9/11/2025,1:30:30,29.76,70.651,15.48034,26.52711,17.96821,13.83282,20.45733,0.82641,An toan,An toan,"Nhi?t ?? 29.8?C, ?? ?m 70.7%, Kh? CO th?p (13.8 ppm), M?c ch?y: An to?n","Kh? CH4 (26.5 ppm), LPG (18.0 ppm), CO (13.8 ppm), M?c kh? gas: An to?n",Auto,OFF,OFF,OFF,OFF,
9/11/2025,1:32:25,29.714,69.364,14.65021,24.626,18.68121,14.14925,10.13155,0.36914,An toan,An toan,"Nhi?t ?? 29.7?C, ?? ?m 69.4%, Kh? CO th?p (14.1 ppm), M?c ch?y: An to?n","Kh? CH4 (24.6 ppm), LPG (18.7 ppm), CO (14.1 ppm), M?c kh? gas: An to?n",Auto,OFF,OFF,OFF,OFF,
9/11/2025,1:32:59,29.262,69.524,14.23968,24.48075,17.77513,13.99566,24.26193,0.41731,An toan,An toan,"Nhi?t ?? 29.3?C, ?? ?m 69.5%, Kh? CO th?p (14.0 ppm), M?c ch?y: An to?n","Kh? CH4 (24.5 ppm), LPG (17.8 ppm), CO (14.0 ppm), M?c kh? gas: An to?n",Auto,OFF,OFF,OFF,OFF,
9/11/2025,1:33:38,30.874,73.608,14.00168,25.01458,18.33981,13.42474,17.5736,0.85839,An toan,An toan,"Nhi?t ?? 30.9?C, ?? ?m 73.6%, Kh? CO th?p (13.4 ppm), M?c ch?y: An to?n","Kh? CH4 (25.0 ppm), LPG (18.3 ppm), CO (13.4 ppm), M?c kh? gas: An to?n",Auto,OFF,OFF,OFF,OFF,
9/11/2025,1:35:38,30.441,74.005,15.19097,25.25045,18.57166,14.89988,23.49752,0.69308,An toan,An toan,"Nhi?t ?? 30.4?C, ?? ?m 74.0%, Kh? CO th?p (14.9 ppm), M?c ch?y: An to?n","Kh? CH4 (25.3 ppm), LPG (18.6 ppm), CO (14.9 ppm), M?c kh? gas: An to?n",Auto,OFF,OFF,OFF,OFF,
9/11/2025,1:35:38,29.988,71.839,14.93938,24.70066,18.57533,13.8455,12.09407,0.20164,An toan,An toan,"Nhi?t ?? 30.0?C, ?? ?m 71.8%, Kh? CO th?p (13.8 ppm), M?c ch?y: An to?n","Kh? CH4 (24.7 ppm), LPG (18.6 ppm), CO (13.8 ppm), M?c kh? gas: An to?n",Auto,OFF,OFF,OFF,OFF,
9/11/2025,1:37:44,29.27,69.278,14.2211,26.57605,18.5664,14.0982,16.73387,0.90251,An toan,An toan,"Nhi?t ?? 29.3?C, ?? ?m 69.3%, Kh? CO th?p (14.1 ppm), M?c ch?y: An to?n","Kh? CH4 (26.6 ppm), LPG (18.6 ppm), CO (14.1 ppm), M?c kh? gas: An to?n",Auto,OFF,OFF,OFF,OFF,
9/11/2025,1:40:33,30.949,70.2,14.7978,25.10572,19.07625,14.6065,29.20594,0.64374,An toan,An toan,"Nhi?t ?? 30.9?C, ?? ?m 70.2%, Kh? CO th?p (14.6 ppm), M?c ch?y: An to?n","Kh? CH4 (25.1 ppm), LPG (19.1 ppm), CO (14.6 ppm), M?c kh? gas: An to?n",Auto,OFF,OFF,OFF,OFF,
9/11/2025,1:44:09,30.594,79.55,15.687,24.27823,17.56006,13.96958,12.77646,0.20472,An toan,An toan,"Nhi?t ?? 30.6?C, ?? ?m 79.6%, Kh? CO th?p (14.0 ppm), M?c ch?y: An to?n","Kh? CH4 (24.3 ppm), LPG (17.6 ppm), CO (14.0 ppm), M?c kh? gas: An to?n",Auto,OFF,OFF,OFF,OFF,
9/11/2025,1:45:09,29.569,70.899,15.67441,24.34392,17.36319,13.6078,15.53737,0.7549,An toan,An toan,"Nhi?t ?? 29.6?C, ?? ?m 70.9%, Kh? CO th?p (13.6 ppm), M?c ch?y: An to?n","Kh? CH4 (24.3 ppm), LPG (17.4 ppm), CO (13.6 ppm), M?c kh? gas: An to?n",Auto,OFF,OFF,OFF,OFF,
9/11/2025,1:46:28,30.954,76.412,15.99817,24.03943,19.94244,14.29783,23.06708,0.82541,An toan,An toan,"Nhi?t ?? 31.0?C, ?? ?m 76.4%, Kh? CO th?p (14.3 ppm), M?c ch?y: An to?n","Kh? CH4 (24.0 ppm), LPG (19.9 ppm), CO (14.3 ppm), M?c kh? gas: An to?n",Auto,OFF,OFF,OFF,OFF,
9/11/2025,1:46:29,30.015,79.145,14.7291,24.57494,18.73815,14.49956,29.89602,0.96493,An toan,An toan,"Nhi?t ?? 30.0?C, ?? ?m 79.1%, Kh? CO th?p (14.5 ppm), M?c ch?y: An to?n","Kh? CH4 (24.6 ppm), LPG (18.7 ppm), CO (14.5 ppm), M?c kh? gas: An to?n",Auto,OFF,OFF,OFF,OFF,
9/11/2025,1:46:33,30.073,72.463,15.31386,26.29052,17.79638,13.55676,15.92284,0.75324,An toan,An toan,"Nhi?t ?? 30.1?C, ?? ?m 72.5%, Kh? CO th?p (13.6 ppm), M?c ch?y: An to?n","Kh? CH4 (26.3 ppm), LPG (17.8 ppm), CO (13.6 ppm), M?c kh? gas: An to?n",Auto,OFF,OFF,OFF,OFF,
9/11/2025,1:51:39,29.499,78.063,14.43402,25.50556,18.83024,14.13967,27.29938,0.30845,An toan,An toan,"Nhi?t ?? 29.5?C, ?? ?m 78.1%, Kh? CO th?p (14.1 ppm), M?c ch?y: An to?n","Kh? CH4 (25.5 ppm), LPG (18.8 ppm), CO (14.1 ppm), M?c kh? gas: An to?n",Auto,OFF,OFF,OFF,OFF,
9/11/2025,1:56:54,30.528,78.685,15.52814,25.0408,19.55943,13.91701,13.79379,0.60061,An toan,An toan,"Nhi?t ?? 30.5?C, ?? ?m 78.7%, Kh? CO th?p (13.9 ppm), M?c ch?y: An to?n","Kh? CH4 (25.0 ppm), LPG (19.6 ppm), CO (13.9 ppm), M?c kh? gas: An to?n",Auto,OFF,OFF,OFF,OFF,
9/11/2025,1:57:15,29.339,79.225,15.91541,25.5958,19.27238,14.18441,11.0019,0.98314,An toan,An toan,"Nhi?t ?? 29.3?C, ?? ?m 79.2%, Kh? CO th?p (14.2 ppm), M?c ch?y: An to?n","Kh? CH4 (25.6 ppm), LPG (19.3 ppm), CO (14.2 ppm), M?c kh? gas: An to?n",Auto,OFF,OFF,OFF,OFF,
9/11/2025,1:58:21,30.698,69.036,15.54302,26.463,17.89525,14.99841,12.8824,0.24048,An toan,An toan,"Nhi?t ?? 30.7?C, ?? ?m 69.0%, Kh? CO th?p (15.0 ppm), M?c ch?y: An to?n","Kh? CH4 (26.5 ppm), LPG (17.9 ppm), CO (15.0 ppm), M?c kh? gas: An to?n",Auto,OFF,OFF,OFF,OFF,
9/11/2025,2:03:56,29.178,79.776,14.63583,24.88941,19.37469,13.65476,10.8324,0.87629,An toan,An toan,"Nhi?t ?? 29.2?C, ?? ?m 79.8%, Kh? CO th?p (13.7 ppm), M?c ch?y: An to?n","Kh? CH4 (24.9 ppm), LPG (19.4 ppm), CO (13.7 ppm), M?c kh? gas: An to?n",Auto,OFF,OFF,OFF,OFF,
9/11/2025,2:06:07,30.619,73.859,15.74126,25.97555,18.18027,13.90766,11.31409,0.46024,An toan,An toan,"Nhi?t ?? 30.6?C, ?? ?m 73.9%, Kh? CO th?p (13.9 ppm), M?c ch?y: An to?n","Kh? CH4 (26.0 ppm), LPG (18.2 ppm), CO (13.9 ppm), M?c kh? gas: An to?n",Auto,OFF,OFF,OFF,OFF,
9/11/2025,2:07:34,30.462,75.162,15.99324,25.40458,19.51474,14.0664,26.31312,0.40264,An toan,An toan,"Nhi?t ?? 30.5?C, ?? ?m 75.2%, Kh? CO th?p (14.1 ppm), M?c ch?y: An to?n","Kh? CH4 (25.4 ppm), LPG (19.5 ppm), CO (14.1 ppm), M?c kh? gas: An to?n",Auto,OFF,OFF,OFF,OFF,
9/11/2025,2:10:02,29.236,69.442,15.84081,26.04011,19.5966,14.06611,23.15077,0.26449,An toan,An toan,"Nhi?t ?? 29.2?C, ?? ?m 69.4%, Kh? CO th?p (14.1 ppm), M?c ch?y: An to?n","Kh? CH4 (26.0 ppm), LPG (19.6 ppm), CO (14.1 ppm), M?c kh? gas: An to?n",Auto,OFF,OFF,OFF,OFF,
9/11/2025,2:10:37,29.81,70.54,14.09005,26.94631,18.70833,14.06835,16.53133,0.35535,An toan,An toan,"Nhi?t ?? 29.8?C, ?? ?m 70.5%, Kh? CO th?p (14.1 ppm), M?c ch?y: An to?n","Kh? CH4 (26.9 ppm), LPG (18.7 ppm), CO (14.1 ppm), M?c kh? gas: An to?n",Auto,OFF,OFF,OFF,OFF,
9/11/2025,2:14:00,29.619,71.942,15.95112,25.19086,17.8698,13.1852,16.54317,0.62092,An toan,An toan,"Nhi?t ?? 29.6?C, ?? ?m 71.9%, Kh? CO th?p (13.2 ppm), M?c ch?y: An to?n","Kh? CH4 (25.2 ppm), LPG (17.9 ppm), CO (13.2 ppm), M?c kh? gas: An to?n",Auto,OFF,OFF,OFF,OFF,
9/11/2025,2:18:50,30.616,75.832,14.91765,26.6666,18.76189,13.15935,29.39395,0.99198,An toan,An toan,"Nhi?t ?? 30.6?C, ?? ?m 75.8%, Kh? CO th?p (13.2 ppm), M?c ch?y: An to?n","Kh? CH4 (26.7 ppm), LPG (18.8 ppm), CO (13.2 ppm), M?c kh? gas: An to?n",Auto,OFF,OFF,OFF,OFF,
9/11/2025,2:23:38,29.391,69.901,15.74241,26.95478,18.69475,14.47903,21.7064,0.69956,An toan,An toan,"Nhi?t ?? 29.4?C, ?? ?m 69.9%, Kh? CO th?p (14.5 ppm), M?c ch?y: An to?n","Kh? CH4 (27.0 ppm), LPG (18.7 ppm), CO (14.5 ppm), M?c kh? gas: An to?n",Auto,OFF,OFF,OFF,OFF,
9/11/2025,2:23:52,29.402,77.837,14.74524,26.03607,18.51691,13.78092,25.18982,0.97059,An toan,An toan,"Nhi?t ?? 29.4?C, ?? ?m 77.8%, Kh? CO th?p (13.8 ppm), M?c ch?y: An to?n","Kh? CH4 (26.0 ppm), LPG (18.5 ppm), CO (13.8 ppm), M?c kh? gas: An to?n",Auto,OFF,OFF,OFF,OFF,
9/11/2025,2:24:18,29.382,70.052,14.95717,25.3201,18.85026,13.88907,19.04909,0.26267,An toan,An toan,"Nhi?t ?? 29.4?C, ?? ?m 70.1%, Kh? CO th?p (13.9 ppm), M?c ch?y: An to?n","Kh? CH4 (25.3 ppm), LPG (18.9 ppm), CO (13.9 ppm), M?c kh? gas: An to?n",Auto,OFF,OFF,OFF,OFF,
9/11/2025,2:29:33,30.805,72.761,15.89431,24.81551,19.82032,14.60605,29.11047,0.91024,An toan,An toan,"Nhi?t ?? 30.8?C, ?? ?m 72.8%, Kh? CO th?p (14.6 ppm), M?c ch?y: An to?n","Kh? CH4 (24.8 ppm), LPG (19.8 ppm), CO (14.6 ppm), M?c kh? gas: An to?n",Auto,OFF,OFF,OFF,OFF,
9/11/2025,2:29:48,30.267,75.815,14.15208,24.83293,17.50271,14.23906,22.41364,0.10739,An toan,An toan,"Nhi?t ?? 30.3?C, ?? ?m 75.8%, Kh? CO th?p (14.2 ppm), M?c ch?y: An to?n","Kh? CH4 (24.8 ppm), LPG (17.5 ppm), CO (14.2 ppm), M?c kh? gas: An to?n",Auto,OFF,OFF,OFF,OFF,
9/11/2025,2:36:55,29.679,72.068,15.48882,24.65599,17.04064,14.82106,13.21604,0.20231,An toan,An toan,"Nhi?t ?? 29.7?C, ?? ?m 72.1%, Kh? CO th?p (14.8 ppm), M?c ch?y: An to?n","Kh? CH4 (24.7 ppm), LPG (17.0 ppm), CO (14.8 ppm), M?c kh? gas: An to?n",Auto,OFF,OFF,OFF,OFF,
9/11/2025,2:37:30,30.566,69.573,15.5768,25.73774,18.37633,14.93464,26.21716,0.59209,An toan,An toan,"Nhi?t ?? 30.6?C, ?? ?m 69.6%, Kh? CO th?p (14.9 ppm), M?c ch?y: An to?n","Kh? CH4 (25.7 ppm), LPG (18.4 ppm), CO (14.9 ppm), M?c kh? gas: An to?n",Auto,OFF,OFF,OFF,OFF,
9/11/2025,2:49:04,30.241,77.178,15.68743,25.09126,18.58366,14.04802,24.63491,0.81668,An toan,An toan,"Nhi?t ?? 30.2?C, ?? ?m 77.2%, Kh? CO th?p (14.0 ppm), M?c ch?y: An to?n","Kh? CH4 (25.1 ppm), LPG (18.6 ppm), CO (14.0 ppm), M?c kh? gas: An to?n",Auto,OFF,OFF,OFF,OFF,
9/11/2025,2:50:30,29.367,76.802,14.01007,26.35924,18.66919,13.85914,19.56638,0.6511,An toan,An toan,"Nhi?t ?? 29.4?C, ?? ?m 76.8%, Kh? CO th?p (13.9 ppm), M?c ch?y: An to?n","Kh? CH4 (26.4 ppm), LPG (18.7 ppm), CO (13.9 ppm), M?c kh? gas: An to?n",Auto,OFF,OFF,OFF,OFF,
9/11/2025,2:52:10,30.641,72.92,15.20779,26.65592,18.05231,13.74058,13.04801,0.35206,An toan,An toan,"Nhi?t ?? 30.6?C, ?? ?m 72.9%, Kh? CO th?p (13.7 ppm), M?c ch?y: An to?n","Kh? CH4 (26.7 ppm), LPG (18.1 ppm), CO (13.7 ppm), M?c kh? gas: An to?n",Auto,OFF,OFF,OFF,OFF,
9/11/2025,2:56:30,30.111,75.909,15.89696,24.16544,17.87341,13.2879,15.01089,0.70541,An toan,An toan,"Nhi?t ?? 30.1?C, ?? ?m 75.9%, Kh? CO th?p (13.3 ppm), M?c ch?y: An to?n","Kh? CH4 (24.2 ppm), LPG (17.9 ppm), CO (13.3 ppm), M?c kh? gas: An to?n",Auto,OFF,OFF,OFF,OFF,
9/11/2025,2:58:15,30.256,73.417,14.94531,24.15585,19.75453,13.42469,22.4921,0.21007,An toan,An toan,"Nhi?t ?? 30.3?C, ?? ?m 73.4%, Kh? CO th?p (13.4 ppm), M?c ch?y: An to?n","Kh? CH4 (24.2 ppm), LPG (19.8 ppm), CO (13.4 ppm), M?c kh? gas: An to?n",Auto,OFF,OFF,OFF,OFF,
9/11/2025,2:58:33,29.008,77.977,14.85735,24.17855,19.61068,13.93922,20.46793,0.90248,An toan,An toan,"Nhi?t ?? 29.0?C, ?? ?m 78.0%, Kh? CO th?p (13.9 ppm), M?c ch?y: An to?n","Kh? CH4 (24.2 ppm), LPG (19.6 ppm), CO (13.9 ppm), M?c kh? gas: An to?n",Auto,OFF,OFF,OFF,OFF,
9/11/2025,3:01:12,29.806,72.305,15.01674,25.22725,18.59457,14.34286,17.55952,0.35991,An toan,An toan,"Nhi?t ?? 29.8?C, ?? ?m 72.3%, Kh? CO th?p (14.3 ppm), M?c ch?y: An to?n","Kh? CH4 (25.2 ppm), LPG (18.6 ppm), CO (14.3 ppm), M?c kh? gas: An to?n",Auto,OFF,OFF,OFF,OFF,
9/11/2025,3:03:35,29.411,74.377,15.53115,24.91248,19.30109,14.00712,29.18156,0.99285,An toan,An toan,"Nhi?t ?? 29.4?C, ?? ?m 74.4%, Kh? CO th?p (14.0 ppm), M?c ch?y: An to?n","Kh? CH4 (24.9 ppm), LPG (19.3 ppm), CO (14.0 ppm), M?c kh? gas: An to?n",Auto,OFF,OFF,OFF,OFF,
9/11/2025,3:05:25,30.283,75.896,15.94328,26.92495,19.93797,14.22878,18.23549,0.5121,An toan,An toan,"Nhi?t ?? 30.3?C, ?? ?m 75.9%, Kh? CO th?p (14.2 ppm), M?c ch?y: An to?n","Kh? CH4 (26.9 ppm), LPG (19.9 ppm), CO (14.2 ppm), M?c kh? gas: An to?n",Auto,OFF,OFF,OFF,OFF,
9/11/2025,3:07:43,29.729,69.136,14.70304,26.73122,17.44754,13.98629,23.83239,0.75546,An toan,An toan,"Nhi?t ?? 29.7?C, ?? ?m 69.1%, Kh? CO th?p (14.0 ppm), M?c ch?y: An to?n","Kh? CH4 (26.7 ppm), LPG (17.4 ppm), CO (14.0 ppm), M?c kh? gas: An to?n",Auto,OFF,OFF,OFF,OFF,
9/11/2025,3:09:47,29.002,71.462,15.23397,25.99011,18.24228,14.80365,14.59283,0.22996,An toan,An toan,"Nhi?t ?? 29.0?C, ?? ?m 71.5%, Kh? CO th?p (14.8 ppm), M?c ch?y: An to?n","Kh? CH4 (26.0 ppm), LPG (18.2 ppm), CO (14.8 ppm), M?c kh? gas: An to?n",Auto,OFF,OFF,OFF,OFF,
9/11/2025,3:12:38,30.753,73.143,15.75593,25.26569,18.18267,13.47981,18.70735,0.37565,An toan,An toan,"Nhi?t ?? 30.8?C, ?? ?m 73.1%, Kh? CO th?p (13.5 ppm), M?c ch?y: An to?n","Kh? CH4 (25.3 ppm), LPG (18.2 ppm), CO (13.5 ppm), M?c kh? gas: An to?n",Auto,OFF,OFF,OFF,OFF,
9/11/2025,3:14:14,29.54,69.025,15.92662,25.68614,19.33032,14.122,14.51028,0.60746,An toan,An toan,"Nhi?t ?? 29.5?C, ?? ?m 69.0%, Kh? CO th?p (14.1 ppm), M?c ch?y: An to?n","Kh? CH4 (25.7 ppm), LPG (19.3 ppm), CO (14.1 ppm), M?c kh? gas: An to?n",Auto,OFF,OFF,OFF,OFF,
9/11/2025,3:17:09,30.127,69.409,15.52564,26.93013,18.48336,13.45811,11.24025,0.26724,An toan,An toan,"Nhi?t ?? 30.1?C, ?? ?m 69.4%, Kh? CO th?p (13.5 ppm), M?c ch?y: An to?n","Kh? CH4 (26.9 ppm), LPG (18.5 ppm), CO (13.5 ppm), M?c kh? gas: An to?n",Auto,OFF,OFF,OFF,OFF,
9/11/2025,3:21:06,30.687,73.06,14.65942,24.37183,17.28157,13.55885,25.49966,0.23021,An toan,An toan,"Nhi?t ?? 30.7?C, ?? ?m 73.1%, Kh? CO th?p (13.6 ppm), M?c ch?y: An to?n","Kh? CH4 (24.4 ppm), LPG (17.3 ppm), CO (13.6 ppm), M?c kh? gas: An to?n",Auto,OFF,OFF,OFF,OFF,
9/11/2025,3:21:11,30.593,74.262,15.40424,25.35783,17.13819,13.35387,13.74066,0.20934,An toan,An toan,"Nhi?t ?? 30.6?C, ?? ?m 74.3%, Kh? CO th?p (13.4 ppm), M?c ch?y: An to?n","Kh? CH4 (25.4 ppm), LPG (17.1 ppm), CO (13.4 ppm), M?c kh? gas: An to?n",Auto,OFF,OFF,OFF,OFF,
9/11/2025,3:23:30,29.92,79.882,15.28123,25.28311,18.41883,13.53678,12.81741,0.22509,An toan,An toan,"Nhi?t ?? 29.9?C, ?? ?m 79.9%, Kh? CO th?p (13.5 ppm), M?c ch?y: An to?n","Kh? CH4 (25.3 ppm), LPG (18.4 ppm), CO (13.5 ppm), M?c kh? gas: An to?n",Auto,OFF,OFF,OFF,OFF,
9/11/2025,3:27:54,29.041,76.884,14.81623,24.48613,19.71936,14.8614,23.04423,0.76788,An toan,An toan,"Nhi?t ?? 29.0?C, ?? ?m 76.9%, Kh? CO th?p (14.9 ppm), M?c ch?y: An to?n","Kh? CH4 (24.5 ppm), LPG (19.7 ppm), CO (14.9 ppm), M?c kh? gas: An to?n",Auto,OFF,OFF,OFF,OFF,
9/11/2025,3:28:48,29.356,76.721,15.2216,26.51201,17.85101,13.44278,17.18292,0.53272,An toan,An toan,"Nhi?t ?? 29.4?C, ?? ?m 76.7%, Kh? CO th?p (13.4 ppm), M?c ch?y: An to?n","Kh? CH4 (26.5 ppm), LPG (17.9 ppm), CO (13.4 ppm), M?c kh? gas: An to?n",Auto,OFF,OFF,OFF,OFF,
9/11/2025,3:33:13,29.669,69.588,15.2737,24.78913,17.93158,13.15815,23.43707,0.59144,An toan,An toan,"Nhi?t ?? 29.7?C, ?? ?m 69.6%, Kh? CO th?p (13.2 ppm), M?c ch?y: An to?n","Kh? CH4 (24.8 ppm), LPG (17.9 ppm), CO (13.2 ppm), M?c kh? gas: An to?n",Auto,OFF,OFF,OFF,OFF,
9/11/2025,3:33:59,29.539,73.959,14.28081,24.02966,19.4398,13.69605,26.43043,0.32305,An toan,An toan,"Nhi?t ?? 29.5?C, ?? ?m 74.0%, Kh? CO th?p (13.7 ppm), M?c ch?y: An to?n","Kh? CH4 (24.0 ppm), LPG (19.4 ppm), CO (13.7 ppm), M?c kh? gas: An to?n",Auto,OFF,OFF,OFF,OFF,
9/11/2025,3:39:37,30.399,74.878,15.92158,25.93181,18.66973,14.67191,22.20453,0.2791,An toan,An toan,"Nhi?t ?? 30.4?C, ?? ?m 74.9%, Kh? CO th?p (14.7 ppm), M?c ch?y: An to?n","Kh? CH4 (25.9 ppm), LPG (18.7 ppm), CO (14.7 ppm), M?c kh? gas: An to?n",Auto,OFF,OFF,OFF,OFF,
9/11/2025,3:43:56,29.045,72.584,15.17107,26.42203,18.32563,14.063,28.28287,0.94831,An toan,An toan,"Nhi?t ?? 29.0?C, ?? ?m 72.6%, Kh? CO th?p (14.1 ppm), M?c ch?y: An to?n","Kh? CH4 (26.4 ppm), LPG (18.3 ppm), CO (14.1 ppm), M?c kh? gas: An to?n",Auto,OFF,OFF,OFF,OFF,
9/11/2025,3:46:13,29.337,73.027,14.62365,26.68415,17.22087,14.52449,21.90648,0.71021,An toan,An toan,"Nhi?t ?? 29.3?C, ?? ?m 73.0%, Kh? CO th?p (14.5 ppm), M?c ch?y: An to?n","Kh? CH4 (26.7 ppm), LPG (17.2 ppm), CO (14.5 ppm), M?c kh? gas: An to?n",Auto,OFF,OFF,OFF,OFF,
9/11/2025,3:51:19,29.105,75.868,15.72961,26.24682,19.99846,13.41193,27.30949,0.45602,An toan,An toan,"Nhi?t ?? 29.1?C, ?? ?m 75.9%, Kh? CO th?p (13.4 ppm), M?c ch?y: An to?n","Kh? CH4 (26.2 ppm), LPG (20.0 ppm), CO (13.4 ppm), M?c kh? gas: An to?n",Auto,OFF,OFF,OFF,OFF,
9/11/2025,3:54:04,30.66,70.918,15.55725,26.34589,19.72235,13.55292,24.5433,0.10103,An toan,An toan,"Nhi?t ?? 30.7?C, ?? ?m 70.9%, Kh? CO th?p (13.6 ppm), M?c ch?y: An to?n","Kh? CH4 (26.3 ppm), LPG (19.7 ppm), CO (13.6 ppm), M?c kh? gas: An to?n",Auto,OFF,OFF,OFF,OFF,
9/11/2025,4:00:05,29.059,73.299,14.56613,25.01516,19.24159,14.58527,15.90283,0.20328,An toan,An toan,"Nhi?t ?? 29.1?C, ?? ?m 73.3%, Kh? CO th?p (14.6 ppm), M?c ch?y: An to?n","Kh? CH4 (25.0 ppm), LPG (19.2 ppm), CO (14.6 ppm), M?c kh? gas: An to?n",Auto,OFF,OFF,OFF,OFF,
9/11/2025,4:04:17,29.713,69.561,14.31701,25.88119,18.30021,13.66675,14.56404,0.44523,An toan,An toan,"Nhi?t ?? 29.7?C, ?? ?m 69.6%, Kh? CO th?p (13.7 ppm), M?c ch?y: An to?n","Kh? CH4 (25.9 ppm), LPG (18.3 ppm), CO (13.7 ppm), M?c kh? gas: An to?n",Auto,OFF,OFF,OFF,OFF,
9/11/2025,4:05:49,29.007,69.727,15.87154,25.42274,17.54582,14.89697,12.17759,0.53047,An toan,An toan,"Nhi?t ?? 29.0?C, ?? ?m 69.7%, Kh? CO th?p (14.9 ppm), M?c ch?y: An to?n","Kh? CH4 (25.4 ppm), LPG (17.5 ppm), CO (14.9 ppm), M?c kh? gas: An to?n",Auto,OFF,OFF,OFF,OFF,
9/11/2025,4:08:00,29.868,79.794,15.43064,26.82474,17.43504,13.52075,24.46167,0.43877,An toan,An toan,"Nhi?t ?? 29.9?C, ?? ?m 79.8%, Kh? CO th?p (13.5 ppm), M?c ch?y: An to?n","Kh? CH4 (26.8 ppm), LPG (17.4 ppm), CO (13.5 ppm), M?c kh? gas: An to?n",Auto,OFF,OFF,OFF,OFF,
9/11/2025,4:12:35,30.384,77.753,14.76767,26.73,18.61914,13.39337,13.81201,0.73248,An toan,An toan,"Nhi?t ?? 30.4?C, ?? ?m 77.8%, Kh? CO th?p (13.4 ppm), M?c ch?y: An to?n","Kh? CH4 (26.7 ppm), LPG (18.6 ppm), CO (13.4 ppm), M?c kh? gas: An to?n",Auto,OFF,OFF,OFF,OFF,
9/11/2025,4:15:42,30.086,77.347,14.59172,26.11156,18.47138,13.38019,18.94624,0.71321,An toan,An toan,"Nhi?t ?? 30.1?C, ?? ?m 77.3%, Kh? CO th?p (13.4 ppm), M?c ch?y: An to?n","Kh? CH4 (26.1 ppm), LPG (18.5 ppm), CO (13.4 ppm), M?c kh? gas: An to?n",Auto,OFF,OFF,OFF,OFF,
9/11/2025,4:19:07,29.104,79.501,15.92756,26.10722,17.99184,13.58663,21.28133,0.84066,An toan,An toan,"Nhi?t ?? 29.1?C, ?? ?m 79.5%, Kh? CO th?p (13.6 ppm), M?c ch?y: An to?n","Kh? CH4 (26.1 ppm), LPG (18.0 ppm), CO (13.6 ppm), M?c kh? gas: An to?n",Auto,OFF,OFF,OFF,OFF,
9/11/2025,4:20:16,30.467,73.888,15.74772,26.50463,18.85517,13.64171,12.19946,0.3485,An toan,An toan,"Nhi?t ?? 30.5?C, ?? ?m 73.9%, Kh? CO th?p (13.6 ppm), M?c ch?y: An to?n","Kh? CH4 (26.5 ppm), LPG (18.9 ppm), CO (13.6 ppm), M?c kh? gas: An to?n",Auto,OFF,OFF,OFF,OFF,
9/11/2025,4:25:50,29.536,70.902,14.77168,25.43531,17.25873,13.13732,11.96484,0.45619,An toan,An toan,"Nhi?t ?? 29.5?C, ?? ?m 70.9%, Kh? CO th?p (13.1 ppm), M?c ch?y: An to?n","Kh? CH4 (25.4 ppm), LPG (17.3 ppm), CO (13.1 ppm), M?c kh? gas: An to?n",Auto,OFF,OFF,OFF,OFF,
9/11/2025,4:26:37,29.426,72.571,15.53335,24.88485,17.41384,13.2232,28.89478,0.26242,An toan,An toan,"Nhi?t ?? 29.4?C, ?? ?m 72.6%, Kh? CO th?p (13.2 ppm), M?c ch?y: An to?n","Kh? CH4 (24.9 ppm), LPG (17.4 ppm), CO (13.2 ppm), M?c kh? gas: An to?n",Auto,OFF,OFF,OFF,OFF,
9/11/2025,4:32:56,29.344,77.574,15.89731,25.08706,19.2496,13.49331,21.7618,0.38129,An toan,An toan,"Nhi?t ?? 29.3?C, ?? ?m 77.6%, Kh? CO th?p (13.5 ppm), M?c ch?y: An to?n","Kh? CH4 (25.1 ppm), LPG (19.2 ppm), CO (13.5 ppm), M?c kh? gas: An to?n",Auto,OFF,OFF,OFF,OFF,
9/11/2025,4:33:19,29.384,73.87,14.6754,25.78698,18.47197,13.28651,22.7164,0.46672,An toan,An toan,"Nhi?t ?? 29.4?C, ?? ?m 73.9%, Kh? CO th?p (13.3 ppm), M?c ch?y: An to?n","Kh? CH4 (25.8 ppm), LPG (18.5 ppm), CO (13.3 ppm), M?c kh? gas: An to?n",Auto,OFF,OFF,OFF,OFF,
9/11/2025,4:37:23,29.84,71.881,14.06143,24.92875,18.59319,13.0695,29.09278,0.89291,An toan,An toan,"Nhi?t ?? 29.8?C, ?? ?m 71.9%, Kh? CO th?p (13.1 ppm), M?c ch?y: An to?n","Kh? CH4 (24.9 ppm), LPG (18.6 ppm), CO (13.1 ppm), M?c kh? gas: An to?n",Auto,OFF,OFF,OFF,OFF,
9/11/2025,4:39:57,29.872,79.542,15.13015,25.33007,19.21524,13.94281,12.25727,0.78637,An toan,An toan,"Nhi?t ?? 29.9?C, ?? ?m 79.5%, Kh? CO th?p (13.9 ppm), M?c ch?y: An to?n","Kh? CH4 (25.3 ppm), LPG (19.2 ppm), CO (13.9 ppm), M?c kh? gas: An to?n",Auto,OFF,OFF,OFF,OFF,
9/11/2025,4:51:13,30.558,70.798,15.93261,26.24649,17.76729,14.99777,22.50292,0.46291,An toan,An toan,"Nhi?t ?? 30.6?C, ?? ?m 70.8%, Kh? CO th?p (15.0 ppm), M?c ch?y: An to?n","Kh? CH4 (26.2 ppm), LPG (17.8 ppm), CO (15.0 ppm), M?c kh? gas: An to?n",Auto,OFF,OFF,OFF,OFF,
9/11/2025,4:51:16,30.418,71.487,14.5672,26.01692,18.65161,14.97091,24.64826,0.2948,An toan,An toan,"Nhi?t ?? 30.4?C, ?? ?m 71.5%, Kh? CO th?p (15.0 ppm), M?c ch?y: An to?n","Kh? CH4 (26.0 ppm), LPG (18.7 ppm), CO (15.0 ppm), M?c kh? gas: An to?n",Auto,OFF,OFF,OFF,OFF,
9/11/2025,4:55:39,29.777,74.991,15.26069,24.51854,19.69885,14.00994,24.27859,0.38555,An toan,An toan,"Nhi?t ?? 29.8?C, ?? ?m 75.0%, Kh? CO th?p (14.0 ppm), M?c ch?y: An to?n","Kh? CH4 (24.5 ppm), LPG (19.7 ppm), CO (14.0 ppm), M?c kh? gas: An to?n",Auto,OFF,OFF,OFF,OFF,
9/11/2025,4:55:44,30.612,77.508,15.21316,25.02871,18.17001,13.49735,16.56076,0.17582,An toan,An toan,"Nhi?t ?? 30.6?C, ?? ?m 77.5%, Kh? CO th?p (13.5 ppm), M?c ch?y: An to?n","Kh? CH4 (25.0 ppm), LPG (18.2 ppm), CO (13.5 ppm), M?c kh? gas: An to?n",Auto,OFF,OFF,OFF,OFF,
9/11/2025,4:56:53,29.481,77.574,15.37156,26.65418,17.77022,14.23239,10.07819,0.54835,An toan,An toan,"Nhi?t ?? 29.5?C, ?? ?m 77.6%, Kh? CO th?p (14.2 ppm), M?c ch?y: An to?n","Kh? CH4 (26.7 ppm), LPG (17.8 ppm), CO (14.2 ppm), M?c kh? gas: An to?n",Auto,OFF,OFF,OFF,OFF,
9/11/2025,4:57:15,29.542,73.221,14.46112,25.94219,18.36936,13.71418,24.64096,0.41324,An toan,An toan,"Nhi?t ?? 29.5?C, ?? ?m 73.2%, Kh? CO th?p (13.7 ppm), M?c ch?y: An to?n","Kh? CH4 (25.9 ppm), LPG (18.4 ppm), CO (13.7 ppm), M?c kh? gas: An to?n",Auto,OFF,OFF,OFF,OFF,
9/11/2025,5:00:29,30.88,79.789,15.17976,25.19194,19.26057,13.46565,10.55689,0.49897,An toan,An toan,"Nhi?t ?? 30.9?C, ?? ?m 79.8%, Kh? CO th?p (13.5 ppm), M?c ch?y: An to?n","Kh? CH4 (25.2 ppm), LPG (19.3 ppm), CO (13.5 ppm), M?c kh? gas: An to?n",Auto,OFF,OFF,OFF,OFF,
9/11/2025,5:08:36,29.098,71.882,15.85562,24.46817,18.76723,14.84387,21.46883,0.43546,An toan,An toan,"Nhi?t ?? 29.1?C, ?? ?m 71.9%, Kh? CO th?p (14.8 ppm), M?c ch?y: An to?n","Kh? CH4 (24.5 ppm), LPG (18.8 ppm), CO (14.8 ppm), M?c kh? gas: An to?n",Auto,OFF,OFF,OFF,OFF,
9/11/2025,5:08:50,29.177,75.775,15.67373,25.00181,19.32104,13.7845,19.01849,0.72925,An toan,An toan,"Nhi?t ?? 29.2?C, ?? ?m 75.8%, Kh? CO th?p (13.8 ppm), M?c ch?y: An to?n","Kh? CH4 (25.0 ppm), LPG (19.3 ppm), CO (13.8 ppm), M?c kh? gas: An to?n",Auto,OFF,OFF,OFF,OFF,
9/11/2025,5:13:49,29.075,71.283,15.94547,25.92511,19.87172,13.44689,24.87331,0.59218,An toan,An toan,"Nhi?t ?? 29.1?C, ?? ?m 71.3%, Kh? CO th?p (13.4 ppm), M?c ch?y: An to?n","Kh? CH4 (25.9 ppm), LPG (19.9 ppm), CO (13.4 ppm), M?c kh? gas: An to?n",Auto,OFF,OFF,OFF,OFF,
9/11/2025,5:15:52,30.284,71.061,14.17391,25.0302,18.40088,13.21943,25.50834,0.37453,An toan,An toan,"Nhi?t ?? 30.3?C, ?? ?m 71.1%, Kh? CO th?p (13.2 ppm), M?c ch?y: An to?n","Kh? CH4 (25.0 ppm), LPG (18.4 ppm), CO (13.2 ppm), M?c kh? gas: An to?n",Auto,OFF,OFF,OFF,OFF,
9/11/2025,5:21:31,30.907,70.245,15.86601,25.78741,19.13657,14.61146,21.10174,0.40434,An toan,An toan,"Nhi?t ?? 30.9?C, ?? ?m 70.2%, Kh? CO th?p (14.6 ppm), M?c ch?y: An to?n","Kh? CH4 (25.8 ppm), LPG (19.1 ppm), CO (14.6 ppm), M?c kh? gas: An to?n",Auto,OFF,OFF,OFF,OFF,
9/11/2025,5:21:53,29.159,73.635,15.05653,24.73609,18.75785,13.93819,15.80726,0.36074,An toan,An toan,"Nhi?t ?? 29.2?C, ?? ?m 73.6%, Kh? CO th?p (13.9 ppm), M?c ch?y: An to?n","Kh? CH4 (24.7 ppm), LPG (18.8 ppm), CO (13.9 ppm), M?c kh? gas: An to?n",Auto,OFF,OFF,OFF,OFF,
9/11/2025,5:23:15,30.35,76.847,14.85631,24.75578,17.0935,14.68285,21.34002,0.30408,An toan,An toan,"Nhi?t ?? 30.4?C, ?? ?m 76.8%, Kh? CO th?p (14.7 ppm), M?c ch?y: An to?n","Kh? CH4 (24.8 ppm), LPG (17.1 ppm), CO (14.7 ppm), M?c kh? gas: An to?n",Auto,OFF,OFF,OFF,OFF,
9/11/2025,5:23:21,29.352,71.207,14.4493,25.25023,17.77495,14.1977,15.68559,0.67116,An toan,An toan,"Nhi?t ?? 29.4?C, ?? ?m 71.2%, Kh? CO th?p (14.2 ppm), M?c ch?y: An to?n","Kh? CH4 (25.3 ppm), LPG (17.8 ppm), CO (14.2 ppm), M?c kh? gas: An to?n",Auto,OFF,OFF,OFF,OFF,
9/11/2025,5:29:36,29.337,78.284,15.96669,25.57147,17.74953,14.11457,24.53116,0.38527,An toan,An toan,"Nhi?t ?? 29.3?C, ?? ?m 78.3%, Kh? CO th?p (14.1 ppm), M?c ch?y: An to?n","Kh? CH4 (25.6 ppm), LPG (17.7 ppm), CO (14.1 ppm), M?c kh? gas: An to?n",Auto,OFF,OFF,OFF,OFF,
9/11/2025,5:34:07,30.963,72.108,15.27751,26.37735,19.26672,14.79709,18.45383,0.82388,An toan,An toan,"Nhi?t ?? 31.0?C, ?? ?m 72.1%, Kh? CO th?p (14.8 ppm), M?c ch?y: An to?n","Kh? CH4 (26.4 ppm), LPG (19.3 ppm), CO (14.8 ppm), M?c kh? gas: An to?n",Auto,OFF,OFF,OFF,OFF,
9/11/2025,5:36:12,30.811,71.877,14.61428,26.26992,18.68095,13.28075,26.48273,0.72886,An toan,An toan,"Nhi?t ?? 30.8?C, ?? ?m 71.9%, Kh? CO th?p (13.3 ppm), M?c ch?y: An to?n","Kh? CH4 (26.3 ppm), LPG (18.7 ppm), CO (13.3 ppm), M?c kh? gas: An to?n",Auto,OFF,OFF,OFF,OFF,
9/11/2025,5:38:41,29.112,75.099,14.8686,26.28666,18.93793,14.78342,19.01686,0.96394,An toan,An toan,"Nhi?t ?? 29.1?C, ?? ?m 75.1%, Kh? CO th?p (14.8 ppm), M?c ch?y: An to?n","Kh? CH4 (26.3 ppm), LPG (18.9 ppm), CO (14.8 ppm), M?c kh? gas: An to?n",Auto,OFF,OFF,OFF,OFF,
9/11/2025,5:42:08,29.4,70.989,15.63783,25.26436,18.37271,13.93145,23.78241,0.19779,An toan,An toan,"Nhi?t ?? 29.4?C, ?? ?m 71.0%, Kh? CO th?p (13.9 ppm), M?c ch?y: An to?n","Kh? CH4 (25.3 ppm), LPG (18.4 ppm), CO (13.9 ppm), M?c kh? gas: An to?n",Auto,OFF,OFF,OFF,OFF,
9/11/2025,5:46:40,29.36,71.047,14.58733,26.53356,17.78605,13.27936,17.33148,0.31157,An toan,An toan,"Nhi?t ?? 29.4?C, ?? ?m 71.0%, Kh? CO th?p (13.3 ppm), M?c ch?y: An to?n","Kh? CH4 (26.5 ppm), LPG (17.8 ppm), CO (13.3 ppm), M?c kh? gas: An to?n",Auto,OFF,OFF,OFF,OFF,
9/11/2025,5:50:44,30.635,71.173,15.14798,25.64609,19.12802,13.14313,24.72925,0.90279,An toan,An toan,"Nhi?t ?? 30.6?C, ?? ?m 71.2%, Kh? CO th?p (13.1 ppm), M?c ch?y: An to?n","Kh? CH4 (25.6 ppm), LPG (19.1 ppm), CO (13.1 ppm), M?c kh? gas: An to?n",Auto,OFF,OFF,OFF,OFF,
9/11/2025,5:55:17,30.903,78.103,14.41279,25.12634,18.45241,14.35768,14.62931,0.77851,An toan,An toan,"Nhi?t ?? 30.9?C, ?? ?m 78.1%, Kh? CO th?p (14.4 ppm), M?c ch?y: An to?n","Kh? CH4 (25.1 ppm), LPG (18.5 ppm), CO (14.4 ppm), M?c kh? gas: An to?n",Auto,OFF,OFF,OFF,OFF,
9/11/2025,5:56:09,30.184,77.34,15.82824,26.16981,17.98436,13.39674,12.11798,0.11373,An toan,An toan,"Nhi?t ?? 30.2?C, ?? ?m 77.3%, Kh? CO th?p (13.4 ppm), M?c ch?y: An to?n","Kh? CH4 (26.2 ppm), LPG (18.0 ppm), CO (13.4 ppm), M?c kh? gas: An to?n",Auto,OFF,OFF,OFF,OFF,
9/11/2025,5:56:19,29.576,72.595,15.34732,24.60056,19.97525,13.24586,28.8243,0.80775,An toan,An toan,"Nhi?t ?? 29.6?C, ?? ?m 72.6%, Kh? CO th?p (13.2 ppm), M?c ch?y: An to?n","Kh? CH4 (24.6 ppm), LPG (20.0 ppm), CO (13.2 ppm), M?c kh? gas: An to?n",Auto,OFF,OFF,OFF,OFF,
9/11/2025,5:57:12,30.412,74.624,14.96841,25.33867,18.55276,14.49902,27.65501,0.38117,An toan,An toan,"Nhi?t ?? 30.4?C, ?? ?m 74.6%, Kh? CO th?p (14.5 ppm), M?c ch?y: An to?n","Kh? CH4 (25.3 ppm), LPG (18.6 ppm), CO (14.5 ppm), M?c kh? gas: An to?n",Auto,OFF,OFF,OFF,OFF,
9/11/2025,6:00:24,30.814,70.114,15.28473,26.96637,17.93408,13.05121,27.02157,0.3694,An toan,An toan,"Nhi?t ?? 30.8?C, ?? ?m 70.1%, Kh? CO th?p (13.1 ppm), M?c ch?y: An to?n","Kh? CH4 (27.0 ppm), LPG (17.9 ppm), CO (13.1 ppm), M?c kh? gas: An to?n",Auto,OFF,OFF,OFF,OFF,
9/11/2025,6:04:09,29.079,70.316,14.66841,26.91962,18.50218,14.67239,22.25476,0.98611,An toan,An toan,"Nhi?t ?? 29.1?C, ?? ?m 70.3%, Kh? CO th?p (14.7 ppm), M?c ch?y: An to?n","Kh? CH4 (26.9 ppm), LPG (18.5 ppm), CO (14.7 ppm), M?c kh? gas: An to?n",Auto,OFF,OFF,OFF,OFF,
9/11/2025,6:06:42,29.174,76.228,14.78871,24.26213,17.21066,14.6416,26.56652,0.53627,An toan,An toan,"Nhi?t ?? 29.2?C, ?? ?m 76.2%, Kh? CO th?p (14.6 ppm), M?c ch?y: An to?n","Kh? CH4 (24.3 ppm), LPG (17.2 ppm), CO (14.6 ppm), M?c kh? gas: An to?n",Auto,OFF,OFF,OFF,OFF,
9/11/2025,6:06:51,29.448,73.397,15.79206,26.78374,17.41517,14.82657,17.41685,0.55532,An toan,An toan,"Nhi?t ?? 29.4?C, ?? ?m 73.4%, Kh? CO th?p (14.8 ppm), M?c ch?y: An to?n","Kh? CH4 (26.8 ppm), LPG (17.4 ppm), CO (14.8 ppm), M?c kh? gas: An to?n",Auto,OFF,OFF,OFF,OFF,
9/11/2025,6:07:08,29.387,71.749,15.30332,24.99005,19.51601,14.2974,12.44549,0.89836,An toan,An toan,"Nhi?t ?? 29.4?C, ?? ?m 71.7%, Kh? CO th?p (14.3 ppm), M?c ch?y: An to?n","Kh? CH4 (25.0 ppm), LPG (19.5 ppm), CO (14.3 ppm), M?c kh? gas: An to?n",Auto,OFF,OFF,OFF,OFF,
9/11/2025,6:11:48,30.215,75.828,15.01297,25.96821,19.83474,14.82859,16.34625,0.81482,An toan,An toan,"Nhi?t ?? 30.2?C, ?? ?m 75.8%, Kh? CO th?p (14.8 ppm), M?c ch?y: An to?n","Kh? CH4 (26.0 ppm), LPG (19.8 ppm), CO (14.8 ppm), M?c kh? gas: An to?n",Auto,OFF,OFF,OFF,OFF,
9/11/2025,6:13:22,30.913,76.76,15.23318,25.91974,18.16643,14.2882,13.64989,0.24125,An toan,An toan,"Nhi?t ?? 30.9?C, ?? ?m 76.8%, Kh? CO th?p (14.3 ppm), M?c ch?y: An to?n","Kh? CH4 (25.9 ppm), LPG (18.2 ppm), CO (14.3 ppm), M?c kh? gas: An to?n",Auto,OFF,OFF,OFF,OFF,
9/11/2025,6:18:59,29.674,74.232,14.44443,26.12885,18.79321,14.85285,20.17469,0.55733,An toan,An toan,"Nhi?t ?? 29.7?C, ?? ?m 74.2%, Kh? CO th?p (14.9 ppm), M?c ch?y: An to?n","Kh? CH4 (26.1 ppm), LPG (18.8 ppm), CO (14.9 ppm), M?c kh? gas: An to?n",Auto,OFF,OFF,OFF,OFF,
9/11/2025,6:19:52,29.596,79.087,15.67309,24.38222,17.4331,13.19489,24.57526,0.8901,An toan,An toan,"Nhi?t ?? 29.6?C, ?? ?m 79.1%, Kh? CO th?p (13.2 ppm), M?c ch?y: An to?n","Kh? CH4 (24.4 ppm), LPG (17.4 ppm), CO (13.2 ppm), M?c kh? gas: An to?n",Auto,OFF,OFF,OFF,OFF,
9/11/2025,6:21:06,30.16,73.396,15.46264,26.94368,18.2264,13.38323,11.01246,0.67619,An toan,An toan,"Nhi?t ?? 30.2?C, ?? ?m 73.4%, Kh? CO th?p (13.4 ppm), M?c ch?y: An to?n","Kh? CH4 (26.9 ppm), LPG (18.2 ppm), CO (13.4 ppm), M?c kh? gas: An to?n",Auto,OFF,OFF,OFF,OFF,
9/11/2025,6:32:49,29.25,69.162,14.08063,24.63638,19.2709,13.11106,10.83002,0.5723,An toan,An toan,"Nhi?t ?? 29.2?C, ?? ?m 69.2%, Kh? CO th?p (13.1 ppm), M?c ch?y: An to?n","Kh? CH4 (24.6 ppm), LPG (19.3 ppm), CO (13.1 ppm), M?c kh? gas: An to?n",Auto,OFF,OFF,OFF,OFF,
9/11/2025,6:33:51,29.913,77.804,15.4973,25.05115,17.55138,14.93345,19.34346,0.99173,An toan,An toan,"Nhi?t ?? 29.9?C, ?? ?m 77.8%, Kh? CO th?p (14.9 ppm), M?c ch?y: An to?n","Kh? CH4 (25.1 ppm), LPG (17.6 ppm), CO (14.9 ppm), M?c kh? gas: An to?n",Auto,OFF,OFF,OFF,OFF,
9/11/2025,6:37:04,29.661,72.953,15.34154,24.87742,19.72254,13.48989,24.59376,0.80075,An toan,An toan,"Nhi?t ?? 29.7?C, ?? ?m 73.0%, Kh? CO th?p (13.5 ppm), M?c ch?y: An to?n","Kh? CH4 (24.9 ppm), LPG (19.7 ppm), CO (13.5 ppm), M?c kh? gas: An to?n",Auto,OFF,OFF,OFF,OFF,
9/11/2025,6:40:00,30.659,69.732,15.555,26.01737,19.79483,13.09534,21.16792,0.5355,An toan,An toan,"Nhi?t ?? 30.7?C, ?? ?m 69.7%, Kh? CO th?p (13.1 ppm), M?c ch?y: An to?n","Kh? CH4 (26.0 ppm), LPG (19.8 ppm), CO (13.1 ppm), M?c kh? gas: An to?n",Auto,OFF,OFF,OFF,OFF,
9/11/2025,6:44:55,29.851,71.249,15.52023,25.1165,19.54192,14.66576,18.41009,0.65603,An toan,An toan,"Nhi?t ?? 29.9?C, ?? ?m 71.2%, Kh? CO th?p (14.7 ppm), M?c ch?y: An to?n","Kh? CH4 (25.1 ppm), LPG (19.5 ppm), CO (14.7 ppm), M?c kh? gas: An to?n",Auto,OFF,OFF,OFF,OFF,
9/11/2025,6:44:59,30.549,77.82,14.63155,24.98294,19.37475,14.71453,17.69821,0.95179,An toan,An toan,"Nhi?t ?? 30.5?C, ?? ?m 77.8%, Kh? CO th?p (14.7 ppm), M?c ch?y: An to?n","Kh? CH4 (25.0 ppm), LPG (19.4 ppm), CO (14.7 ppm), M?c kh? gas: An to?n",Auto,OFF,OFF,OFF,OFF,
9/11/2025,6:49:12,29.655,76.127,14.33375,24.7254,19.25112,14.38371,21.07906,0.46909,An toan,An toan,"Nhi?t ?? 29.7?C, ?? ?m 76.1%, Kh? CO th?p (14.4 ppm), M?c ch?y: An to?n","Kh? CH4 (24.7 ppm), LPG (19.3 ppm), CO (14.4 ppm), M?c kh? gas: An to?n",Auto,OFF,OFF,OFF,OFF,
9/11/2025,6:49:45,30.163,76.436,15.22751,25.86014,18.09347,13.54416,12.61074,0.24334,An toan,An toan,"Nhi?t ?? 30.2?C, ?? ?m 76.4%, Kh? CO th?p (13.5 ppm), M?c ch?y: An to?n","Kh? CH4 (25.9 ppm), LPG (18.1 ppm), CO (13.5 ppm), M?c kh? gas: An to?n",Auto,OFF,OFF,OFF,OFF,
9/11/2025,6:57:08,30.193,77.371,15.10575,25.48546,17.10742,13.53936,27.96017,0.71082,An toan,An toan,"Nhi?t ?? 30.2?C, ?? ?m 77.4%, Kh? CO th?p (13.5 ppm), M?c ch?y: An to?n","Kh? CH4 (25.5 ppm), LPG (17.1 ppm), CO (13.5 ppm), M?c kh? gas: An to?n",Auto,OFF,OFF,OFF,OFF,
9/11/2025,6:57:35,30.295,72.492,14.61131,24.54449,17.57389,13.70621,16.10931,0.54145,An toan,An toan,"Nhi?t ?? 30.3?C, ?? ?m 72.5%, Kh? CO th?p (13.7 ppm), M?c ch?y: An to?n","Kh? CH4 (24.5 ppm), LPG (17.6 ppm), CO (13.7 ppm), M?c kh? gas: An to?n",Auto,OFF,OFF,OFF,OFF,
9/11/2025,7:02:35,29.047,73.637,15.93596,26.99524,19.30977,13.39703,19.30023,0.76138,An toan,An toan,"Nhi?t ?? 29.0?C, ?? ?m 73.6%, Kh? CO th?p (13.4 ppm), M?c ch?y: An to?n","Kh? CH4 (27.0 ppm), LPG (19.3 ppm), CO (13.4 ppm), M?c kh? gas: An to?n",Auto,OFF,OFF,OFF,OFF,
9/11/2025,7:06:29,29.242,73.963,14.08337,26.76681,18.65945,13.85521,25.73595,0.991,An toan,An toan,"Nhi?t ?? 29.2?C, ?? ?m 74.0%, Kh? CO th?p (13.9 ppm), M?c ch?y: An to?n","Kh? CH4 (26.8 ppm), LPG (18.7 ppm), CO (13.9 ppm), M?c kh? gas: An to?n",Auto,OFF,OFF,OFF,OFF,
9/11/2025,7:08:27,29.387,73.651,15.65364,25.91099,17.06197,14.59105,17.1435,0.57941,An toan,An toan,"Nhi?t ?? 29.4?C, ?? ?m 73.7%, Kh? CO th?p (14.6 ppm), M?c ch?y: An to?n","Kh? CH4 (25.9 ppm), LPG (17.1 ppm), CO (14.6 ppm), M?c kh? gas: An to?n",Auto,OFF,OFF,OFF,OFF,
9/11/2025,7:12:09,29.915,75.948,15.56272,26.90262,17.22892,14.82973,21.41883,0.88009,An toan,An toan,"Nhi?t ?? 29.9?C, ?? ?m 75.9%, Kh? CO th?p (14.8 ppm), M?c ch?y: An to?n","Kh? CH4 (26.9 ppm), LPG (17.2 ppm), CO (14.8 ppm), M?c kh? gas: An to?n",Auto,OFF,OFF,OFF,OFF,
9/11/2025,7:16:18,29.07,75.775,14.28109,26.58596,19.25082,13.97832,13.25114,0.2032,An toan,An toan,"Nhi?t ?? 29.1?C, ?? ?m 75.8%, Kh? CO th?p (14.0 ppm), M?c ch?y: An to?n","Kh? CH4 (26.6 ppm), LPG (19.3 ppm), CO (14.0 ppm), M?c kh? gas: An to?n",Auto,OFF,OFF,OFF,OFF,
9/11/2025,7:19:49,29.608,78.231,15.98132,24.93341,17.795,13.7058,25.61428,0.39971,An toan,An toan,"Nhi?t ?? 29.6?C, ?? ?m 78.2%, Kh? CO th?p (13.7 ppm), M?c ch?y: An to?n","Kh? CH4 (24.9 ppm), LPG (17.8 ppm), CO (13.7 ppm), M?c kh? gas: An to?n",Auto,OFF,OFF,OFF,OFF,
9/11/2025,7:24:50,29.895,79.412,14.71133,26.92671,17.29064,13.47782,20.2708,0.31826,An toan,An toan,"Nhi?t ?? 29.9?C, ?? ?m 79.4%, Kh? CO th?p (13.5 ppm), M?c ch?y: An to?n","Kh? CH4 (26.9 ppm), LPG (17.3 ppm), CO (13.5 ppm), M?c kh? gas: An to?n",Auto,OFF,OFF,OFF,OFF,
9/11/2025,7:27:39,29.946,73.502,14.93485,25.84788,18.77491,14.09399,17.64723,0.36552,An toan,An toan,"Nhi?t ?? 29.9?C, ?? ?m 73.5%, Kh? CO th?p (14.1 ppm), M?c ch?y: An to?n","Kh? CH4 (25.8 ppm), LPG (18.8 ppm), CO (14.1 ppm), M?c kh? gas: An to?n",Auto,OFF,OFF,OFF,OFF,
9/11/2025,7:27:47,30.872,71.584,15.59417,24.50989,19.49546,13.5623,28.70229,0.40576,An toan,An toan,"Nhi?t ?? 30.9?C, ?? ?m 71.6%, Kh? CO th?p (13.6 ppm), M?c ch?y: An to?n","Kh? CH4 (24.5 ppm), LPG (19.5 ppm), CO (13.6 ppm), M?c kh? gas: An to?n",Auto,OFF,OFF,OFF,OFF,
9/11/2025,7:29:38,29.388,71.82,15.80417,24.0064,18.38435,14.61491,13.83996,0.58066,An toan,An toan,"Nhi?t ?? 29.4?C, ?? ?m 71.8%, Kh? CO th?p (14.6 ppm), M?c ch?y: An to?n","Kh? CH4 (24.0 ppm), LPG (18.4 ppm), CO (14.6 ppm), M?c kh? gas: An to?n",Auto,OFF,OFF,OFF,OFF,
9/11/2025,7:32:22,29.192,69.114,15.50205,24.71291,17.58882,14.4496,14.2693,0.23038,An toan,An toan,"Nhi?t ?? 29.2?C, ?? ?m 69.1%, Kh? CO th?p (14.4 ppm), M?c ch?y: An to?n","Kh? CH4 (24.7 ppm), LPG (17.6 ppm), CO (14.4 ppm), M?c kh? gas: An to?n",Auto,OFF,OFF,OFF,OFF,
9/11/2025,7:34:51,29.847,73.03,14.81029,24.22888,19.80401,14.10748,20.07935,0.12847,An toan,An toan,"Nhi?t ?? 29.8?C, ?? ?m 73.0%, Kh? CO th?p (14.1 ppm), M?c ch?y: An to?n","Kh? CH4 (24.2 ppm), LPG (19.8 ppm), CO (14.1 ppm), M?c kh? gas: An to?n",Auto,OFF,OFF,OFF,OFF,
9/11/2025,7:35:13,30.841,77.333,15.23988,26.92334,18.3029,13.19238,16.69836,0.89129,An toan,An toan,"Nhi?t ?? 30.8?C, ?? ?m 77.3%, Kh? CO th?p (13.2 ppm), M?c ch?y: An to?n","Kh? CH4 (26.9 ppm), LPG (18.3 ppm), CO (13.2 ppm), M?c kh? gas: An to?n",Auto,OFF,OFF,OFF,OFF,
9/11/2025,7:37:57,30.138,74.062,15.65364,26.99525,18.69894,13.21883,11.17176,0.88527,An toan,An toan,"Nhi?t ?? 30.1?C, ?? ?m 74.1%, Kh? CO th?p (13.2 ppm), M?c ch?y: An to?n","Kh? CH4 (27.0 ppm), LPG (18.7 ppm), CO (13.2 ppm), M?c kh? gas: An to?n",Auto,OFF,OFF,OFF,OFF,
9/11/2025,7:41:50,29.079,72.972,14.51387,24.3262,17.53446,13.18544,11.05787,0.21952,An toan,An toan,"Nhi?t ?? 29.1?C, ?? ?m 73.0%, Kh? CO th?p (13.2 ppm), M?c ch?y: An to?n","Kh? CH4 (24.3 ppm), LPG (17.5 ppm), CO (13.2 ppm), M?c kh? gas: An to?n",Auto,OFF,OFF,OFF,OFF,
9/11/2025,7:47:04,30.081,71.533,15.21686,25.93412,17.78053,14.24862,27.70833,0.22971,An toan,An toan,"Nhi?t ?? 30.1?C, ?? ?m 71.5%, Kh? CO th?p (14.2 ppm), M?c ch?y: An to?n","Kh? CH4 (25.9 ppm), LPG (17.8 ppm), CO (14.2 ppm), M?c kh? gas: An to?n",Auto,OFF,OFF,OFF,OFF,
9/11/2025,7:49:21,30.821,69.947,15.98505,24.16218,18.91415,14.3938,10.35606,0.92086,An toan,An toan,"Nhi?t ?? 30.8?C, ?? ?m 69.9%, Kh? CO th?p (14.4 ppm), M?c ch?y: An to?n","Kh? CH4 (24.2 ppm), LPG (18.9 ppm), CO (14.4 ppm), M?c kh? gas: An to?n",Auto,OFF,OFF,OFF,OFF,
9/11/2025,7:57:46,30.854,75.256,15.44835,24.47754,19.03895,14.72717,19.31175,0.32345,An toan,An toan,"Nhi?t ?? 30.9?C, ?? ?m 75.3%, Kh? CO th?p (14.7 ppm), M?c ch?y: An to?n","Kh? CH4 (24.5 ppm), LPG (19.0 ppm), CO (14.7 ppm), M?c kh? gas: An to?n",Auto,OFF,OFF,OFF,OFF,
9/11/2025,7:58:24,29.979,69.835,14.0338,26.4276,19.73074,14.61185,29.23465,0.63508,An toan,An toan,"Nhi?t ?? 30.0?C, ?? ?m 69.8%, Kh? CO th?p (14.6 ppm), M?c ch?y: An to?n","Kh? CH4 (26.4 ppm), LPG (19.7 ppm), CO (14.6 ppm), M?c kh? gas: An to?n",Auto,OFF,OFF,OFF,OFF,
9/11/2025,7:58:33,29.586,74.37,14.749,26.37649,19.20767,14.63725,17.04734,0.7595,An toan,An toan,"Nhi?t ?? 29.6?C, ?? ?m 74.4%, Kh? CO th?p (14.6 ppm), M?c ch?y: An to?n","Kh? CH4 (26.4 ppm), LPG (19.2 ppm), CO (14.6 ppm), M?c kh? gas: An to?n",Auto,OFF,OFF,OFF,OFF,
9/11/2025,8:03:09,29.589,79.59,15.32007,24.43417,19.33763,14.77777,16.3211,0.21643,An toan,An toan,"Nhi?t ?? 29.6?C, ?? ?m 79.6%, Kh? CO th?p (14.8 ppm), M?c ch?y: An to?n","Kh? CH4 (24.4 ppm), LPG (19.3 ppm), CO (14.8 ppm), M?c kh? gas: An to?n",Auto,OFF,OFF,OFF,OFF,
9/11/2025,8:04:23,29.053,78.381,15.99309,26.0575,17.07821,13.41385,28.38569,0.45822,An toan,An toan,"Nhi?t ?? 29.1?C, ?? ?m 78.4%, Kh? CO th?p (13.4 ppm), M?c ch?y: An to?n","Kh? CH4 (26.1 ppm), LPG (17.1 ppm), CO (13.4 ppm), M?c kh? gas: An to?n",Auto,OFF,OFF,OFF,OFF,
9/11/2025,8:04:44,29.877,78.55,14.07382,25.40825,17.86341,13.17647,26.60643,0.21234,An toan,An toan,"Nhi?t ?? 29.9?C, ?? ?m 78.6%, Kh? CO th?p (13.2 ppm), M?c ch?y: An to?n","Kh? CH4 (25.4 ppm), LPG (17.9 ppm), CO (13.2 ppm), M?c kh? gas: An to?n",Auto,OFF,OFF,OFF,OFF,
9/11/2025,8:12:34,29.837,72.288,14.81807,26.30214,19.28339,13.31981,13.40983,0.7927,An toan,An toan,"Nhi?t ?? 29.8?C, ?? ?m 72.3%, Kh? CO th?p (13.3 ppm), M?c ch?y: An to?n","Kh? CH4 (26.3 ppm), LPG (19.3 ppm), CO (13.3 ppm), M?c kh? gas: An to?n",Auto,OFF,OFF,OFF,OFF,
9/11/2025,8:13:02,30.588,72.855,15.64712,24.83434,19.56093,14.53034,25.99375,0.85591,An toan,An toan,"Nhi?t ?? 30.6?C, ?? ?m 72.9%, Kh? CO th?p (14.5 ppm), M?c ch?y: An to?n","Kh? CH4 (24.8 ppm), LPG (19.6 ppm), CO (14.5 ppm), M?c kh? gas: An to?n",Auto,OFF,OFF,OFF,OFF,
9/11/2025,8:14:25,29.811,77.632,14.94664,24.1322,18.76699,14.93572,21.6224,0.10995,An toan,An toan,"Nhi?t ?? 29.8?C, ?? ?m 77.6%, Kh? CO th?p (14.9 ppm), M?c ch?y: An to?n","Kh? CH4 (24.1 ppm), LPG (18.8 ppm), CO (14.9 ppm), M?c kh? gas: An to?n",Auto,OFF,OFF,OFF,OFF,
9/11/2025,8:23:18,29.643,74.714,15.88924,25.76617,19.45516,13.98022,15.98128,0.71806,An toan,An toan,"Nhi?t ?? 29.6?C, ?? ?m 74.7%, Kh? CO th?p (14.0 ppm), M?c ch?y: An to?n","Kh? CH4 (25.8 ppm), LPG (19.5 ppm), CO (14.0 ppm), M?c kh? gas: An to?n",Auto,OFF,OFF,OFF,OFF,
9/11/2025,8:28:40,29.917,69.927,15.29124,25.58734,18.90232,14.13161,17.91301,0.75098,An toan,An toan,"Nhi?t ?? 29.9?C, ?? ?m 69.9%, Kh? CO th?p (14.1 ppm), M?c ch?y: An to?n","Kh? CH4 (25.6 ppm), LPG (18.9 ppm), CO (14.1 ppm), M?c kh? gas: An to?n",Auto,OFF,OFF,OFF,OFF,
9/11/2025,8:33:50,29.114,69.775,15.52,25.56047,19.53498,14.72678,10.94066,0.64638,An toan,An toan,"Nhi?t ?? 29.1?C, ?? ?m 69.8%, Kh? CO th?p (14.7 ppm), M?c ch?y: An to?n","Kh? CH4 (25.6 ppm), LPG (19.5 ppm), CO (14.7 ppm), M?c kh? gas: An to?n",Auto,OFF,OFF,OFF,OFF,
9/11/2025,8:35:24,29.32,69.991,14.74907,25.0355,19.24385,13.82084,19.01333,0.12369,An toan,An toan,"Nhi?t ?? 29.3?C, ?? ?m 70.0%, Kh? CO th?p (13.8 ppm), M?c ch?y: An to?n","Kh? CH4 (25.0 ppm), LPG (19.2 ppm), CO (13.8 ppm), M?c kh? gas: An to?n",Auto,OFF,OFF,OFF,OFF,
9/11/2025,8:35:58,30.119,70.016,14.70714,24.04187,19.81801,13.00342,21.68035,0.46508,An toan,An toan,"Nhi?t ?? 30.1?C, ?? ?m 70.0%, Kh? CO th?p (13.0 ppm), M?c ch?y: An to?n","Kh? CH4 (24.0 ppm), LPG (19.8 ppm), CO (13.0 ppm), M?c kh? gas: An to?n",Auto,OFF,OFF,OFF,OFF,
9/11/2025,8:37:41,29.29,74.934,14.48332,25.28946,19.99556,14.66529,12.68141,0.5627,An toan,An toan,"Nhi?t ?? 29.3?C, ?? ?m 74.9%, Kh? CO th?p (14.7 ppm), M?c ch?y: An to?n","Kh? CH4 (25.3 ppm), LPG (20.0 ppm), CO (14.7 ppm), M?c kh? gas: An to?n",Auto,OFF,OFF,OFF,OFF,
9/11/2025,8:38:53,29.96,71.26,15.00935,26.79343,18.65431,13.30855,22.5515,0.70247,An toan,An toan,"Nhi?t ?? 30.0?C, ?? ?m 71.3%, Kh? CO th?p (13.3 ppm), M?c ch?y: An to?n","Kh? CH4 (26.8 ppm), LPG (18.7 ppm), CO (13.3 ppm), M?c kh? gas: An to?n",Auto,OFF,OFF,OFF,OFF,
9/11/2025,8:39:17,30.503,75.797,15.76706,25.36299,18.27826,14.08335,25.01853,0.42951,An toan,An toan,"Nhi?t ?? 30.5?C, ?? ?m 75.8%, Kh? CO th?p (14.1 ppm), M?c ch?y: An to?n","Kh? CH4 (25.4 ppm), LPG (18.3 ppm), CO (14.1 ppm), M?c kh? gas: An to?n",Auto,OFF,OFF,OFF,OFF,
9/11/2025,8:39:26,30.186,75.64,15.79499,24.26021,17.20442,14.47546,23.02788,0.59202,An toan,An toan,"Nhi?t ?? 30.2?C, ?? ?m 75.6%, Kh? CO th?p (14.5 ppm), M?c ch?y: An to?n","Kh? CH4 (24.3 ppm), LPG (17.2 ppm), CO (14.5 ppm), M?c kh? gas: An to?n",Auto,OFF,OFF,OFF,OFF,
9/11/2025,8:40:13,29.511,79.67,15.03483,26.61037,18.08294,14.81445,26.23604,0.17807,An toan,An toan,"Nhi?t ?? 29.5?C, ?? ?m 79.7%, Kh? CO th?p (14.8 ppm), M?c ch?y: An to?n","Kh? CH4 (26.6 ppm), LPG (18.1 ppm), CO (14.8 ppm), M?c kh? gas: An to?n",Auto,OFF,OFF,OFF,OFF,
9/11/2025,8:44:06,29.815,73.89,15.77178,25.66091,19.52407,14.24541,12.84885,0.68311,An toan,An toan,"Nhi?t ?? 29.8?C, ?? ?m 73.9%, Kh? CO th?p (14.2 ppm), M?c ch?y: An to?n","Kh? CH4 (25.7 ppm), LPG (19.5 ppm), CO (14.2 ppm), M?c kh? gas: An to?n",Auto,OFF,OFF,OFF,OFF,
9/11/2025,8:52:51,29.905,77.317,14.69152,26.83164,17.30866,14.7223,10.0137,0.87067,An toan,An toan,"Nhi?t ?? 29.9?C, ?? ?m 77.3%, Kh? CO th?p (14.7 ppm), M?c ch?y: An to?n","Kh? CH4 (26.8 ppm), LPG (17.3 ppm), CO (14.7 ppm), M?c kh? gas: An to?n",Auto,OFF,OFF,OFF,OFF,
9/11/2025,8:53:49,30.599,72.555,14.90876,25.47726,18.92263,13.70518,17.73638,0.31806,An toan,An toan,"Nhi?t ?? 30.6?C, ?? ?m 72.6%, Kh? CO th?p (13.7 ppm), M?c ch?y: An to?n","Kh? CH4 (25.5 ppm), LPG (18.9 ppm), CO (13.7 ppm), M?c kh? gas: An to?n",Auto,OFF,OFF,OFF,OFF,
9/11/2025,8:56:09,29.854,70.911,14.43633,24.25791,18.04143,14.06739,26.41363,0.10671,An toan,An toan,"Nhi?t ?? 29.9?C, ?? ?m 70.9%, Kh? CO th?p (14.1 ppm), M?c ch?y: An to?n","Kh? CH4 (24.3 ppm), LPG (18.0 ppm), CO (14.1 ppm), M?c kh? gas: An to?n",Auto,OFF,OFF,OFF,OFF,
9/11/2025,9:02:55,30.741,79.531,14.57937,24.84103,18.54165,14.06206,18.69796,0.9929,An toan,An toan,"Nhi?t ?? 30.7?C, ?? ?m 79.5%, Kh? CO th?p (14.1 ppm), M?c ch?y: An to?n","Kh? CH4 (24.8 ppm), LPG (18.5 ppm), CO (14.1 ppm), M?c kh? gas: An to?n",Auto,OFF,OFF,OFF,OFF,
9/11/2025,9:03:13,30.343,73.802,15.01591,25.3455,18.75666,14.32094,25.10105,0.55005,An toan,An toan,"Nhi?t ?? 30.3?C, ?? ?m 73.8%, Kh? CO th?p (14.3 ppm), M?c ch?y: An to?n","Kh? CH4 (25.3 ppm), LPG (18.8 ppm), CO (14.3 ppm), M?c kh? gas: An to?n",Auto,OFF,OFF,OFF,OFF,
9/11/2025,9:07:55,29.234,69.43,15.36071,25.86299,18.69124,14.47607,10.22322,0.63763,An toan,An toan,"Nhi?t ?? 29.2?C, ?? ?m 69.4%, Kh? CO th?p (14.5 ppm), M?c ch?y: An to?n","Kh? CH4 (25.9 ppm), LPG (18.7 ppm), CO (14.5 ppm), M?c kh? gas: An to?n",Auto,OFF,OFF,OFF,OFF,
9/11/2025,9:09:18,30.422,75.39,15.98262,25.30002,17.93054,13.09575,26.18285,0.87457,An toan,An toan,"Nhi?t ?? 30.4?C, ?? ?m 75.4%, Kh? CO th?p (13.1 ppm), M?c ch?y: An to?n","Kh? CH4 (25.3 ppm), LPG (17.9 ppm), CO (13.1 ppm), M?c kh? gas: An to?n",Auto,OFF,OFF,OFF,OFF,
9/11/2025,9:19:57,29.212,72.912,14.83074,24.59184,19.06142,14.67915,19.5506,0.20538,An toan,An toan,"Nhi?t ?? 29.2?C, ?? ?m 72.9%, Kh? CO th?p (14.7 ppm), M?c ch?y: An to?n","Kh? CH4 (24.6 ppm), LPG (19.1 ppm), CO (14.7 ppm), M?c kh? gas: An to?n",Auto,OFF,OFF,OFF,OFF,
9/11/2025,9:21:49,30.765,72.535,15.51371,26.49827,19.79319,13.50199,26.0292,0.70181,An toan,An toan,"Nhi?t ?? 30.8?C, ?? ?m 72.5%, Kh? CO th?p (13.5 ppm), M?c ch?y: An to?n","Kh? CH4 (26.5 ppm), LPG (19.8 ppm), CO (13.5 ppm), M?c kh? gas: An to?n",Auto,OFF,OFF,OFF,OFF,
9/11/2025,9:23:49,29.192,72.472,15.12655,25.00782,17.56333,13.25527,26.2089,0.18551,An toan,An toan,"Nhi?t ?? 29.2?C, ?? ?m 72.5%, Kh? CO th?p (13.3 ppm), M?c ch?y: An to?n","Kh? CH4 (25.0 ppm), LPG (17.6 ppm), CO (13.3 ppm), M?c kh? gas: An to?n",Auto,OFF,OFF,OFF,OFF,
9/11/2025,9:26:50,30.329,71.334,15.75526,26.80864,17.7345,14.60695,29.5834,0.64831,An toan,An toan,"Nhi?t ?? 30.3?C, ?? ?m 71.3%, Kh? CO th?p (14.6 ppm), M?c ch?y: An to?n","Kh? CH4 (26.8 ppm), LPG (17.7 ppm), CO (14.6 ppm), M?c kh? gas: An to?n",Auto,OFF,OFF,OFF,OFF,
9/11/2025,9:29:04,29.675,77.901,14.79251,24.02645,18.15655,14.72423,10.20054,0.44763,An toan,An toan,"Nhi?t ?? 29.7?C, ?? ?m 77.9%, Kh? CO th?p (14.7 ppm), M?c ch?y: An to?n","Kh? CH4 (24.0 ppm), LPG (18.2 ppm), CO (14.7 ppm), M?c kh? gas: An to?n",Auto,OFF,OFF,OFF,OFF,
9/11/2025,9:33:11,30.894,69.25,15.89812,26.9411,18.17676,14.08944,13.1806,0.46329,An toan,An toan,"Nhi?t ?? 30.9?C, ?? ?m 69.3%, Kh? CO th?p (14.1 ppm), M?c ch?y: An to?n","Kh? CH4 (26.9 ppm), LPG (18.2 ppm), CO (14.1 ppm), M?c kh? gas: An to?n",Auto,OFF,OFF,OFF,OFF,
9/11/2025,9:33:22,29.474,71.246,14.45925,26.05883,18.89391,14.81906,17.65586,0.91416,An toan,An toan,"Nhi?t ?? 29.5?C, ?? ?m 71.2%, Kh? CO th?p (14.8 ppm), M?c ch?y: An to?n","Kh? CH4 (26.1 ppm), LPG (18.9 ppm), CO (14.8 ppm), M?c kh? gas: An to?n",Auto,OFF,OFF,OFF,OFF,
9/11/2025,9:41:09,30.857,77.769,15.61009,25.78361,17.11533,13.42221,25.21839,0.87995,An toan,An toan,"Nhi?t ?? 30.9?C, ?? ?m 77.8%, Kh? CO th?p (13.4 ppm), M?c ch?y: An to?n","Kh? CH4 (25.8 ppm), LPG (17.1 ppm), CO (13.4 ppm), M?c kh? gas: An to?n",Auto,OFF,OFF,OFF,OFF,
9/11/2025,9:41:24,30.187,73.55,14.97628,25.7411,19.28455,13.03611,26.77408,0.76477,An toan,An toan,"Nhi?t ?? 30.2?C, ?? ?m 73.6%, Kh? CO th?p (13.0 ppm), M?c ch?y: An to?n","Kh? CH4 (25.7 ppm), LPG (19.3 ppm), CO (13.0 ppm), M?c kh? gas: An to?n",Auto,OFF,OFF,OFF,OFF,
9/11/2025,9:42:43,30.128,72.522,14.69023,26.17427,18.06862,13.84709,24.82383,0.19005,An toan,An toan,"Nhi?t ?? 30.1?C, ?? ?m 72.5%, Kh? CO th?p (13.8 ppm), M?c ch?y: An to?n","Kh? CH4 (26.2 ppm), LPG (18.1 ppm), CO (13.8 ppm), M?c kh? gas: An to?n",Auto,OFF,OFF,OFF,OFF,
9/11/2025,9:46:09,29.114,72.066,14.86126,26.05486,19.55574,14.54114,19.92177,0.77282,An toan,An toan,"Nhi?t ?? 29.1?C, ?? ?m 72.1%, Kh? CO th?p (14.5 ppm), M?c ch?y: An to?n","Kh? CH4 (26.1 ppm), LPG (19.6 ppm), CO (14.5 ppm), M?c kh? gas: An to?n",Auto,OFF,OFF,OFF,OFF,
9/11/2025,9:46:21,29.269,77.633,14.95834,25.92395,18.46579,13.52873,21.08034,0.48836,An toan,An toan,"Nhi?t ?? 29.3?C, ?? ?m 77.6%, Kh? CO th?p (13.5 ppm), M?c ch?y: An to?n","Kh? CH4 (25.9 ppm), LPG (18.5 ppm), CO (13.5 ppm), M?c kh? gas: An to?n",Auto,OFF,OFF,OFF,OFF,
9/11/2025,9:54:32,29.236,75.612,15.17756,25.50377,17.80973,13.92127,29.48306,0.982,An toan,An toan,"Nhi?t ?? 29.2?C, ?? ?m 75.6%, Kh? CO th?p (13.9 ppm), M?c ch?y: An to?n","Kh? CH4 (25.5 ppm), LPG (17.8 ppm), CO (13.9 ppm), M?c kh? gas: An to?n",Auto,OFF,OFF,OFF,OFF,
9/11/2025,9:55:27,29.525,71.855,14.77787,26.83823,19.43625,14.46573,19.12231,0.63476,An toan,An toan,"Nhi?t ?? 29.5?C, ?? ?m 71.9%, Kh? CO th?p (14.5 ppm), M?c ch?y: An to?n","Kh? CH4 (26.8 ppm), LPG (19.4 ppm), CO (14.5 ppm), M?c kh? gas: An to?n",Auto,OFF,OFF,OFF,OFF,
9/11/2025,9:55:47,29.692,75.375,14.00109,25.20731,19.2683,13.55468,20.48204,0.64346,An toan,An toan,"Nhi?t ?? 29.7?C, ?? ?m 75.4%, Kh? CO th?p (13.6 ppm), M?c ch?y: An to?n","Kh? CH4 (25.2 ppm), LPG (19.3 ppm), CO (13.6 ppm), M?c kh? gas: An to?n",Auto,OFF,OFF,OFF,OFF,
9/11/2025,9:56:43,30.814,70.831,15.43192,25.52199,19.1886,13.05836,13.47845,0.43532,An toan,An toan,"Nhi?t ?? 30.8?C, ?? ?m 70.8%, Kh? CO th?p (13.1 ppm), M?c ch?y: An to?n","Kh? CH4 (25.5 ppm), LPG (19.2 ppm), CO (13.1 ppm), M?c kh? gas: An to?n",Auto,OFF,OFF,OFF,OFF,
9/11/2025,10:00:27,30.87,71.134,14.26399,24.805,18.12826,13.19568,27.44849,0.66559,An toan,An toan,"Nhi?t ?? 30.9?C, ?? ?m 71.1%, Kh? CO th?p (13.2 ppm), M?c ch?y: An to?n","Kh? CH4 (24.8 ppm), LPG (18.1 ppm), CO (13.2 ppm), M?c kh? gas: An to?n",Auto,OFF,OFF,OFF,OFF,
9/11/2025,10:04:26,29.508,78.736,14.21045,26.66781,17.46627,13.76058,26.65624,0.11241,An toan,An toan,"Nhi?t ?? 29.5?C, ?? ?m 78.7%, Kh? CO th?p (13.8 ppm), M?c ch?y: An to?n","Kh? CH4 (26.7 ppm), LPG (17.5 ppm), CO (13.8 ppm), M?c kh? gas: An to?n",Auto,OFF,OFF,OFF,OFF,
9/11/2025,10:09:23,30.633,72.947,15.41877,25.04832,17.72468,13.72549,26.02264,0.98047,An toan,An toan,"Nhi?t ?? 30.6?C, ?? ?m 72.9%, Kh? CO th?p (13.7 ppm), M?c ch?y: An to?n","Kh? CH4 (25.0 ppm), LPG (17.7 ppm), CO (13.7 ppm), M?c kh? gas: An to?n",Auto,OFF,OFF,OFF,OFF,
9/11/2025,10:10:34,30.815,75.936,14.3078,24.43029,18.53324,14.30797,19.32824,0.20998,An toan,An toan,"Nhi?t ?? 30.8?C, ?? ?m 75.9%, Kh? CO th?p (14.3 ppm), M?c ch?y: An to?n","Kh? CH4 (24.4 ppm), LPG (18.5 ppm), CO (14.3 ppm), M?c kh? gas: An to?n",Auto,OFF,OFF,OFF,OFF,
9/11/2025,10:10:37,30.608,72.401,14.17173,26.52378,19.6154,13.73752,21.76123,0.27017,An toan,An toan,"Nhi?t ?? 30.6?C, ?? ?m 72.4%, Kh? CO th?p (13.7 ppm), M?c ch?y: An to?n","Kh? CH4 (26.5 ppm), LPG (19.6 ppm), CO (13.7 ppm), M?c kh? gas: An to?n",Auto,OFF,OFF,OFF,OFF,
9/11/2025,10:14:31,30.801,69.41,14.79527,24.48138,19.05662,13.27357,17.8613,0.86562,An toan,An toan,"Nhi?t ?? 30.8?C, ?? ?m 69.4%, Kh? CO th?p (13.3 ppm), M?c ch?y: An to?n","Kh? CH4 (24.5 ppm), LPG (19.1 ppm), CO (13.3 ppm), M?c kh? gas: An to?n",Auto,OFF,OFF,OFF,OFF,
9/11/2025,10:19:49,29.887,69.887,14.23155,25.59461,17.47174,13.74058,20.51712,0.59632,An toan,An toan,"Nhi?t ?? 29.9?C, ?? ?m 69.9%, Kh? CO th?p (13.7 ppm), M?c ch?y: An to?n","Kh? CH4 (25.6 ppm), LPG (17.5 ppm), CO (13.7 ppm), M?c kh? gas: An to?n",Auto,OFF,OFF,OFF,OFF,
9/11/2025,10:24:44,30.229,76.207,15.3911,24.77075,18.37778,13.47691,27.14493,0.93933,An toan,An toan,"Nhi?t ?? 30.2?C, ?? ?m 76.2%, Kh? CO th?p (13.5 ppm), M?c ch?y: An to?n","Kh? CH4 (24.8 ppm), LPG (18.4 ppm), CO (13.5 ppm), M?c kh? gas: An to?n",Auto,OFF,OFF,OFF,OFF,
9/11/2025,10:26:30,30.829,76.31,15.74436,25.13153,18.93879,14.68905,22.27104,0.12049,An toan,An toan,"Nhi?t ?? 30.8?C, ?? ?m 76.3%, Kh? CO th?p (14.7 ppm), M?c ch?y: An to?n","Kh? CH4 (25.1 ppm), LPG (18.9 ppm), CO (14.7 ppm), M?c kh? gas: An to?n",Auto,OFF,OFF,OFF,OFF,
9/11/2025,10:29:44,29.552,69.924,14.89034,24.38569,18.31902,14.81673,13.48316,0.46437,An toan,An toan,"Nhi?t ?? 29.6?C, ?? ?m 69.9%, Kh? CO th?p (14.8 ppm), M?c ch?y: An to?n","Kh? CH4 (24.4 ppm), LPG (18.3 ppm), CO (14.8 ppm), M?c kh? gas: An to?n",Auto,OFF,OFF,OFF,OFF,
9/11/2025,10:33:53,30.795,70.22,15.00198,25.55928,19.05012,13.93186,18.72924,0.17818,An toan,An toan,"Nhi?t ?? 30.8?C, ?? ?m 70.2%, Kh? CO th?p (13.9 ppm), M?c ch?y: An to?n","Kh? CH4 (25.6 ppm), LPG (19.1 ppm), CO (13.9 ppm), M?c kh? gas: An to?n",Auto,OFF,OFF,OFF,OFF,
9/11/2025,10:37:11,30.883,73.636,15.69376,25.4189,19.11112,13.19751,27.52557,0.7497,An toan,An toan,"Nhi?t ?? 30.9?C, ?? ?m 73.6%, Kh? CO th?p (13.2 ppm), M?c ch?y: An to?n","Kh? CH4 (25.4 ppm), LPG (19.1 ppm), CO (13.2 ppm), M?c kh? gas: An to?n",Auto,OFF,OFF,OFF,OFF,
9/11/2025,10:37:16,30.099,76.504,14.94907,26.45386,17.65752,13.96259,23.69395,0.8605,An toan,An toan,"Nhi?t ?? 30.1?C, ?? ?m 76.5%, Kh? CO th?p (14.0 ppm), M?c ch?y: An to?n","Kh? CH4 (26.5 ppm), LPG (17.7 ppm), CO (14.0 ppm), M?c kh? gas: An to?n",Auto,OFF,OFF,OFF,OFF,
9/11/2025,10:37:18,30.416,78.303,15.14299,26.57365,17.6387,14.31551,10.95366,0.40924,An toan,An toan,"Nhi?t ?? 30.4?C, ?? ?m 78.3%, Kh? CO th?p (14.3 ppm), M?c ch?y: An to?n","Kh? CH4 (26.6 ppm), LPG (17.6 ppm), CO (14.3 ppm), M?c kh? gas: An to?n",Auto,OFF,OFF,OFF,OFF,
9/11/2025,10:43:14,29.784,74.569,15.2048,24.02545,19.37666,14.21441,25.08479,0.97857,An toan,An toan,"Nhi?t ?? 29.8?C, ?? ?m 74.6%, Kh? CO th?p (14.2 ppm), M?c ch?y: An to?n","Kh? CH4 (24.0 ppm), LPG (19.4 ppm), CO (14.2 ppm), M?c kh? gas: An to?n",Auto,OFF,OFF,OFF,OFF,
9/11/2025,10:43:46,30.658,70.998,15.02203,24.8166,18.67706,14.88185,18.19841,0.9848,An toan,An toan,"Nhi?t ?? 30.7?C, ?? ?m 71.0%, Kh? CO th?p (14.9 ppm), M?c ch?y: An to?n","Kh? CH4 (24.8 ppm), LPG (18.7 ppm), CO (14.9 ppm), M?c kh? gas: An to?n",Auto,OFF,OFF,OFF,OFF,
9/11/2025,10:52:18,29.579,71.674,14.93663,24.40394,18.91469,14.4126,20.86313,0.24335,An toan,An toan,"Nhi?t ?? 29.6?C, ?? ?m 71.7%, Kh? CO th?p (14.4 ppm), M?c ch?y: An to?n","Kh? CH4 (24.4 ppm), LPG (18.9 ppm), CO (14.4 ppm), M?c kh? gas: An to?n",Auto,OFF,OFF,OFF,OFF,
9/11/2025,10:55:09,30.357,71.634,15.51258,24.47135,18.06187,13.00265,28.95821,0.50027,An toan,An toan,"Nhi?t ?? 30.4?C, ?? ?m 71.6%, Kh? CO th?p (13.0 ppm), M?c ch?y: An to?n","Kh? CH4 (24.5 ppm), LPG (18.1 ppm), CO (13.0 ppm), M?c kh? gas: An to?n",Auto,OFF,OFF,OFF,OFF,
9/11/2025,10:55:59,30.79,70.425,15.0179,25.9878,18.78618,13.84006,25.92339,0.47172,An toan,An toan,"Nhi?t ?? 30.8?C, ?? ?m 70.4%, Kh? CO th?p (13.8 ppm), M?c ch?y: An to?n","Kh? CH4 (26.0 ppm), LPG (18.8 ppm), CO (13.8 ppm), M?c kh? gas: An to?n",Auto,OFF,OFF,OFF,OFF,
9/11/2025,10:56:57,30.081,74.63,14.83524,24.53313,18.93104,14.88493,17.47021,0.39266,An toan,An toan,"Nhi?t ?? 30.1?C, ?? ?m 74.6%, Kh? CO th?p (14.9 ppm), M?c ch?y: An to?n","Kh? CH4 (24.5 ppm), LPG (18.9 ppm), CO (14.9 ppm), M?c kh? gas: An to?n",Auto,OFF,OFF,OFF,OFF,
9/11/2025,11:01:05,29.778,76.325,15.5677,24.84325,19.99555,14.37655,11.96598,0.73646,An toan,An toan,"Nhi?t ?? 29.8?C, ?? ?m 76.3%, Kh? CO th?p (14.4 ppm), M?c ch?y: An to?n","Kh? CH4 (24.8 ppm), LPG (20.0 ppm), CO (14.4 ppm), M?c kh? gas: An to?n",Auto,OFF,OFF,OFF,OFF,
9/11/2025,11:03:17,29.514,69.618,15.6178,26.12419,17.36449,14.46503,27.45234,0.9337,An toan,An toan,"Nhi?t ?? 29.5?C, ?? ?m 69.6%, Kh? CO th?p (14.5 ppm), M?c ch?y: An to?n","Kh? CH4 (26.1 ppm), LPG (17.4 ppm), CO (14.5 ppm), M?c kh? gas: An to?n",Auto,OFF,OFF,OFF,OFF,
9/11/2025,11:09:03,30.716,79.864,15.60429,25.29605,19.38928,13.53455,18.68212,0.29622,An toan,An toan,"Nhi?t ?? 30.7?C, ?? ?m 79.9%, Kh? CO th?p (13.5 ppm), M?c ch?y: An to?n","Kh? CH4 (25.3 ppm), LPG (19.4 ppm), CO (13.5 ppm), M?c kh? gas: An to?n",Auto,OFF,OFF,OFF,OFF,
9/11/2025,11:13:26,29.828,79.771,14.60928,25.40062,17.89908,13.74664,12.0523,0.5603,An toan,An toan,"Nhi?t ?? 29.8?C, ?? ?m 79.8%, Kh? CO th?p (13.7 ppm), M?c ch?y: An to?n","Kh? CH4 (25.4 ppm), LPG (17.9 ppm), CO (13.7 ppm), M?c kh? gas: An to?n",Auto,OFF,OFF,OFF,OFF,
9/11/2025,11:13:40,29.424,71.405,14.8804,25.8194,18.60656,14.01819,18.93549,0.19968,An toan,An toan,"Nhi?t ?? 29.4?C, ?? ?m 71.4%, Kh? CO th?p (14.0 ppm), M?c ch?y: An to?n","Kh? CH4 (25.8 ppm), LPG (18.6 ppm), CO (14.0 ppm), M?c kh? gas: An to?n",Auto,OFF,OFF,OFF,OFF,
9/11/2025,11:19:23,30.496,79.23,15.9961,25.49698,17.33309,14.94454,11.19882,0.34546,An toan,An toan,"Nhi?t ?? 30.5?C, ?? ?m 79.2%, Kh? CO th?p (14.9 ppm), M?c ch?y: An to?n","Kh? CH4 (25.5 ppm), LPG (17.3 ppm), CO (14.9 ppm), M?c kh? gas: An to?n",Auto,OFF,OFF,OFF,OFF,
9/11/2025,11:19:48,29.506,79.752,15.11269,25.78358,18.17929,13.90649,26.54198,0.92821,An toan,An toan,"Nhi?t ?? 29.5?C, ?? ?m 79.8%, Kh? CO th?p (13.9 ppm), M?c ch?y: An to?n","Kh? CH4 (25.8 ppm), LPG (18.2 ppm), CO (13.9 ppm), M?c kh? gas: An to?n",Auto,OFF,OFF,OFF,OFF,
9/11/2025,11:20:23,29.875,72.486,14.86683,24.35328,17.00722,13.59816,24.70675,0.39934,An toan,An toan,"Nhi?t ?? 29.9?C, ?? ?m 72.5%, Kh? CO th?p (13.6 ppm), M?c ch?y: An to?n","Kh? CH4 (24.4 ppm), LPG (17.0 ppm), CO (13.6 ppm), M?c kh? gas: An to?n",Auto,OFF,OFF,OFF,OFF,
9/11/2025,11:21:15,30.377,76.834,14.00845,25.43598,17.63076,14.75369,16.36282,0.28373,An toan,An toan,"Nhi?t ?? 30.4?C, ?? ?m 76.8%, Kh? CO th?p (14.8 ppm), M?c ch?y: An to?n","Kh? CH4 (25.4 ppm), LPG (17.6 ppm), CO (14.8 ppm), M?c kh? gas: An to?n",Auto,OFF,OFF,OFF,OFF,
9/11/2025,11:23:47,30.341,79.953,14.34213,25.81815,18.47428,13.51074,26.83884,0.1814,An toan,An toan,"Nhi?t ?? 30.3?C, ?? ?m 80.0%, Kh? CO th?p (13.5 ppm), M?c ch?y: An to?n","Kh? CH4 (25.8 ppm), LPG (18.5 ppm), CO (13.5 ppm), M?c kh? gas: An to?n",Auto,OFF,OFF,OFF,OFF,
9/11/2025,11:26:47,30.562,75.343,14.02981,26.88343,18.48877,13.07254,10.72431,0.92218,An toan,An toan,"Nhi?t ?? 30.6?C, ?? ?m 75.3%, Kh? CO th?p (13.1 ppm), M?c ch?y: An to?n","Kh? CH4 (26.9 ppm), LPG (18.5 ppm), CO (13.1 ppm), M?c kh? gas: An to?n",Auto,OFF,OFF,OFF,OFF,
9/11/2025,11:28:43,30.357,78.735,14.01036,26.2898,18.7861,13.37311,13.42127,0.94095,An toan,An toan,"Nhi?t ?? 30.4?C, ?? ?m 78.7%, Kh? CO th?p (13.4 ppm), M?c ch?y: An to?n","Kh? CH4 (26.3 ppm), LPG (18.8 ppm), CO (13.4 ppm), M?c kh? gas: An to?n",Auto,OFF,OFF,OFF,OFF,
9/11/2025,11:34:16,29.431,72.63,15.76802,26.71538,17.50324,13.70333,16.88894,0.92817,An toan,An toan,"Nhi?t ?? 29.4?C, ?? ?m 72.6%, Kh? CO th?p (13.7 ppm), M?c ch?y: An to?n","Kh? CH4 (26.7 ppm), LPG (17.5 ppm), CO (13.7 ppm), M?c kh? gas: An to?n",Auto,OFF,OFF,OFF,OFF,
9/11/2025,11:40:06,30.393,72.267,14.94547,26.21991,18.12814,13.05749,26.32031,0.92616,An toan,An toan,"Nhi?t ?? 30.4?C, ?? ?m 72.3%, Kh? CO th?p (13.1 ppm), M?c ch?y: An to?n","Kh? CH4 (26.2 ppm), LPG (18.1 ppm), CO (13.1 ppm), M?c kh? gas: An to?n",Auto,OFF,OFF,OFF,OFF,
9/11/2025,11:40:56,30.683,69.282,14.23421,24.72585,18.88411,14.93067,17.97277,0.16542,An toan,An toan,"Nhi?t ?? 30.7?C, ?? ?m 69.3%, Kh? CO th?p (14.9 ppm), M?c ch?y: An to?n","Kh? CH4 (24.7 ppm), LPG (18.9 ppm), CO (14.9 ppm), M?c kh? gas: An to?n",Auto,OFF,OFF,OFF,OFF,
9/11/2025,11:43:42,29.98,69.528,14.67157,24.41067,17.61062,14.73078,22.88964,0.44164,An toan,An toan,"Nhi?t ?? 30.0?C, ?? ?m 69.5%, Kh? CO th?p (14.7 ppm), M?c ch?y: An to?n","Kh? CH4 (24.4 ppm), LPG (17.6 ppm), CO (14.7 ppm), M?c kh? gas: An to?n",Auto,OFF,OFF,OFF,OFF,
9/11/2025,11:46:06,29.358,75.199,15.04739,25.90174,19.14228,13.44399,25.47573,0.95532,An toan,An toan,"Nhi?t ?? 29.4?C, ?? ?m 75.2%, Kh? CO th?p (13.4 ppm), M?c ch?y: An to?n","Kh? CH4 (25.9 ppm), LPG (19.1 ppm), CO (13.4 ppm), M?c kh? gas: An to?n",Auto,OFF,OFF,OFF,OFF,
9/11/2025,11:49:31,29.642,77.73,14.49944,25.34541,17.32907,14.49898,15.56278,0.84598,An toan,An toan,"Nhi?t ?? 29.6?C, ?? ?m 77.7%, Kh? CO th?p (14.5 ppm), M?c ch?y: An to?n","Kh? CH4 (25.3 ppm), LPG (17.3 ppm), CO (14.5 ppm), M?c kh? gas: An to?n",Auto,OFF,OFF,OFF,OFF,
9/11/2025,11:56:32,29.631,73.662,14.26284,26.38797,19.3979,14.63681,23.5689,0.3146,An toan,An toan,"Nhi?t ?? 29.6?C, ?? ?m 73.7%, Kh? CO th?p (14.6 ppm), M?c ch?y: An to?n","Kh? CH4 (26.4 ppm), LPG (19.4 ppm), CO (14.6 ppm), M?c kh? gas: An to?n",Auto,OFF,OFF,OFF,OFF,
9/11/2025,11:59:25,30.755,75.615,15.50784,24.1721,19.21061,14.75699,20.21802,0.2461,An toan,An toan,"Nhi?t ?? 30.8?C, ?? ?m 75.6%, Kh? CO th?p (14.8 ppm), M?c ch?y: An to?n","Kh? CH4 (24.2 ppm), LPG (19.2 ppm), CO (14.8 ppm), M?c kh? gas: An to?n",Auto,OFF,OFF,OFF,OFF,
9/11/2025,12:02:43,29.31,75.419,14.43694,24.50121,17.67804,14.01844,26.3175,0.62244,An toan,An toan,"Nhi?t ?? 29.3?C, ?? ?m 75.4%, Kh? CO th?p (14.0 ppm), M?c ch?y: An to?n","Kh? CH4 (24.5 ppm), LPG (17.7 ppm), CO (14.0 ppm), M?c kh? gas: An to?n",Auto,OFF,OFF,OFF,OFF,
9/11/2025,12:12:14,29.337,69.476,14.47357,24.49404,19.24261,14.13439,25.93274,0.86546,An toan,An toan,"Nhi?t ?? 29.3?C, ?? ?m 69.5%, Kh? CO th?p (14.1 ppm), M?c ch?y: An to?n","Kh? CH4 (24.5 ppm), LPG (19.2 ppm), CO (14.1 ppm), M?c kh? gas: An to?n",Auto,OFF,OFF,OFF,OFF,
9/11/2025,12:16:25,29.719,70.886,14.36922,25.26697,18.79947,13.34264,21.28851,0.98724,An toan,An toan,"Nhi?t ?? 29.7?C, ?? ?m 70.9%, Kh? CO th?p (13.3 ppm), M?c ch?y: An to?n","Kh? CH4 (25.3 ppm), LPG (18.8 ppm), CO (13.3 ppm), M?c kh? gas: An to?n",Auto,OFF,OFF,OFF,OFF,
9/11/2025,12:19:25,29.74,76.018,14.36865,26.09328,18.67217,13.80232,14.58559,0.21519,An toan,An toan,"Nhi?t ?? 29.7?C, ?? ?m 76.0%, Kh? CO th?p (13.8 ppm), M?c ch?y: An to?n","Kh? CH4 (26.1 ppm), LPG (18.7 ppm), CO (13.8 ppm), M?c kh? gas: An to?n",Auto,OFF,OFF,OFF,OFF,
9/11/2025,12:19:41,30.227,71.665,14.22119,26.61308,19.73286,13.83708,13.34477,0.71902,An toan,An toan,"Nhi?t ?? 30.2?C, ?? ?m 71.7%, Kh? CO th?p (13.8 ppm), M?c ch?y: An to?n","Kh? CH4 (26.6 ppm), LPG (19.7 ppm), CO (13.8 ppm), M?c kh? gas: An to?n",Auto,OFF,OFF,OFF,OFF,
9/11/2025,12:19:49,29.732,76.689,14.37685,25.1499,17.73129,13.22537,23.5329,0.17011,An toan,An toan,"Nhi?t ?? 29.7?C, ?? ?m 76.7%, Kh? CO th?p (13.2 ppm), M?c ch?y: An to?n","Kh? CH4 (25.1 ppm), LPG (17.7 ppm), CO (13.2 ppm), M?c kh? gas: An to?n",Auto,OFF,OFF,OFF,OFF,
9/11/2025,12:22:30,29.309,72.722,14.63302,25.9799,19.00192,13.57498,21.0137,0.48359,An toan,An toan,"Nhi?t ?? 29.3?C, ?? ?m 72.7%, Kh? CO th?p (13.6 ppm), M?c ch?y: An to?n","Kh? CH4 (26.0 ppm), LPG (19.0 ppm), CO (13.6 ppm), M?c kh? gas: An to?n",Auto,OFF,OFF,OFF,OFF,
9/11/2025,12:24:12,29.175,73.865,15.05732,26.02839,19.48866,14.05058,24.48395,0.61903,An toan,An toan,"Nhi?t ?? 29.2?C, ?? ?m 73.9%, Kh? CO th?p (14.1 ppm), M?c ch?y: An to?n","Kh? CH4 (26.0 ppm), LPG (19.5 ppm), CO (14.1 ppm), M?c kh? gas: An to?n",Auto,OFF,OFF,OFF,OFF,
9/11/2025,12:27:08,29.338,69.623,14.07415,24.33596,17.08472,14.98382,16.656,0.58198,An toan,An toan,"Nhi?t ?? 29.3?C, ?? ?m 69.6%, Kh? CO th?p (15.0 ppm), M?c ch?y: An to?n","Kh? CH4 (24.3 ppm), LPG (17.1 ppm), CO (15.0 ppm), M?c kh? gas: An to?n",Auto,OFF,OFF,OFF,OFF,
9/11/2025,12:29:30,29.601,76.342,14.8794,26.39009,17.51599,13.32439,18.50491,0.7183,An toan,An toan,"Nhi?t ?? 29.6?C, ?? ?m 76.3%, Kh? CO th?p (13.3 ppm), M?c ch?y: An to?n","Kh? CH4 (26.4 ppm), LPG (17.5 ppm), CO (13.3 ppm), M?c kh? gas: An to?n",Auto,OFF,OFF,OFF,OFF,
9/11/2025,12:34:28,29.09,73.771,14.61693,26.19155,19.95188,13.61229,19.24941,0.50838,An toan,An toan,"Nhi?t ?? 29.1?C, ?? ?m 73.8%, Kh? CO th?p (13.6 ppm), M?c ch?y: An to?n","Kh? CH4 (26.2 ppm), LPG (20.0 ppm), CO (13.6 ppm), M?c kh? gas: An to?n",Auto,OFF,OFF,OFF,OFF,
9/11/2025,12:38:18,29.233,72.452,15.49825,24.49422,19.91921,13.06894,27.01037,0.9816,An toan,An toan,"Nhi?t ?? 29.2?C, ?? ?m 72.5%, Kh? CO th?p (13.1 ppm), M?c ch?y: An to?n","Kh? CH4 (24.5 ppm), LPG (19.9 ppm), CO (13.1 ppm), M?c kh? gas: An to?n",Auto,OFF,OFF,OFF,OFF,
9/11/2025,12:43:41,29.572,71.561,14.80046,26.49624,19.98415,14.2535,18.03215,0.38257,An toan,An toan,"Nhi?t ?? 29.6?C, ?? ?m 71.6%, Kh? CO th?p (14.3 ppm), M?c ch?y: An to?n","Kh? CH4 (26.5 ppm), LPG (20.0 ppm), CO (14.3 ppm), M?c kh? gas: An to?n",Auto,OFF,OFF,OFF,OFF,
9/11/2025,12:43:49,30.076,72.096,15.80568,25.02257,19.74131,13.74341,18.59314,0.13165,An toan,An toan,"Nhi?t ?? 30.1?C, ?? ?m 72.1%, Kh? CO th?p (13.7 ppm), M?c ch?y: An to?n","Kh? CH4 (25.0 ppm), LPG (19.7 ppm), CO (13.7 ppm), M?c kh? gas: An to?n",Auto,OFF,OFF,OFF,OFF,
9/11/2025,12:49:38,30.34,74.069,15.71127,26.6928,19.99319,14.56543,14.1625,0.25017,An toan,An toan,"Nhi?t ?? 30.3?C, ?? ?m 74.1%, Kh? CO th?p (14.6 ppm), M?c ch?y: An to?n","Kh? CH4 (26.7 ppm), LPG (20.0 ppm), CO (14.6 ppm), M?c kh? gas: An to?n",Auto,OFF,OFF,OFF,OFF,
9/11/2025,12:51:20,29.765,70.99,14.69858,24.2537,18.15828,13.41728,26.09596,0.39765,An toan,An toan,"Nhi?t ?? 29.8?C, ?? ?m 71.0%, Kh? CO th?p (13.4 ppm), M?c ch?y: An to?n","Kh? CH4 (24.3 ppm), LPG (18.2 ppm), CO (13.4 ppm), M?c kh? gas: An to?n",Auto,OFF,OFF,OFF,OFF,
9/11/2025,12:51:33,30.095,75.433,14.80419,25.18509,17.96448,13.84429,15.68301,0.9463,An toan,An toan,"Nhi?t ?? 30.1?C, ?? ?m 75.4%, Kh? CO th?p (13.8 ppm), M?c ch?y: An to?n","Kh? CH4 (25.2 ppm), LPG (18.0 ppm), CO (13.8 ppm), M?c kh? gas: An to?n",Auto,OFF,OFF,OFF,OFF,
9/11/2025,12:53:08,29.744,72.413,15.72231,25.70795,18.82771,14.29,12.44992,0.45966,An toan,An toan,"Nhi?t ?? 29.7?C, ?? ?m 72.4%, Kh? CO th?p (14.3 ppm), M?c ch?y: An to?n","Kh? CH4 (25.7 ppm), LPG (18.8 ppm), CO (14.3 ppm), M?c kh? gas: An to?n",Auto,OFF,OFF,OFF,OFF,
9/11/2025,12:55:25,29.823,76.012,15.14899,26.53984,17.32829,14.83438,25.46998,0.21164,An toan,An toan,"Nhi?t ?? 29.8?C, ?? ?m 76.0%, Kh? CO th?p (14.8 ppm), M?c ch?y: An to?n","Kh? CH4 (26.5 ppm), LPG (17.3 ppm), CO (14.8 ppm), M?c kh? gas: An to?n",Auto,OFF,OFF,OFF,OFF,
9/11/2025,12:56:38,29.91,74.199,14.21638,26.7136,18.86852,13.11211,29.67787,0.49589,An toan,An toan,"Nhi?t ?? 29.9?C, ?? ?m 74.2%, Kh? CO th?p (13.1 ppm), M?c ch?y: An to?n","Kh? CH4 (26.7 ppm), LPG (18.9 ppm), CO (13.1 ppm), M?c kh? gas: An to?n",Auto,OFF,OFF,OFF,OFF,
9/11/2025,13:03:28,29.137,70.676,15.95104,24.97627,18.30615,13.83391,25.83402,0.12597,An toan,An toan,"Nhi?t ?? 29.1?C, ?? ?m 70.7%, Kh? CO th?p (13.8 ppm), M?c ch?y: An to?n","Kh? CH4 (25.0 ppm), LPG (18.3 ppm), CO (13.8 ppm), M?c kh? gas: An to?n",Auto,OFF,OFF,OFF,OFF,
9/11/2025,13:03:33,29.848,76.011,14.52116,26.68889,19.53975,14.65827,20.20249,0.40544,An toan,An toan,"Nhi?t ?? 29.8?C, ?? ?m 76.0%, Kh? CO th?p (14.7 ppm), M?c ch?y: An to?n","Kh? CH4 (26.7 ppm), LPG (19.5 ppm), CO (14.7 ppm), M?c kh? gas: An to?n",Auto,OFF,OFF,OFF,OFF,
9/11/2025,13:07:35,29.725,75.378,15.42504,25.42152,18.75844,14.97441,28.85574,0.9314,An toan,An toan,"Nhi?t ?? 29.7?C, ?? ?m 75.4%, Kh? CO th?p (15.0 ppm), M?c ch?y: An to?n","Kh? CH4 (25.4 ppm), LPG (18.8 ppm), CO (15.0 ppm), M?c kh? gas: An to?n",Auto,OFF,OFF,OFF,OFF,
9/11/2025,13:09:56,30.356,72.029,15.759,25.36197,18.02699,14.16308,16.80036,0.47003,An toan,An toan,"Nhi?t ?? 30.4?C, ?? ?m 72.0%, Kh? CO th?p (14.2 ppm), M?c ch?y: An to?n","Kh? CH4 (25.4 ppm), LPG (18.0 ppm), CO (14.2 ppm), M?c kh? gas: An to?n",Auto,OFF,OFF,OFF,OFF,
9/11/2025,13:15:08,29.595,72.45,14.5156,25.31388,18.34061,14.8264,29.49559,0.2968,An toan,An toan,"Nhi?t ?? 29.6?C, ?? ?m 72.5%, Kh? CO th?p (14.8 ppm), M?c ch?y: An to?n","Kh? CH4 (25.3 ppm), LPG (18.3 ppm), CO (14.8 ppm), M?c kh? gas: An to?n",Auto,OFF,OFF,OFF,OFF,
9/11/2025,13:15:22,30.134,72.064,14.09981,24.38458,19.34747,14.78009,28.26899,0.36229,An toan,An toan,"Nhi?t ?? 30.1?C, ?? ?m 72.1%, Kh? CO th?p (14.8 ppm), M?c ch?y: An to?n","Kh? CH4 (24.4 ppm), LPG (19.3 ppm), CO (14.8 ppm), M?c kh? gas: An to?n",Auto,OFF,OFF,OFF,OFF,
9/11/2025,13:18:31,30.091,69.111,15.37674,25.6222,19.68542,13.8969,17.8287,0.24864,An toan,An toan,"Nhi?t ?? 30.1?C, ?? ?m 69.1%, Kh? CO th?p (13.9 ppm), M?c ch?y: An to?n","Kh? CH4 (25.6 ppm), LPG (19.7 ppm), CO (13.9 ppm), M?c kh? gas: An to?n",Auto,OFF,OFF,OFF,OFF,
9/11/2025,13:22:04,29.834,71.24,14.58458,26.61164,17.06231,14.05101,21.46471,0.58688,An toan,An toan,"Nhi?t ?? 29.8?C, ?? ?m 71.2%, Kh? CO th?p (14.1 ppm), M?c ch?y: An to?n","Kh? CH4 (26.6 ppm), LPG (17.1 ppm), CO (14.1 ppm), M?c kh? gas: An to?n",Auto,OFF,OFF,OFF,OFF,
9/11/2025,13:24:56,30.582,77.56,14.82607,25.24906,17.37709,13.01032,17.08463,0.38028,An toan,An toan,"Nhi?t ?? 30.6?C, ?? ?m 77.6%, Kh? CO th?p (13.0 ppm), M?c ch?y: An to?n","Kh? CH4 (25.2 ppm), LPG (17.4 ppm), CO (13.0 ppm), M?c kh? gas: An to?n",Auto,OFF,OFF,OFF,OFF,
9/11/2025,13:25:47,30.327,74.788,15.57966,25.11495,19.82659,14.51632,12.63021,0.59672,An toan,An toan,"Nhi?t ?? 30.3?C, ?? ?m 74.8%, Kh? CO th?p (14.5 ppm), M?c ch?y: An to?n","Kh? CH4 (25.1 ppm), LPG (19.8 ppm), CO (14.5 ppm), M?c kh? gas: An to?n",Auto,OFF,OFF,OFF,OFF,
9/11/2025,13:28:14,29.057,71.245,14.69527,24.15625,19.80935,13.95672,16.63736,0.34779,An toan,An toan,"Nhi?t ?? 29.1?C, ?? ?m 71.2%, Kh? CO th?p (14.0 ppm), M?c ch?y: An to?n","Kh? CH4 (24.2 ppm), LPG (19.8 ppm), CO (14.0 ppm), M?c kh? gas: An to?n",Auto,OFF,OFF,OFF,OFF,
9/11/2025,13:32:30,30.097,70.224,15.01078,24.9779,17.87974,13.93415,19.25568,0.65709,An toan,An toan,"Nhi?t ?? 30.1?C, ?? ?m 70.2%, Kh? CO th?p (13.9 ppm), M?c ch?y: An to?n","Kh? CH4 (25.0 ppm), LPG (17.9 ppm), CO (13.9 ppm), M?c kh? gas: An to?n",Auto,OFF,OFF,OFF,OFF,
9/11/2025,13:33:38,30.076,72.376,14.36423,26.8329,17.75339,14.93084,16.13105,0.49272,An toan,An toan,"Nhi?t ?? 30.1?C, ?? ?m 72.4%, Kh? CO th?p (14.9 ppm), M?c ch?y: An to?n","Kh? CH4 (26.8 ppm), LPG (17.8 ppm), CO (14.9 ppm), M?c kh? gas: An to?n",Auto,OFF,OFF,OFF,OFF,
9/11/2025,13:34:44,29.076,76.065,15.89107,24.44496,17.21922,14.57164,12.49001,0.41248,An toan,An toan,"Nhi?t ?? 29.1?C, ?? ?m 76.1%, Kh? CO th?p (14.6 ppm), M?c ch?y: An to?n","Kh? CH4 (24.4 ppm), LPG (17.2 ppm), CO (14.6 ppm), M?c kh? gas: An to?n",Auto,OFF,OFF,OFF,OFF,
9/11/2025,13:35:58,30.447,74.833,15.93347,24.56221,17.95424,14.845,21.20727,0.6386,An toan,An toan,"Nhi?t ?? 30.4?C, ?? ?m 74.8%, Kh? CO th?p (14.8 ppm), M?c ch?y: An to?n","Kh? CH4 (24.6 ppm), LPG (18.0 ppm), CO (14.8 ppm), M?c kh? gas: An to?n",Auto,OFF,OFF,OFF,OFF,
9/11/2025,13:40:56,30.824,69.695,15.74263,26.9624,18.61429,14.61686,10.83621,0.19756,An toan,An toan,"Nhi?t ?? 30.8?C, ?? ?m 69.7%, Kh? CO th?p (14.6 ppm), M?c ch?y: An to?n","Kh? CH4 (27.0 ppm), LPG (18.6 ppm), CO (14.6 ppm), M?c kh? gas: An to?n",Auto,OFF,OFF,OFF,OFF,
9/11/2025,13:46:35,30.36,70.585,15.09316,25.27764,18.27099,13.43987,11.94841,0.681,An toan,An toan,"Nhi?t ?? 30.4?C, ?? ?m 70.6%, Kh? CO th?p (13.4 ppm), M?c ch?y: An to?n","Kh? CH4 (25.3 ppm), LPG (18.3 ppm), CO (13.4 ppm), M?c kh? gas: An to?n",Auto,OFF,OFF,OFF,OFF,
9/11/2025,13:49:22,29.347,71.781,14.54203,24.84581,18.4044,13.48763,26.59905,0.9584,An toan,An toan,"Nhi?t ?? 29.3?C, ?? ?m 71.8%, Kh? CO th?p (13.5 ppm), M?c ch?y: An to?n","Kh? CH4 (24.8 ppm), LPG (18.4 ppm), CO (13.5 ppm), M?c kh? gas: An to?n",Auto,OFF,OFF,OFF,OFF,
9/11/2025,13:53:25,29.419,73.952,14.19749,25.40795,17.80486,13.05058,25.22739,0.66096,An toan,An toan,"Nhi?t ?? 29.4?C, ?? ?m 74.0%, Kh? CO th?p (13.1 ppm), M?c ch?y: An to?n","Kh? CH4 (25.4 ppm), LPG (17.8 ppm), CO (13.1 ppm), M?c kh? gas: An to?n",Auto,OFF,OFF,OFF,OFF,
9/11/2025,13:56:12,30.85,78.002,14.97059,26.30734,18.37226,13.10118,29.71447,0.57898,An toan,An toan,"Nhi?t ?? 30.9?C, ?? ?m 78.0%, Kh? CO th?p (13.1 ppm), M?c ch?y: An to?n","Kh? CH4 (26.3 ppm), LPG (18.4 ppm), CO (13.1 ppm), M?c kh? gas: An to?n",Auto,OFF,OFF,OFF,OFF,
9/11/2025,14:00:42,29.794,71.677,15.79283,25.62816,18.18134,13.28293,27.8141,0.96298,An toan,An toan,"Nhi?t ?? 29.8?C, ?? ?m 71.7%, Kh? CO th?p (13.3 ppm), M?c ch?y: An to?n","Kh? CH4 (25.6 ppm), LPG (18.2 ppm), CO (13.3 ppm), M?c kh? gas: An to?n",Auto,OFF,OFF,OFF,OFF,
9/11/2025,14:07:31,30.966,70.23,15.9169,24.89223,19.8612,14.32345,15.47398,0.18645,An toan,An toan,"Nhi?t ?? 31.0?C, ?? ?m 70.2%, Kh? CO th?p (14.3 ppm), M?c ch?y: An to?n","Kh? CH4 (24.9 ppm), LPG (19.9 ppm), CO (14.3 ppm), M?c kh? gas: An to?n",Auto,OFF,OFF,OFF,OFF,
9/11/2025,14:08:49,29.124,70.286,15.26457,25.57376,19.62105,14.79334,11.70894,0.83601,An toan,An toan,"Nhi?t ?? 29.1?C, ?? ?m 70.3%, Kh? CO th?p (14.8 ppm), M?c ch?y: An to?n","Kh? CH4 (25.6 ppm), LPG (19.6 ppm), CO (14.8 ppm), M?c kh? gas: An to?n",Auto,OFF,OFF,OFF,OFF,
9/11/2025,14:10:50,29.132,71.264,15.06713,25.23113,17.49936,14.60159,18.40491,0.33494,An toan,An toan,"Nhi?t ?? 29.1?C, ?? ?m 71.3%, Kh? CO th?p (14.6 ppm), M?c ch?y: An to?n","Kh? CH4 (25.2 ppm), LPG (17.5 ppm), CO (14.6 ppm), M?c kh? gas: An to?n",Auto,OFF,OFF,OFF,OFF,
9/11/2025,14:11:08,30.669,74.167,15.77003,24.31433,19.84654,13.47787,16.93476,0.71561,An toan,An toan,"Nhi?t ?? 30.7?C, ?? ?m 74.2%, Kh? CO th?p (13.5 ppm), M?c ch?y: An to?n","Kh? CH4 (24.3 ppm), LPG (19.8 ppm), CO (13.5 ppm), M?c kh? gas: An to?n",Auto,OFF,OFF,OFF,OFF,
9/11/2025,14:11:16,29.845,73.39,14.30843,26.44784,18.00957,14.44017,17.69286,0.45385,An toan,An toan,"Nhi?t ?? 29.8?C, ?? ?m 73.4%, Kh? CO th?p (14.4 ppm), M?c ch?y: An to?n","Kh? CH4 (26.4 ppm), LPG (18.0 ppm), CO (14.4 ppm), M?c kh? gas: An to?n",Auto,OFF,OFF,OFF,OFF,
9/11/2025,14:12:22,30.611,73.742,14.99115,24.05995,18.44878,13.26724,28.18379,0.23456,An toan,An toan,"Nhi?t ?? 30.6?C, ?? ?m 73.7%, Kh? CO th?p (13.3 ppm), M?c ch?y: An to?n","Kh? CH4 (24.1 ppm), LPG (18.4 ppm), CO (13.3 ppm), M?c kh? gas: An to?n",Auto,OFF,OFF,OFF,OFF,
9/11/2025,14:13:15,30.488,77.799,14.93625,26.9295,17.9562,14.36378,21.27948,0.26434,An toan,An toan,"Nhi?t ?? 30.5?C, ?? ?m 77.8%, Kh? CO th?p (14.4 ppm), M?c ch?y: An to?n","Kh? CH4 (26.9 ppm), LPG (18.0 ppm), CO (14.4 ppm), M?c kh? gas: An to?n",Auto,OFF,OFF,OFF,OFF,
9/11/2025,14:20:15,30.651,70.466,15.41879,26.69019,19.17946,14.94063,23.24375,0.1897,An toan,An toan,"Nhi?t ?? 30.7?C, ?? ?m 70.5%, Kh? CO th?p (14.9 ppm), M?c ch?y: An to?n","Kh? CH4 (26.7 ppm), LPG (19.2 ppm), CO (14.9 ppm), M?c kh? gas: An to?n",Auto,OFF,OFF,OFF,OFF,
9/11/2025,14:21:46,29.231,76.501,15.57045,25.30338,19.5369,13.90689,23.89044,0.89603,An toan,An toan,"Nhi?t ?? 29.2?C, ?? ?m 76.5%, Kh? CO th?p (13.9 ppm), M?c ch?y: An to?n","Kh? CH4 (25.3 ppm), LPG (19.5 ppm), CO (13.9 ppm), M?c kh? gas: An to?n",Auto,OFF,OFF,OFF,OFF,
9/11/2025,14:21:53,29.034,79.732,14.41826,26.65506,18.17155,13.59786,15.52022,0.49937,An toan,An toan,"Nhi?t ?? 29.0?C, ?? ?m 79.7%, Kh? CO th?p (13.6 ppm), M?c ch?y: An to?n","Kh? CH4 (26.7 ppm), LPG (18.2 ppm), CO (13.6 ppm), M?c kh? gas: An to?n",Auto,OFF,OFF,OFF,OFF,
9/11/2025,14:27:58,29.51,79.585,15.53321,24.5763,17.9625,13.32102,10.39542,0.84603,An toan,An toan,"Nhi?t ?? 29.5?C, ?? ?m 79.6%, Kh? CO th?p (13.3 ppm), M?c ch?y: An to?n","Kh? CH4 (24.6 ppm), LPG (18.0 ppm), CO (13.3 ppm), M?c kh? gas: An to?n",Auto,OFF,OFF,OFF,OFF,
9/11/2025,14:30:35,29.071,72.006,15.90785,24.64168,19.4334,13.1341,16.46652,0.27456,An toan,An toan,"Nhi?t ?? 29.1?C, ?? ?m 72.0%, Kh? CO th?p (13.1 ppm), M?c ch?y: An to?n","Kh? CH4 (24.6 ppm), LPG (19.4 ppm), CO (13.1 ppm), M?c kh? gas: An to?n",Auto,OFF,OFF,OFF,OFF,
9/11/2025,14:31:20,30.615,72.481,15.75294,25.13223,17.58876,13.28009,26.30311,0.5681,An toan,An toan,"Nhi?t ?? 30.6?C, ?? ?m 72.5%, Kh? CO th?p (13.3 ppm), M?c ch?y: An to?n","Kh? CH4 (25.1 ppm), LPG (17.6 ppm), CO (13.3 ppm), M?c kh? gas: An to?n",Auto,OFF,OFF,OFF,OFF,
9/11/2025,14:32:28,30.633,72.949,15.30496,25.07609,19.07571,13.68117,22.13154,0.42908,An toan,An toan,"Nhi?t ?? 30.6?C, ?? ?m 72.9%, Kh? CO th?p (13.7 ppm), M?c ch?y: An to?n","Kh? CH4 (25.1 ppm), LPG (19.1 ppm), CO (13.7 ppm), M?c kh? gas: An to?n",Auto,OFF,OFF,OFF,OFF,
9/11/2025,14:33:46,30.251,72.936,15.92587,26.14492,18.41483,14.9437,22.81844,0.19069,An toan,An toan,"Nhi?t ?? 30.3?C, ?? ?m 72.9%, Kh? CO th?p (14.9 ppm), M?c ch?y: An to?n","Kh? CH4 (26.1 ppm), LPG (18.4 ppm), CO (14.9 ppm), M?c kh? gas: An to?n",Auto,OFF,OFF,OFF,OFF,
9/11/2025,14:39:42,30.996,69.174,15.92391,25.35262,18.28113,13.83104,10.78859,0.5939,An toan,An toan,"Nhi?t ?? 31.0?C, ?? ?m 69.2%, Kh? CO th?p (13.8 ppm), M?c ch?y: An to?n","Kh? CH4 (25.4 ppm), LPG (18.3 ppm), CO (13.8 ppm), M?c kh? gas: An to?n",Auto,OFF,OFF,OFF,OFF,
9/11/2025,14:47:04,30.588,72.955,15.09215,24.93724,19.13992,13.64049,17.71656,0.57677,An toan,An toan,"Nhi?t ?? 30.6?C, ?? ?m 73.0%, Kh? CO th?p (13.6 ppm), M?c ch?y: An to?n","Kh? CH4 (24.9 ppm), LPG (19.1 ppm), CO (13.6 ppm), M?c kh? gas: An to?n",Auto,OFF,OFF,OFF,OFF,
9/11/2025,14:54:38,29.529,75.268,15.05865,26.61901,18.9786,13.55835,24.18338,0.81457,An toan,An toan,"Nhi?t ?? 29.5?C, ?? ?m 75.3%, Kh? CO th?p (13.6 ppm), M?c ch?y: An to?n","Kh? CH4 (26.6 ppm), LPG (19.0 ppm), CO (13.6 ppm), M?c kh? gas: An to?n",Auto,OFF,OFF,OFF,OFF,
9/11/2025,14:59:26,30.003,79.999,15.86069,26.46453,18.90401,13.65081,25.1421,0.97247,An toan,An toan,"Nhi?t ?? 30.0?C, ?? ?m 80.0%, Kh? CO th?p (13.7 ppm), M?c ch?y: An to?n","Kh? CH4 (26.5 ppm), LPG (18.9 ppm), CO (13.7 ppm), M?c kh? gas: An to?n",Auto,OFF,OFF,OFF,OFF,
9/11/2025,15:02:09,30.253,69.577,14.07124,25.84099,17.47269,13.6698,13.39859,0.9693,An toan,An toan,"Nhi?t ?? 30.3?C, ?? ?m 69.6%, Kh? CO th?p (13.7 ppm), M?c ch?y: An to?n","Kh? CH4 (25.8 ppm), LPG (17.5 ppm), CO (13.7 ppm), M?c kh? gas: An to?n",Auto,OFF,OFF,OFF,OFF,
9/11/2025,15:02:49,29.335,70.355,15.29841,26.25506,17.83334,13.63093,21.45499,0.18985,An toan,An toan,"Nhi?t ?? 29.3?C, ?? ?m 70.4%, Kh? CO th?p (13.6 ppm), M?c ch?y: An to?n","Kh? CH4 (26.3 ppm), LPG (17.8 ppm), CO (13.6 ppm), M?c kh? gas: An to?n",Auto,OFF,OFF,OFF,OFF,
9/11/2025,15:06:41,30.123,75.053,14.6826,25.68156,17.92962,13.95021,22.01839,0.97737,An toan,An toan,"Nhi?t ?? 30.1?C, ?? ?m 75.1%, Kh? CO th?p (14.0 ppm), M?c ch?y: An to?n","Kh? CH4 (25.7 ppm), LPG (17.9 ppm), CO (14.0 ppm), M?c kh? gas: An to?n",Auto,OFF,OFF,OFF,OFF,
9/11/2025,15:11:41,30.801,79.057,15.10755,24.18266,19.85811,13.19598,22.02022,0.58191,An toan,An toan,"Nhi?t ?? 30.8?C, ?? ?m 79.1%, Kh? CO th?p (13.2 ppm), M?c ch?y: An to?n","Kh? CH4 (24.2 ppm), LPG (19.9 ppm), CO (13.2 ppm), M?c kh? gas: An to?n",Auto,OFF,OFF,OFF,OFF,
9/11/2025,15:14:20,30.465,79.898,15.17694,24.70509,18.65804,14.2205,14.58807,0.92467,An toan,An toan,"Nhi?t ?? 30.5?C, ?? ?m 79.9%, Kh? CO th?p (14.2 ppm), M?c ch?y: An to?n","Kh? CH4 (24.7 ppm), LPG (18.7 ppm), CO (14.2 ppm), M?c kh? gas: An to?n",Auto,OFF,OFF,OFF,OFF,
9/11/2025,15:15:48,29.82,74.938,14.94959,26.98587,18.95051,14.33415,15.75163,0.87868,An toan,An toan,"Nhi?t ?? 29.8?C, ?? ?m 74.9%, Kh? CO th?p (14.3 ppm), M?c ch?y: An to?n","Kh? CH4 (27.0 ppm), LPG (19.0 ppm), CO (14.3 ppm), M?c kh? gas: An to?n",Auto,OFF,OFF,OFF,OFF,
9/11/2025,15:23:53,30.493,70.841,15.683,25.47947,17.03643,14.51278,26.71211,0.98877,An toan,An toan,"Nhi?t ?? 30.5?C, ?? ?m 70.8%, Kh? CO th?p (14.5 ppm), M?c ch?y: An to?n","Kh? CH4 (25.5 ppm), LPG (17.0 ppm), CO (14.5 ppm), M?c kh? gas: An to?n",Auto,OFF,OFF,OFF,OFF,
9/11/2025,15:25:11,29.63,71.128,14.1157,25.12763,18.36423,13.86119,10.45481,0.73162,An toan,An toan,"Nhi?t ?? 29.6?C, ?? ?m 71.1%, Kh? CO th?p (13.9 ppm), M?c ch?y: An to?n","Kh? CH4 (25.1 ppm), LPG (18.4 ppm), CO (13.9 ppm), M?c kh? gas: An to?n",Auto,OFF,OFF,OFF,OFF,
9/11/2025,15:26:45,29.108,79.923,15.75378,26.06446,18.29857,13.10847,27.33565,0.29986,An toan,An toan,"Nhi?t ?? 29.1?C, ?? ?m 79.9%, Kh? CO th?p (13.1 ppm), M?c ch?y: An to?n","Kh? CH4 (26.1 ppm), LPG (18.3 ppm), CO (13.1 ppm), M?c kh? gas: An to?n",Auto,OFF,OFF,OFF,OFF,
9/11/2025,15:28:23,30.691,70.278,14.26869,25.44724,18.25149,14.09471,26.72171,0.43393,An toan,An toan,"Nhi?t ?? 30.7?C, ?? ?m 70.3%, Kh? CO th?p (14.1 ppm), M?c ch?y: An to?n","Kh? CH4 (25.4 ppm), LPG (18.3 ppm), CO (14.1 ppm), M?c kh? gas: An to?n",Auto,OFF,OFF,OFF,OFF,
9/11/2025,15:35:32,29.476,78.103,15.3387,24.68989,17.85437,13.08193,23.4761,0.45675,An toan,An toan,"Nhi?t ?? 29.5?C, ?? ?m 78.1%, Kh? CO th?p (13.1 ppm), M?c ch?y: An to?n","Kh? CH4 (24.7 ppm), LPG (17.9 ppm), CO (13.1 ppm), M?c kh? gas: An to?n",Auto,OFF,OFF,OFF,OFF,
9/11/2025,15:37:39,29.966,78.379,14.68668,24.21618,17.55436,13.95435,13.50017,0.26793,An toan,An toan,"Nhi?t ?? 30.0?C, ?? ?m 78.4%, Kh? CO th?p (14.0 ppm), M?c ch?y: An to?n","Kh? CH4 (24.2 ppm), LPG (17.6 ppm), CO (14.0 ppm), M?c kh? gas: An to?n",Auto,OFF,OFF,OFF,OFF,
9/11/2025,15:39:22,29.162,73.572,15.46474,25.24701,18.64231,14.19795,15.10057,0.37865,An toan,An toan,"Nhi?t ?? 29.2?C, ?? ?m 73.6%, Kh? CO th?p (14.2 ppm), M?c ch?y: An to?n","Kh? CH4 (25.2 ppm), LPG (18.6 ppm), CO (14.2 ppm), M?c kh? gas: An to?n",Auto,OFF,OFF,OFF,OFF,
9/11/2025,15:39:42,30.69,71.675,14.90042,26.17552,18.65819,14.55991,26.40261,0.6613,An toan,An toan,"Nhi?t ?? 30.7?C, ?? ?m 71.7%, Kh? CO th?p (14.6 ppm), M?c ch?y: An to?n","Kh? CH4 (26.2 ppm), LPG (18.7 ppm), CO (14.6 ppm), M?c kh? gas: An to?n",Auto,OFF,OFF,OFF,OFF,
9/11/2025,15:40:50,29.736,71.985,14.23626,24.36529,18.15311,14.20472,13.48726,0.45767,An toan,An toan,"Nhi?t ?? 29.7?C, ?? ?m 72.0%, Kh? CO th?p (14.2 ppm), M?c ch?y: An to?n","Kh? CH4 (24.4 ppm), LPG (18.2 ppm), CO (14.2 ppm), M?c kh? gas: An to?n",Auto,OFF,OFF,OFF,OFF,
9/11/2025,15:45:46,30.389,73.562,15.17412,24.91565,18.97607,13.31817,10.37291,0.94982,An toan,An toan,"Nhi?t ?? 30.4?C, ?? ?m 73.6%, Kh? CO th?p (13.3 ppm), M?c ch?y: An to?n","Kh? CH4 (24.9 ppm), LPG (19.0 ppm), CO (13.3 ppm), M?c kh? gas: An to?n",Auto,OFF,OFF,OFF,OFF,
9/11/2025,15:46:03,29.364,72.202,14.02577,24.94835,19.91868,13.9942,11.11775,0.46677,An toan,An toan,"Nhi?t ?? 29.4?C, ?? ?m 72.2%, Kh? CO th?p (14.0 ppm), M?c ch?y: An to?n","Kh? CH4 (24.9 ppm), LPG (19.9 ppm), CO (14.0 ppm), M?c kh? gas: An to?n",Auto,OFF,OFF,OFF,OFF,
9/11/2025,15:47:16,29.165,76.69,14.09838,24.00214,19.22359,13.07983,16.60664,0.27517,An toan,An toan,"Nhi?t ?? 29.2?C, ?? ?m 76.7%, Kh? CO th?p (13.1 ppm), M?c ch?y: An to?n","Kh? CH4 (24.0 ppm), LPG (19.2 ppm), CO (13.1 ppm), M?c kh? gas: An to?n",Auto,OFF,OFF,OFF,OFF,
9/11/2025,15:49:01,29.866,79.78,15.92827,24.39602,18.48169,13.36978,12.0524,0.88602,An toan,An toan,"Nhi?t ?? 29.9?C, ?? ?m 79.8%, Kh? CO th?p (13.4 ppm), M?c ch?y: An to?n","Kh? CH4 (24.4 ppm), LPG (18.5 ppm), CO (13.4 ppm), M?c kh? gas: An to?n",Auto,OFF,OFF,OFF,OFF,
9/11/2025,15:58:34,29.122,75.295,14.89073,25.16586,17.43379,14.54532,12.1528,0.84034,An toan,An toan,"Nhi?t ?? 29.1?C, ?? ?m 75.3%, Kh? CO th?p (14.5 ppm), M?c ch?y: An to?n","Kh? CH4 (25.2 ppm), LPG (17.4 ppm), CO (14.5 ppm), M?c kh? gas: An to?n",Auto,OFF,OFF,OFF,OFF,
9/11/2025,16:00:27,30.568,77.226,15.21828,26.75178,18.64149,13.7953,15.86691,0.96732,An toan,An toan,"Nhi?t ?? 30.6?C, ?? ?m 77.2%, Kh? CO th?p (13.8 ppm), M?c ch?y: An to?n","Kh? CH4 (26.8 ppm), LPG (18.6 ppm), CO (13.8 ppm), M?c kh? gas: An to?n",Auto,OFF,OFF,OFF,OFF,
9/11/2025,16:03:35,30.449,74.109,14.96158,25.52225,19.06327,13.96639,29.88404,0.66373,An toan,An toan,"Nhi?t ?? 30.4?C, ?? ?m 74.1%, Kh? CO th?p (14.0 ppm), M?c ch?y: An to?n","Kh? CH4 (25.5 ppm), LPG (19.1 ppm), CO (14.0 ppm), M?c kh? gas: An to?n",Auto,OFF,OFF,OFF,OFF,
9/11/2025,16:07:10,29.979,76.242,14.56048,25.18107,19.43312,14.62747,23.09045,0.19884,An toan,An toan,"Nhi?t ?? 30.0?C, ?? ?m 76.2%, Kh? CO th?p (14.6 ppm), M?c ch?y: An to?n","Kh? CH4 (25.2 ppm), LPG (19.4 ppm), CO (14.6 ppm), M?c kh? gas: An to?n",Auto,OFF,OFF,OFF,OFF,
9/11/2025,16:10:48,29.064,70.85,14.59257,26.67737,19.74864,14.83805,10.11339,0.86378,An toan,An toan,"Nhi?t ?? 29.1?C, ?? ?m 70.9%, Kh? CO th?p (14.8 ppm), M?c ch?y: An to?n","Kh? CH4 (26.7 ppm), LPG (19.7 ppm), CO (14.8 ppm), M?c kh? gas: An to?n",Auto,OFF,OFF,OFF,OFF,
9/11/2025,16:12:39,29.741,74.101,15.43172,26.20935,18.64146,14.53958,28.71803,0.84209,An toan,An toan,"Nhi?t ?? 29.7?C, ?? ?m 74.1%, Kh? CO th?p (14.5 ppm), M?c ch?y: An to?n","Kh? CH4 (26.2 ppm), LPG (18.6 ppm), CO (14.5 ppm), M?c kh? gas: An to?n",Auto,OFF,OFF,OFF,OFF,
9/11/2025,16:18:36,29.854,79.054,14.26511,26.12855,18.12634,14.99732,16.47123,0.9184,An toan,An toan,"Nhi?t ?? 29.9?C, ?? ?m 79.1%, Kh? CO th?p (15.0 ppm), M?c ch?y: An to?n","Kh? CH4 (26.1 ppm), LPG (18.1 ppm), CO (15.0 ppm), M?c kh? gas: An to?n",Auto,OFF,OFF,OFF,OFF,
9/11/2025,16:19:29,29.865,70.798,15.25433,24.06051,18.41113,13.70984,15.1241,0.25589,An toan,An toan,"Nhi?t ?? 29.9?C, ?? ?m 70.8%, Kh? CO th?p (13.7 ppm), M?c ch?y: An to?n","Kh? CH4 (24.1 ppm), LPG (18.4 ppm), CO (13.7 ppm), M?c kh? gas: An to?n",Auto,OFF,OFF,OFF,OFF,
9/11/2025,16:19:43,29.984,75.373,14.14989,25.87411,18.08214,14.13699,29.04203,0.75849,An toan,An toan,"Nhi?t ?? 30.0?C, ?? ?m 75.4%, Kh? CO th?p (14.1 ppm), M?c ch?y: An to?n","Kh? CH4 (25.9 ppm), LPG (18.1 ppm), CO (14.1 ppm), M?c kh? gas: An to?n",Auto,OFF,OFF,OFF,OFF,
9/11/2025,16:20:18,30.766,77.895,14.5049,25.44593,19.72645,14.55754,14.54509,0.27568,An toan,An toan,"Nhi?t ?? 30.8?C, ?? ?m 77.9%, Kh? CO th?p (14.6 ppm), M?c ch?y: An to?n","Kh? CH4 (25.4 ppm), LPG (19.7 ppm), CO (14.6 ppm), M?c kh? gas: An to?n",Auto,OFF,OFF,OFF,OFF,
9/11/2025,16:31:12,30.86,78.13,15.61476,24.90402,19.34494,13.66943,19.17521,0.971,An toan,An toan,"Nhi?t ?? 30.9?C, ?? ?m 78.1%, Kh? CO th?p (13.7 ppm), M?c ch?y: An to?n","Kh? CH4 (24.9 ppm), LPG (19.3 ppm), CO (13.7 ppm), M?c kh? gas: An to?n",Auto,OFF,OFF,OFF,OFF,
9/11/2025,16:34:14,30.325,69.492,15.47731,26.41151,18.44195,13.70196,18.55867,0.82753,An toan,An toan,"Nhi?t ?? 30.3?C, ?? ?m 69.5%, Kh? CO th?p (13.7 ppm), M?c ch?y: An to?n","Kh? CH4 (26.4 ppm), LPG (18.4 ppm), CO (13.7 ppm), M?c kh? gas: An to?n",Auto,OFF,OFF,OFF,OFF,
9/11/2025,16:34:50,29.19,76.583,14.91428,25.69351,19.96952,13.70703,26.26112,0.68064,An toan,An toan,"Nhi?t ?? 29.2?C, ?? ?m 76.6%, Kh? CO th?p (13.7 ppm), M?c ch?y: An to?n","Kh? CH4 (25.7 ppm), LPG (20.0 ppm), CO (13.7 ppm), M?c kh? gas: An to?n",Auto,OFF,OFF,OFF,OFF,
9/11/2025,16:35:36,30.292,77.789,14.75642,25.88166,19.04209,13.34891,16.5435,0.89849,An toan,An toan,"Nhi?t ?? 30.3?C, ?? ?m 77.8%, Kh? CO th?p (13.3 ppm), M?c ch?y: An to?n","Kh? CH4 (25.9 ppm), LPG (19.0 ppm), CO (13.3 ppm), M?c kh? gas: An to?n",Auto,OFF,OFF,OFF,OFF,
9/11/2025,16:36:44,29.255,73.902,15.17401,26.81945,17.03039,14.65642,24.79649,0.20291,An toan,An toan,"Nhi?t ?? 29.3?C, ?? ?m 73.9%, Kh? CO th?p (14.7 ppm), M?c ch?y: An to?n","Kh? CH4 (26.8 ppm), LPG (17.0 ppm), CO (14.7 ppm), M?c kh? gas: An to?n",Auto,OFF,OFF,OFF,OFF,
9/11/2025,16:37:34,30.465,74.901,15.64518,25.12031,19.31294,14.89412,17.53586,0.24405,An toan,An toan,"Nhi?t ?? 30.5?C, ?? ?m 74.9%, Kh? CO th?p (14.9 ppm), M?c ch?y: An to?n","Kh? CH4 (25.1 ppm), LPG (19.3 ppm), CO (14.9 ppm), M?c kh? gas: An to?n",Auto,OFF,OFF,OFF,OFF,
9/11/2025,16:37:38,30.362,71.659,15.83183,25.31511,19.41537,14.20352,14.91841,0.95067,An toan,An toan,"Nhi?t ?? 30.4?C, ?? ?m 71.7%, Kh? CO th?p (14.2 ppm), M?c ch?y: An to?n","Kh? CH4 (25.3 ppm), LPG (19.4 ppm), CO (14.2 ppm), M?c kh? gas: An to?n",Auto,OFF,OFF,OFF,OFF,
9/11/2025,16:45:13,30.753,76.355,15.15678,24.21053,17.12964,14.79325,23.41806,0.71987,An toan,An toan,"Nhi?t ?? 30.8?C, ?? ?m 76.4%, Kh? CO th?p (14.8 ppm), M?c ch?y: An to?n","Kh? CH4 (24.2 ppm), LPG (17.1 ppm), CO (14.8 ppm), M?c kh? gas: An to?n",Auto,OFF,OFF,OFF,OFF,
9/11/2025,16:48:45,30.007,72.032,15.96612,24.86364,19.16842,14.48302,10.34943,0.21846,An toan,An toan,"Nhi?t ?? 30.0?C, ?? ?m 72.0%, Kh? CO th?p (14.5 ppm), M?c ch?y: An to?n","Kh? CH4 (24.9 ppm), LPG (19.2 ppm), CO (14.5 ppm), M?c kh? gas: An to?n",Auto,OFF,OFF,OFF,OFF,
9/11/2025,16:53:57,29.294,69.34,14.38317,26.13073,18.98207,13.16632,18.81054,0.60967,An toan,An toan,"Nhi?t ?? 29.3?C, ?? ?m 69.3%, Kh? CO th?p (13.2 ppm), M?c ch?y: An to?n","Kh? CH4 (26.1 ppm), LPG (19.0 ppm), CO (13.2 ppm), M?c kh? gas: An to?n",Auto,OFF,OFF,OFF,OFF,
9/11/2025,16:56:37,29.753,71.465,14.97091,24.50603,17.22233,14.03738,14.61578,0.12827,An toan,An toan,"Nhi?t ?? 29.8?C, ?? ?m 71.5%, Kh? CO th?p (14.0 ppm), M?c ch?y: An to?n","Kh? CH4 (24.5 ppm), LPG (17.2 ppm), CO (14.0 ppm), M?c kh? gas: An to?n",Auto,OFF,OFF,OFF,OFF,
9/11/2025,17:02:58,29.777,70.866,15.77325,26.24427,18.95653,13.34029,14.09507,0.76172,An toan,An toan,"Nhi?t ?? 29.8?C, ?? ?m 70.9%, Kh? CO th?p (13.3 ppm), M?c ch?y: An to?n","Kh? CH4 (26.2 ppm), LPG (19.0 ppm), CO (13.3 ppm), M?c kh? gas: An to?n",Auto,OFF,OFF,OFF,OFF,
9/11/2025,17:06:05,30.894,69.245,15.34871,25.55798,18.02102,14.07484,20.30904,0.77838,An toan,An toan,"Nhi?t ?? 30.9?C, ?? ?m 69.2%, Kh? CO th?p (14.1 ppm), M?c ch?y: An to?n","Kh? CH4 (25.6 ppm), LPG (18.0 ppm), CO (14.1 ppm), M?c kh? gas: An to?n",Auto,OFF,OFF,OFF,OFF,
9/11/2025,17:06:13,30.095,74.621,15.03448,24.40136,19.25927,14.87829,19.87746,0.31275,An toan,An toan,"Nhi?t ?? 30.1?C, ?? ?m 74.6%, Kh? CO th?p (14.9 ppm), M?c ch?y: An to?n","Kh? CH4 (24.4 ppm), LPG (19.3 ppm), CO (14.9 ppm), M?c kh? gas: An to?n",Auto,OFF,OFF,OFF,OFF,
9/11/2025,17:12:52,29.989,74.246,14.41493,25.58542,18.92531,13.11769,18.33898,0.1335,An toan,An toan,"Nhi?t ?? 30.0?C, ?? ?m 74.2%, Kh? CO th?p (13.1 ppm), M?c ch?y: An to?n","Kh? CH4 (25.6 ppm), LPG (18.9 ppm), CO (13.1 ppm), M?c kh? gas: An to?n",Auto,OFF,OFF,OFF,OFF,
9/11/2025,17:13:01,29.477,72.095,15.17779,25.70481,17.63814,14.14477,24.84962,0.12593,An toan,An toan,"Nhi?t ?? 29.5?C, ?? ?m 72.1%, Kh? CO th?p (14.1 ppm), M?c ch?y: An to?n","Kh? CH4 (25.7 ppm), LPG (17.6 ppm), CO (14.1 ppm), M?c kh? gas: An to?n",Auto,OFF,OFF,OFF,OFF,
9/11/2025,17:16:53,30.874,74.283,14.70361,24.84919,18.24226,14.34794,20.92399,0.57933,An toan,An toan,"Nhi?t ?? 30.9?C, ?? ?m 74.3%, Kh? CO th?p (14.3 ppm), M?c ch?y: An to?n","Kh? CH4 (24.8 ppm), LPG (18.2 ppm), CO (14.3 ppm), M?c kh? gas: An to?n",Auto,OFF,OFF,OFF,OFF,
9/11/2025,17:21:13,29.447,71.651,15.98899,25.34067,18.92492,13.64876,28.77068,0.13892,An toan,An toan,"Nhi?t ?? 29.4?C, ?? ?m 71.7%, Kh? CO th?p (13.6 ppm), M?c ch?y: An to?n","Kh? CH4 (25.3 ppm), LPG (18.9 ppm), CO (13.6 ppm), M?c kh? gas: An to?n",Auto,OFF,OFF,OFF,OFF,
9/11/2025,17:22:46,30.268,74.481,15.24013,25.6438,19.02776,13.91683,10.7628,0.12035,An toan,An toan,"Nhi?t ?? 30.3?C, ?? ?m 74.5%, Kh? CO th?p (13.9 ppm), M?c ch?y: An to?n","Kh? CH4 (25.6 ppm), LPG (19.0 ppm), CO (13.9 ppm), M?c kh? gas: An to?n",Auto,OFF,OFF,OFF,OFF,
9/11/2025,17:24:07,30.393,79.987,14.04105,26.04258,17.21875,14.52781,12.59198,0.73772,An toan,An toan,"Nhi?t ?? 30.4?C, ?? ?m 80.0%, Kh? CO th?p (14.5 ppm), M?c ch?y: An to?n","Kh? CH4 (26.0 ppm), LPG (17.2 ppm), CO (14.5 ppm), M?c kh? gas: An to?n",Auto,OFF,OFF,OFF,OFF,
9/11/2025,17:26:32,30.71,69.918,14.04739,24.6146,19.26728,14.39429,22.90881,0.23909,An toan,An toan,"Nhi?t ?? 30.7?C, ?? ?m 69.9%, Kh? CO th?p (14.4 ppm), M?c ch?y: An to?n","Kh? CH4 (24.6 ppm), LPG (19.3 ppm), CO (14.4 ppm), M?c kh? gas: An to?n",Auto,OFF,OFF,OFF,OFF,
9/11/2025,17:28:58,30.183,79.096,15.28329,25.98721,19.18449,14.22446,15.99763,0.84866,An toan,An toan,"Nhi?t ?? 30.2?C, ?? ?m 79.1%, Kh? CO th?p (14.2 ppm), M?c ch?y: An to?n","Kh? CH4 (26.0 ppm), LPG (19.2 ppm), CO (14.2 ppm), M?c kh? gas: An to?n",Auto,OFF,OFF,OFF,OFF,
9/11/2025,17:36:43,30.378,72.06,14.46405,26.57316,19.91632,13.41944,10.14656,0.93183,An toan,An toan,"Nhi?t ?? 30.4?C, ?? ?m 72.1%, Kh? CO th?p (13.4 ppm), M?c ch?y: An to?n","Kh? CH4 (26.6 ppm), LPG (19.9 ppm), CO (13.4 ppm), M?c kh? gas: An to?n",Auto,OFF,OFF,OFF,OFF,
9/11/2025,17:43:52,30.64,75.456,14.08141,24.00456,17.80311,13.38389,12.79332,0.8303,An toan,An toan,"Nhi?t ?? 30.6?C, ?? ?m 75.5%, Kh? CO th?p (13.4 ppm), M?c ch?y: An to?n","Kh? CH4 (24.0 ppm), LPG (17.8 ppm), CO (13.4 ppm), M?c kh? gas: An to?n",Auto,OFF,OFF,OFF,OFF,
9/11/2025,17:50:06,29.837,71.72,15.87367,24.9377,18.58841,14.97681,12.03565,0.64366,An toan,An toan,"Nhi?t ?? 29.8?C, ?? ?m 71.7%, Kh? CO th?p (15.0 ppm), M?c ch?y: An to?n","Kh? CH4 (24.9 ppm), LPG (18.6 ppm), CO (15.0 ppm), M?c kh? gas: An to?n",Auto,OFF,OFF,OFF,OFF,
9/11/2025,17:50:29,29.795,77.055,15.71695,26.87939,19.67433,14.2173,18.24512,0.74052,An toan,An toan,"Nhi?t ?? 29.8?C, ?? ?m 77.1%, Kh? CO th?p (14.2 ppm), M?c ch?y: An to?n","Kh? CH4 (26.9 ppm), LPG (19.7 ppm), CO (14.2 ppm), M?c kh? gas: An to?n",Auto,OFF,OFF,OFF,OFF,
9/11/2025,17:51:09,30.222,70.454,15.83035,25.07291,19.00886,13.80932,19.6075,0.19,An toan,An toan,"Nhi?t ?? 30.2?C, ?? ?m 70.5%, Kh? CO th?p (13.8 ppm), M?c ch?y: An to?n","Kh? CH4 (25.1 ppm), LPG (19.0 ppm), CO (13.8 ppm), M?c kh? gas: An to?n",Auto,OFF,OFF,OFF,OFF,
9/11/2025,17:51:34,30.523,73.282,15.19131,26.35751,18.21281,14.75543,13.59944,0.64561,An toan,An toan,"Nhi?t ?? 30.5?C, ?? ?m 73.3%, Kh? CO th?p (14.8 ppm), M?c ch?y: An to?n","Kh? CH4 (26.4 ppm), LPG (18.2 ppm), CO (14.8 ppm), M?c kh? gas: An to?n",Auto,OFF,OFF,OFF,OFF,
9/11/2025,17:55:37,30.729,74.084,15.60896,26.26627,17.1587,14.95019,18.9521,0.99698,An toan,An toan,"Nhi?t ?? 30.7?C, ?? ?m 74.1%, Kh? CO th?p (15.0 ppm), M?c ch?y: An to?n","Kh? CH4 (26.3 ppm), LPG (17.2 ppm), CO (15.0 ppm), M?c kh? gas: An to?n",Auto,OFF,OFF,OFF,OFF,
9/11/2025,17:58:27,30.778,69.116,14.49973,24.97015,19.73992,13.62518,19.61053,0.30473,An toan,An toan,"Nhi?t ?? 30.8?C, ?? ?m 69.1%, Kh? CO th?p (13.6 ppm), M?c ch?y: An to?n","Kh? CH4 (25.0 ppm), LPG (19.7 ppm), CO (13.6 ppm), M?c kh? gas: An to?n",Auto,OFF,OFF,OFF,OFF,
9/11/2025,17:59:48,29.141,71.12,14.91602,26.88267,18.34599,13.56487,19.38945,0.70964,An toan,An toan,"Nhi?t ?? 29.1?C, ?? ?m 71.1%, Kh? CO th?p (13.6 ppm), M?c ch?y: An to?n","Kh? CH4 (26.9 ppm), LPG (18.3 ppm), CO (13.6 ppm), M?c kh? gas: An to?n",Auto,OFF,OFF,OFF,OFF,
9/11/2025,18:00:05,29.841,76.84,15.95899,26.22278,18.83192,14.24835,19.86048,0.72593,An toan,An toan,"Nhi?t ?? 29.8?C, ?? ?m 76.8%, Kh? CO th?p (14.2 ppm), M?c ch?y: An to?n","Kh? CH4 (26.2 ppm), LPG (18.8 ppm), CO (14.2 ppm), M?c kh? gas: An to?n",Auto,OFF,OFF,OFF,OFF,
9/11/2025,18:00:43,30.88,73.092,15.79288,26.31528,19.63229,13.74974,16.20007,0.34839,An toan,An toan,"Nhi?t ?? 30.9?C, ?? ?m 73.1%, Kh? CO th?p (13.7 ppm), M?c ch?y: An to?n","Kh? CH4 (26.3 ppm), LPG (19.6 ppm), CO (13.7 ppm), M?c kh? gas: An to?n",Auto,OFF,OFF,OFF,OFF,
9/11/2025,18:03:59,29.99,74.508,14.10408,26.16967,18.62451,13.17254,15.271,0.77516,An toan,An toan,"Nhi?t ?? 30.0?C, ?? ?m 74.5%, Kh? CO th?p (13.2 ppm), M?c ch?y: An to?n","Kh? CH4 (26.2 ppm), LPG (18.6 ppm), CO (13.2 ppm), M?c kh? gas: An to?n",Auto,OFF,OFF,OFF,OFF,
9/11/2025,18:06:36,30.317,77.475,14.64634,24.46889,19.03909,14.69924,23.84475,0.12786,An toan,An toan,"Nhi?t ?? 30.3?C, ?? ?m 77.5%, Kh? CO th?p (14.7 ppm), M?c ch?y: An to?n","Kh? CH4 (24.5 ppm), LPG (19.0 ppm), CO (14.7 ppm), M?c kh? gas: An to?n",Auto,OFF,OFF,OFF,OFF,
9/11/2025,18:08:39,29.044,74.781,14.53819,25.71177,19.55178,13.14889,20.18736,0.70067,An toan,An toan,"Nhi?t ?? 29.0?C, ?? ?m 74.8%, Kh? CO th?p (13.1 ppm), M?c ch?y: An to?n","Kh? CH4 (25.7 ppm), LPG (19.6 ppm), CO (13.1 ppm), M?c kh? gas: An to?n",Auto,OFF,OFF,OFF,OFF,
9/11/2025,18:14:58,30.113,79.304,15.16308,25.59679,17.11072,14.47086,12.20076,0.94354,An toan,An toan,"Nhi?t ?? 30.1?C, ?? ?m 79.3%, Kh? CO th?p (14.5 ppm), M?c ch?y: An to?n","Kh? CH4 (25.6 ppm), LPG (17.1 ppm), CO (14.5 ppm), M?c kh? gas: An to?n",Auto,OFF,OFF,OFF,OFF,
9/11/2025,18:21:31,30.131,69.213,14.07452,25.5389,18.04376,14.65943,23.8658,0.36102,An toan,An toan,"Nhi?t ?? 30.1?C, ?? ?m 69.2%, Kh? CO th?p (14.7 ppm), M?c ch?y: An to?n","Kh? CH4 (25.5 ppm), LPG (18.0 ppm), CO (14.7 ppm), M?c kh? gas: An to?n",Auto,OFF,OFF,OFF,OFF,
9/11/2025,18:22:49,29.963,74.375,14.78073,25.06736,18.8135,14.69139,13.46337,0.6954,An toan,An toan,"Nhi?t ?? 30.0?C, ?? ?m 74.4%, Kh? CO th?p (14.7 ppm), M?c ch?y: An to?n","Kh? CH4 (25.1 ppm), LPG (18.8 ppm), CO (14.7 ppm), M?c kh? gas: An to?n",Auto,OFF,OFF,OFF,OFF,
9/11/2025,18:33:10,29.401,79.724,14.44387,24.36222,18.79996,13.02646,10.40141,0.40961,An toan,An toan,"Nhi?t ?? 29.4?C, ?? ?m 79.7%, Kh? CO th?p (13.0 ppm), M?c ch?y: An to?n","Kh? CH4 (24.4 ppm), LPG (18.8 ppm), CO (13.0 ppm), M?c kh? gas: An to?n",Auto,OFF,OFF,OFF,OFF,
9/11/2025,18:41:00,29.409,78.627,15.93356,24.63101,19.06797,14.20512,28.31405,0.42406,An toan,An toan,"Nhi?t ?? 29.4?C, ?? ?m 78.6%, Kh? CO th?p (14.2 ppm), M?c ch?y: An to?n","Kh? CH4 (24.6 ppm), LPG (19.1 ppm), CO (14.2 ppm), M?c kh? gas: An to?n",Auto,OFF,OFF,OFF,OFF,
9/11/2025,18:41:11,29.392,77.224,14.00374,26.17816,17.16314,14.74917,18.01964,0.19258,An toan,An toan,"Nhi?t ?? 29.4?C, ?? ?m 77.2%, Kh? CO th?p (14.7 ppm), M?c ch?y: An to?n","Kh? CH4 (26.2 ppm), LPG (17.2 ppm), CO (14.7 ppm), M?c kh? gas: An to?n",Auto,OFF,OFF,OFF,OFF,
9/11/2025,18:43:26,30.763,71.823,15.36675,25.08552,19.03585,13.32975,27.12641,0.68809,An toan,An toan,"Nhi?t ?? 30.8?C, ?? ?m 71.8%, Kh? CO th?p (13.3 ppm), M?c ch?y: An to?n","Kh? CH4 (25.1 ppm), LPG (19.0 ppm), CO (13.3 ppm), M?c kh? gas: An to?n",Auto,OFF,OFF,OFF,OFF,
9/11/2025,18:44:11,30.233,77.722,15.44392,25.05,19.6669,14.32616,15.49584,0.33082,An toan,An toan,"Nhi?t ?? 30.2?C, ?? ?m 77.7%, Kh? CO th?p (14.3 ppm), M?c ch?y: An to?n","Kh? CH4 (25.0 ppm), LPG (19.7 ppm), CO (14.3 ppm), M?c kh? gas: An to?n",Auto,OFF,OFF,OFF,OFF,
9/11/2025,18:47:25,30.978,71.389,14.31986,25.80539,18.91245,13.30625,27.0409,0.51875,An toan,An toan,"Nhi?t ?? 31.0?C, ?? ?m 71.4%, Kh? CO th?p (13.3 ppm), M?c ch?y: An to?n","Kh? CH4 (25.8 ppm), LPG (18.9 ppm), CO (13.3 ppm), M?c kh? gas: An to?n",Auto,OFF,OFF,OFF,OFF,
9/11/2025,18:51:56,29.714,73.364,15.54,26.9764,17.56931,14.60119,21.72166,0.8595,An toan,An toan,"Nhi?t ?? 29.7?C, ?? ?m 73.4%, Kh? CO th?p (14.6 ppm), M?c ch?y: An to?n","Kh? CH4 (27.0 ppm), LPG (17.6 ppm), CO (14.6 ppm), M?c kh? gas: An to?n",Auto,OFF,OFF,OFF,OFF,
9/11/2025,18:52:45,29.737,73.297,14.09972,26.85885,19.10604,13.91224,17.37,0.25162,An toan,An toan,"Nhi?t ?? 29.7?C, ?? ?m 73.3%, Kh? CO th?p (13.9 ppm), M?c ch?y: An to?n","Kh? CH4 (26.9 ppm), LPG (19.1 ppm), CO (13.9 ppm), M?c kh? gas: An to?n",Auto,OFF,OFF,OFF,OFF,
9/11/2025,18:52:49,29.516,71.851,14.32758,25.46133,19.95227,14.42559,22.37359,0.21132,An toan,An toan,"Nhi?t ?? 29.5?C, ?? ?m 71.9%, Kh? CO th?p (14.4 ppm), M?c ch?y: An to?n","Kh? CH4 (25.5 ppm), LPG (20.0 ppm), CO (14.4 ppm), M?c kh? gas: An to?n",Auto,OFF,OFF,OFF,OFF,
9/11/2025,18:54:21,30.82,70.146,15.99612,25.16127,19.57901,13.38523,10.19483,0.90469,An toan,An toan,"Nhi?t ?? 30.8?C, ?? ?m 70.1%, Kh? CO th?p (13.4 ppm), M?c ch?y: An to?n","Kh? CH4 (25.2 ppm), LPG (19.6 ppm), CO (13.4 ppm), M?c kh? gas: An to?n",Auto,OFF,OFF,OFF,OFF,
9/11/2025,18:54:54,29.054,77.93,15.58924,25.43815,18.96319,14.64909,11.94224,0.8599,An toan,An toan,"Nhi?t ?? 29.1?C, ?? ?m 77.9%, Kh? CO th?p (14.6 ppm), M?c ch?y: An to?n","Kh? CH4 (25.4 ppm), LPG (19.0 ppm), CO (14.6 ppm), M?c kh? gas: An to?n",Auto,OFF,OFF,OFF,OFF,
9/11/2025,18:58:02,29.343,77.78,14.58128,24.80342,18.41524,14.76491,25.70887,0.5353,An toan,An toan,"Nhi?t ?? 29.3?C, ?? ?m 77.8%, Kh? CO th?p (14.8 ppm), M?c ch?y: An to?n","Kh? CH4 (24.8 ppm), LPG (18.4 ppm), CO (14.8 ppm), M?c kh? gas: An to?n",Auto,OFF,OFF,OFF,OFF,
9/11/2025,19:04:28,30.272,71.59,15.93517,26.84422,19.37175,14.6979,11.46228,0.59858,An toan,An toan,"Nhi?t ?? 30.3?C, ?? ?m 71.6%, Kh? CO th?p (14.7 ppm), M?c ch?y: An to?n","Kh? CH4 (26.8 ppm), LPG (19.4 ppm), CO (14.7 ppm), M?c kh? gas: An to?n",Auto,OFF,OFF,OFF,OFF,
9/11/2025,19:05:22,29.503,77.771,14.28978,25.55962,19.9114,14.48609,25.26513,0.47105,An toan,An toan,"Nhi?t ?? 29.5?C, ?? ?m 77.8%, Kh? CO th?p (14.5 ppm), M?c ch?y: An to?n","Kh? CH4 (25.6 ppm), LPG (19.9 ppm), CO (14.5 ppm), M?c kh? gas: An to?n",Auto,OFF,OFF,OFF,OFF,
9/11/2025,19:08:11,30.883,72.375,15.83605,24.01654,18.10814,13.89673,10.95434,0.78046,An toan,An toan,"Nhi?t ?? 30.9?C, ?? ?m 72.4%, Kh? CO th?p (13.9 ppm), M?c ch?y: An to?n","Kh? CH4 (24.0 ppm), LPG (18.1 ppm), CO (13.9 ppm), M?c kh? gas: An to?n",Auto,OFF,OFF,OFF,OFF,
9/11/2025,19:08:15,29.367,77.592,14.93891,26.29724,17.8292,13.08054,26.26762,0.85805,An toan,An toan,"Nhi?t ?? 29.4?C, ?? ?m 77.6%, Kh? CO th?p (13.1 ppm), M?c ch?y: An to?n","Kh? CH4 (26.3 ppm), LPG (17.8 ppm), CO (13.1 ppm), M?c kh? gas: An to?n",Auto,OFF,OFF,OFF,OFF,
9/11/2025,19:08:42,30.332,77.738,15.0131,26.64679,18.9044,14.34333,13.27276,0.70256,An toan,An toan,"Nhi?t ?? 30.3?C, ?? ?m 77.7%, Kh? CO th?p (14.3 ppm), M?c ch?y: An to?n","Kh? CH4 (26.6 ppm), LPG (18.9 ppm), CO (14.3 ppm), M?c kh? gas: An to?n",Auto,OFF,OFF,OFF,OFF,
9/11/2025,19:09:10,30.78,73.753,15.09922,24.70931,17.31338,13.06204,19.22746,0.19468,An toan,An toan,"Nhi?t ?? 30.8?C, ?? ?m 73.8%, Kh? CO th?p (13.1 ppm), M?c ch?y: An to?n","Kh? CH4 (24.7 ppm), LPG (17.3 ppm), CO (13.1 ppm), M?c kh? gas: An to?n",Auto,OFF,OFF,OFF,OFF,
9/11/2025,19:14:51,29.73,78.195,15.16495,26.0062,18.235,14.16195,16.37389,0.87168,An toan,An toan,"Nhi?t ?? 29.7?C, ?? ?m 78.2%, Kh? CO th?p (14.2 ppm), M?c ch?y: An to?n","Kh? CH4 (26.0 ppm), LPG (18.2 ppm), CO (14.2 ppm), M?c kh? gas: An to?n",Auto,OFF,OFF,OFF,OFF,
9/11/2025,19:15:02,29.695,74.198,15.97121,24.8097,17.59752,14.44625,17.11816,0.59489,An toan,An toan,"Nhi?t ?? 29.7?C, ?? ?m 74.2%, Kh? CO th?p (14.4 ppm), M?c ch?y: An to?n","Kh? CH4 (24.8 ppm), LPG (17.6 ppm), CO (14.4 ppm), M?c kh? gas: An to?n",Auto,OFF,OFF,OFF,OFF,
9/11/2025,19:18:10,29.775,75.047,14.40812,25.82138,18.08489,14.63665,25.82955,0.45163,An toan,An toan,"Nhi?t ?? 29.8?C, ?? ?m 75.0%, Kh? CO th?p (14.6 ppm), M?c ch?y: An to?n","Kh? CH4 (25.8 ppm), LPG (18.1 ppm), CO (14.6 ppm), M?c kh? gas: An to?n",Auto,OFF,OFF,OFF,OFF,
9/11/2025,19:19:14,30.551,77.853,15.40299,26.62319,17.82011,13.67441,21.00247,0.48736,An toan,An toan,"Nhi?t ?? 30.6?C, ?? ?m 77.9%, Kh? CO th?p (13.7 ppm), M?c ch?y: An to?n","Kh? CH4 (26.6 ppm), LPG (17.8 ppm), CO (13.7 ppm), M?c kh? gas: An to?n",Auto,OFF,OFF,OFF,OFF,
9/11/2025,19:27:50,29.668,79.109,14.57938,24.46035,19.68108,13.70269,10.08985,0.69956,An toan,An toan,"Nhi?t ?? 29.7?C, ?? ?m 79.1%, Kh? CO th?p (13.7 ppm), M?c ch?y: An to?n","Kh? CH4 (24.5 ppm), LPG (19.7 ppm), CO (13.7 ppm), M?c kh? gas: An to?n",Auto,OFF,OFF,OFF,OFF,
9/11/2025,19:31:23,30.585,73.957,14.32378,24.93791,17.67649,13.60926,27.45372,0.58121,An toan,An toan,"Nhi?t ?? 30.6?C, ?? ?m 74.0%, Kh? CO th?p (13.6 ppm), M?c ch?y: An to?n","Kh? CH4 (24.9 ppm), LPG (17.7 ppm), CO (13.6 ppm), M?c kh? gas: An to?n",Auto,OFF,OFF,OFF,OFF,
9/11/2025,19:31:27,29.951,75.551,15.39699,24.354,19.61018,14.04829,13.68207,0.57585,An toan,An toan,"Nhi?t ?? 30.0?C, ?? ?m 75.6%, Kh? CO th?p (14.0 ppm), M?c ch?y: An to?n","Kh? CH4 (24.4 ppm), LPG (19.6 ppm), CO (14.0 ppm), M?c kh? gas: An to?n",Auto,OFF,OFF,OFF,OFF,
9/11/2025,19:31:37,29.4,79.243,14.83828,25.33158,17.93893,13.40305,28.31604,0.59727,An toan,An toan,"Nhi?t ?? 29.4?C, ?? ?m 79.2%, Kh? CO th?p (13.4 ppm), M?c ch?y: An to?n","Kh? CH4 (25.3 ppm), LPG (17.9 ppm), CO (13.4 ppm), M?c kh? gas: An to?n",Auto,OFF,OFF,OFF,OFF,
9/11/2025,19:38:01,29.592,76.505,14.1498,24.84124,19.5247,14.31777,12.91055,0.55353,An toan,An toan,"Nhi?t ?? 29.6?C, ?? ?m 76.5%, Kh? CO th?p (14.3 ppm), M?c ch?y: An to?n","Kh? CH4 (24.8 ppm), LPG (19.5 ppm), CO (14.3 ppm), M?c kh? gas: An to?n",Auto,OFF,OFF,OFF,OFF,
9/11/2025,19:53:46,29.406,79.713,15.26837,24.04248,19.40186,13.2902,29.10013,0.84055,An toan,An toan,"Nhi?t ?? 29.4?C, ?? ?m 79.7%, Kh? CO th?p (13.3 ppm), M?c ch?y: An to?n","Kh? CH4 (24.0 ppm), LPG (19.4 ppm), CO (13.3 ppm), M?c kh? gas: An to?n",Auto,OFF,OFF,OFF,OFF,
9/11/2025,19:54:35,30.003,78.304,14.18706,24.91789,18.10849,13.04032,20.29449,0.85378,An toan,An toan,"Nhi?t ?? 30.0?C, ?? ?m 78.3%, Kh? CO th?p (13.0 ppm), M?c ch?y: An to?n","Kh? CH4 (24.9 ppm), LPG (18.1 ppm), CO (13.0 ppm), M?c kh? gas: An to?n",Auto,OFF,OFF,OFF,OFF,
9/11/2025,19:56:53,29.487,72.61,15.85993,26.81943,19.90909,14.03699,19.65567,0.8144,An toan,An toan,"Nhi?t ?? 29.5?C, ?? ?m 72.6%, Kh? CO th?p (14.0 ppm), M?c ch?y: An to?n","Kh? CH4 (26.8 ppm), LPG (19.9 ppm), CO (14.0 ppm), M?c kh? gas: An to?n",Auto,OFF,OFF,OFF,OFF,
9/11/2025,19:57:11,29.268,76.538,15.83955,24.35619,19.03826,14.5339,27.94494,0.59284,An toan,An toan,"Nhi?t ?? 29.3?C, ?? ?m 76.5%, Kh? CO th?p (14.5 ppm), M?c ch?y: An to?n","Kh? CH4 (24.4 ppm), LPG (19.0 ppm), CO (14.5 ppm), M?c kh? gas: An to?n",Auto,OFF,OFF,OFF,OFF,
9/11/2025,19:57:17,30.139,75.354,14.42956,24.87976,17.40563,14.47053,29.26267,0.61253,An toan,An toan,"Nhi?t ?? 30.1?C, ?? ?m 75.4%, Kh? CO th?p (14.5 ppm), M?c ch?y: An to?n","Kh? CH4 (24.9 ppm), LPG (17.4 ppm), CO (14.5 ppm), M?c kh? gas: An to?n",Auto,OFF,OFF,OFF,OFF,
9/11/2025,20:08:06,30.406,69.573,14.06554,25.3833,18.20358,14.59156,29.3704,0.31358,An toan,An toan,"Nhi?t ?? 30.4?C, ?? ?m 69.6%, Kh? CO th?p (14.6 ppm), M?c ch?y: An to?n","Kh? CH4 (25.4 ppm), LPG (18.2 ppm), CO (14.6 ppm), M?c kh? gas: An to?n",Auto,OFF,OFF,OFF,OFF,
9/11/2025,20:11:23,29.406,72.473,14.71485,24.45921,18.88435,14.32994,22.29996,0.56669,An toan,An toan,"Nhi?t ?? 29.4?C, ?? ?m 72.5%, Kh? CO th?p (14.3 ppm), M?c ch?y: An to?n","Kh? CH4 (24.5 ppm), LPG (18.9 ppm), CO (14.3 ppm), M?c kh? gas: An to?n",Auto,OFF,OFF,OFF,OFF,
9/11/2025,20:13:23,30.215,78.991,15.39657,25.16929,19.78969,14.31591,20.78559,0.59336,An toan,An toan,"Nhi?t ?? 30.2?C, ?? ?m 79.0%, Kh? CO th?p (14.3 ppm), M?c ch?y: An to?n","Kh? CH4 (25.2 ppm), LPG (19.8 ppm), CO (14.3 ppm), M?c kh? gas: An to?n",Auto,OFF,OFF,OFF,OFF,
9/11/2025,20:14:16,30.099,76.424,15.62666,24.70737,18.51116,13.81339,18.14422,0.46149,An toan,An toan,"Nhi?t ?? 30.1?C, ?? ?m 76.4%, Kh? CO th?p (13.8 ppm), M?c ch?y: An to?n","Kh? CH4 (24.7 ppm), LPG (18.5 ppm), CO (13.8 ppm), M?c kh? gas: An to?n",Auto,OFF,OFF,OFF,OFF,
9/11/2025,20:14:18,30.657,71.111,15.31114,25.70758,17.87708,13.48939,13.62661,0.3896,An toan,An toan,"Nhi?t ?? 30.7?C, ?? ?m 71.1%, Kh? CO th?p (13.5 ppm), M?c ch?y: An to?n","Kh? CH4 (25.7 ppm), LPG (17.9 ppm), CO (13.5 ppm), M?c kh? gas: An to?n",Auto,OFF,OFF,OFF,OFF,
9/11/2025,20:16:14,29.389,71.746,15.58445,26.6599,17.7417,14.29389,25.26866,0.92998,An toan,An toan,"Nhi?t ?? 29.4?C, ?? ?m 71.7%, Kh? CO th?p (14.3 ppm), M?c ch?y: An to?n","Kh? CH4 (26.7 ppm), LPG (17.7 ppm), CO (14.3 ppm), M?c kh? gas: An to?n",Auto,OFF,OFF,OFF,OFF,
9/11/2025,20:18:28,29.066,79.341,15.96949,26.649,18.85363,13.76889,11.20079,0.91613,An toan,An toan,"Nhi?t ?? 29.1?C, ?? ?m 79.3%, Kh? CO th?p (13.8 ppm), M?c ch?y: An to?n","Kh? CH4 (26.6 ppm), LPG (18.9 ppm), CO (13.8 ppm), M?c kh? gas: An to?n",Auto,OFF,OFF,OFF,OFF,
9/11/2025,20:26:57,30.299,73.724,15.47428,25.68859,18.1712,13.56063,29.26149,0.48531,An toan,An toan,"Nhi?t ?? 30.3?C, ?? ?m 73.7%, Kh? CO th?p (13.6 ppm), M?c ch?y: An to?n","Kh? CH4 (25.7 ppm), LPG (18.2 ppm), CO (13.6 ppm), M?c kh? gas: An to?n",Auto,OFF,OFF,OFF,OFF,
9/11/2025,20:27:30,30.476,74.711,15.47648,26.9461,18.48341,13.25499,16.69087,0.42549,An toan,An toan,"Nhi?t ?? 30.5?C, ?? ?m 74.7%, Kh? CO th?p (13.3 ppm), M?c ch?y: An to?n","Kh? CH4 (26.9 ppm), LPG (18.5 ppm), CO (13.3 ppm), M?c kh? gas: An to?n",Auto,OFF,OFF,OFF,OFF,
9/11/2025,20:30:04,30.757,76.577,15.3407,25.08491,19.81451,14.52109,11.8279,0.93354,An toan,An toan,"Nhi?t ?? 30.8?C, ?? ?m 76.6%, Kh? CO th?p (14.5 ppm), M?c ch?y: An to?n","Kh? CH4 (25.1 ppm), LPG (19.8 ppm), CO (14.5 ppm), M?c kh? gas: An to?n",Auto,OFF,OFF,OFF,OFF,
9/11/2025,20:31:13,29.616,78.94,14.4054,25.48178,19.62977,14.54874,24.91607,0.23936,An toan,An toan,"Nhi?t ?? 29.6?C, ?? ?m 78.9%, Kh? CO th?p (14.5 ppm), M?c ch?y: An to?n","Kh? CH4 (25.5 ppm), LPG (19.6 ppm), CO (14.5 ppm), M?c kh? gas: An to?n",Auto,OFF,OFF,OFF,OFF,
9/11/2025,20:33:16,29.693,72.984,15.30471,26.14405,17.85172,14.30708,22.371,0.97792,An toan,An toan,"Nhi?t ?? 29.7?C, ?? ?m 73.0%, Kh? CO th?p (14.3 ppm), M?c ch?y: An to?n","Kh? CH4 (26.1 ppm), LPG (17.9 ppm), CO (14.3 ppm), M?c kh? gas: An to?n",Auto,OFF,OFF,OFF,OFF,
9/11/2025,20:36:41,30.887,76.285,14.36881,26.80141,18.25801,14.55193,11.04357,0.83175,An toan,An toan,"Nhi?t ?? 30.9?C, ?? ?m 76.3%, Kh? CO th?p (14.6 ppm), M?c ch?y: An to?n","Kh? CH4 (26.8 ppm), LPG (18.3 ppm), CO (14.6 ppm), M?c kh? gas: An to?n",Auto,OFF,OFF,OFF,OFF,
9/11/2025,20:39:13,29.655,73.314,14.82927,25.80803,17.61923,13.97823,29.64786,0.62532,An toan,An toan,"Nhi?t ?? 29.7?C, ?? ?m 73.3%, Kh? CO th?p (14.0 ppm), M?c ch?y: An to?n","Kh? CH4 (25.8 ppm), LPG (17.6 ppm), CO (14.0 ppm), M?c kh? gas: An to?n",Auto,OFF,OFF,OFF,OFF,
9/11/2025,20:41:03,29.08,78.968,14.1156,24.53965,17.07826,13.76893,16.19416,0.50262,An toan,An toan,"Nhi?t ?? 29.1?C, ?? ?m 79.0%, Kh? CO th?p (13.8 ppm), M?c ch?y: An to?n","Kh? CH4 (24.5 ppm), LPG (17.1 ppm), CO (13.8 ppm), M?c kh? gas: An to?n",Auto,OFF,OFF,OFF,OFF,
9/11/2025,20:45:46,30.5,69.86,14.01428,24.29102,17.59129,13.79947,13.22898,0.58356,An toan,An toan,"Nhi?t ?? 30.5?C, ?? ?m 69.9%, Kh? CO th?p (13.8 ppm), M?c ch?y: An to?n","Kh? CH4 (24.3 ppm), LPG (17.6 ppm), CO (13.8 ppm), M?c kh? gas: An to?n",Auto,OFF,OFF,OFF,OFF,
9/11/2025,20:47:13,29.766,70.398,14.7325,25.85387,19.06693,13.90581,13.33093,0.17064,An toan,An toan,"Nhi?t ?? 29.8?C, ?? ?m 70.4%, Kh? CO th?p (13.9 ppm), M?c ch?y: An to?n","Kh? CH4 (25.9 ppm), LPG (19.1 ppm), CO (13.9 ppm), M?c kh? gas: An to?n",Auto,OFF,OFF,OFF,OFF,
9/11/2025,20:47:24,30.41,73.82,15.17506,26.80856,17.88561,13.0893,28.84851,0.25208,An toan,An toan,"Nhi?t ?? 30.4?C, ?? ?m 73.8%, Kh? CO th?p (13.1 ppm), M?c ch?y: An to?n","Kh? CH4 (26.8 ppm), LPG (17.9 ppm), CO (13.1 ppm), M?c kh? gas: An to?n",Auto,OFF,OFF,OFF,OFF,
9/11/2025,20:48:28,29.107,69.86,15.98375,26.3608,19.32137,14.54827,29.63822,0.13922,An toan,An toan,"Nhi?t ?? 29.1?C, ?? ?m 69.9%, Kh? CO th?p (14.5 ppm), M?c ch?y: An to?n","Kh? CH4 (26.4 ppm), LPG (19.3 ppm), CO (14.5 ppm), M?c kh? gas: An to?n",Auto,OFF,OFF,OFF,OFF,
9/11/2025,20:53:13,30.577,76.203,15.56314,25.1198,17.04102,14.79195,14.84491,0.98805,An toan,An toan,"Nhi?t ?? 30.6?C, ?? ?m 76.2%, Kh? CO th?p (14.8 ppm), M?c ch?y: An to?n","Kh? CH4 (25.1 ppm), LPG (17.0 ppm), CO (14.8 ppm), M?c kh? gas: An to?n",Auto,OFF,OFF,OFF,OFF,
9/11/2025,21:00:42,30.527,79.017,14.35714,24.18116,18.11251,13.614,21.66015,0.57011,An toan,An toan,"Nhi?t ?? 30.5?C, ?? ?m 79.0%, Kh? CO th?p (13.6 ppm), M?c ch?y: An to?n","Kh? CH4 (24.2 ppm), LPG (18.1 ppm), CO (13.6 ppm), M?c kh? gas: An to?n",Auto,OFF,OFF,OFF,OFF,
9/11/2025,21:01:16,29.25,79.874,15.48775,25.05014,19.27189,13.2233,23.57894,0.43148,An toan,An toan,"Nhi?t ?? 29.2?C, ?? ?m 79.9%, Kh? CO th?p (13.2 ppm), M?c ch?y: An to?n","Kh? CH4 (25.1 ppm), LPG (19.3 ppm), CO (13.2 ppm), M?c kh? gas: An to?n",Auto,OFF,OFF,OFF,OFF,
9/11/2025,21:02:38,30.667,77.065,15.01853,26.37712,17.76596,14.91743,26.72111,0.52053,An toan,An toan,"Nhi?t ?? 30.7?C, ?? ?m 77.1%, Kh? CO th?p (14.9 ppm), M?c ch?y: An to?n","Kh? CH4 (26.4 ppm), LPG (17.8 ppm), CO (14.9 ppm), M?c kh? gas: An to?n",Auto,OFF,OFF,OFF,OFF,
9/11/2025,21:06:49,30.475,75.319,15.31666,25.28385,18.94352,13.0415,26.84146,0.76089,An toan,An toan,"Nhi?t ?? 30.5?C, ?? ?m 75.3%, Kh? CO th?p (13.0 ppm), M?c ch?y: An to?n","Kh? CH4 (25.3 ppm), LPG (18.9 ppm), CO (13.0 ppm), M?c kh? gas: An to?n",Auto,OFF,OFF,OFF,OFF,
9/11/2025,21:07:37,29.449,74.542,14.12011,26.68312,17.30795,14.82278,23.11638,0.58583,An toan,An toan,"Nhi?t ?? 29.4?C, ?? ?m 74.5%, Kh? CO th?p (14.8 ppm), M?c ch?y: An to?n","Kh? CH4 (26.7 ppm), LPG (17.3 ppm), CO (14.8 ppm), M?c kh? gas: An to?n",Auto,OFF,OFF,OFF,OFF,
9/11/2025,21:08:12,29.517,71.544,15.87281,25.26085,18.27864,13.14412,29.1348,0.70303,An toan,An toan,"Nhi?t ?? 29.5?C, ?? ?m 71.5%, Kh? CO th?p (13.1 ppm), M?c ch?y: An to?n","Kh? CH4 (25.3 ppm), LPG (18.3 ppm), CO (13.1 ppm), M?c kh? gas: An to?n",Auto,OFF,OFF,OFF,OFF,
9/11/2025,21:08:56,30.488,74.532,15.79692,26.22326,18.73206,13.32887,24.37721,0.73788,An toan,An toan,"Nhi?t ?? 30.5?C, ?? ?m 74.5%, Kh? CO th?p (13.3 ppm), M?c ch?y: An to?n","Kh? CH4 (26.2 ppm), LPG (18.7 ppm), CO (13.3 ppm), M?c kh? gas: An to?n",Auto,OFF,OFF,OFF,OFF,
9/11/2025,21:09:14,30.809,73.42,14.57866,24.18506,19.02898,14.46039,17.2591,0.32239,An toan,An toan,"Nhi?t ?? 30.8?C, ?? ?m 73.4%, Kh? CO th?p (14.5 ppm), M?c ch?y: An to?n","Kh? CH4 (24.2 ppm), LPG (19.0 ppm), CO (14.5 ppm), M?c kh? gas: An to?n",Auto,OFF,OFF,OFF,OFF,
9/11/2025,21:10:11,30.234,77.35,15.09907,24.9503,18.32472,13.26011,16.55929,0.27708,An toan,An toan,"Nhi?t ?? 30.2?C, ?? ?m 77.4%, Kh? CO th?p (13.3 ppm), M?c ch?y: An to?n","Kh? CH4 (25.0 ppm), LPG (18.3 ppm), CO (13.3 ppm), M?c kh? gas: An to?n",Auto,OFF,OFF,OFF,OFF,
9/11/2025,21:11:33,29.022,76.144,15.81821,24.80649,19.37692,14.53803,19.13701,0.12754,An toan,An toan,"Nhi?t ?? 29.0?C, ?? ?m 76.1%, Kh? CO th?p (14.5 ppm), M?c ch?y: An to?n","Kh? CH4 (24.8 ppm), LPG (19.4 ppm), CO (14.5 ppm), M?c kh? gas: An to?n",Auto,OFF,OFF,OFF,OFF,
9/11/2025,21:12:12,30.283,70.111,14.48826,25.56367,18.91561,13.05626,28.79055,0.93856,An toan,An toan,"Nhi?t ?? 30.3?C, ?? ?m 70.1%, Kh? CO th?p (13.1 ppm), M?c ch?y: An to?n","Kh? CH4 (25.6 ppm), LPG (18.9 ppm), CO (13.1 ppm), M?c kh? gas: An to?n",Auto,OFF,OFF,OFF,OFF,
9/11/2025,21:13:14,29.742,79.831,14.01994,26.97037,17.72297,14.11357,18.23322,0.85582,An toan,An toan,"Nhi?t ?? 29.7?C, ?? ?m 79.8%, Kh? CO th?p (14.1 ppm), M?c ch?y: An to?n","Kh? CH4 (27.0 ppm), LPG (17.7 ppm), CO (14.1 ppm), M?c kh? gas: An to?n",Auto,OFF,OFF,OFF,OFF,
9/11/2025,21:14:56,29.417,72.055,15.848,25.2694,19.60568,14.3138,27.35746,0.74822,An toan,An toan,"Nhi?t ?? 29.4?C, ?? ?m 72.1%, Kh? CO th?p (14.3 ppm), M?c ch?y: An to?n","Kh? CH4 (25.3 ppm), LPG (19.6 ppm), CO (14.3 ppm), M?c kh? gas: An to?n",Auto,OFF,OFF,OFF,OFF,
9/11/2025,21:17:08,29.403,74.855,15.82887,25.47662,18.64406,13.62534,22.16887,0.31251,An toan,An toan,"Nhi?t ?? 29.4?C, ?? ?m 74.9%, Kh? CO th?p (13.6 ppm), M?c ch?y: An to?n","Kh? CH4 (25.5 ppm), LPG (18.6 ppm), CO (13.6 ppm), M?c kh? gas: An to?n",Auto,OFF,OFF,OFF,OFF,
9/11/2025,21:24:05,29.412,76.693,14.01517,25.21169,17.99135,13.96255,29.43991,0.47514,An toan,An toan,"Nhi?t ?? 29.4?C, ?? ?m 76.7%, Kh? CO th?p (14.0 ppm), M?c ch?y: An to?n","Kh? CH4 (25.2 ppm), LPG (18.0 ppm), CO (14.0 ppm), M?c kh? gas: An to?n",Auto,OFF,OFF,OFF,OFF,
9/11/2025,21:24:20,29.909,72.566,14.97696,24.29157,17.33398,14.2897,27.52706,0.34079,An toan,An toan,"Nhi?t ?? 29.9?C, ?? ?m 72.6%, Kh? CO th?p (14.3 ppm), M?c ch?y: An to?n","Kh? CH4 (24.3 ppm), LPG (17.3 ppm), CO (14.3 ppm), M?c kh? gas: An to?n",Auto,OFF,OFF,OFF,OFF,
9/11/2025,21:36:54,29.583,75.106,14.21767,24.41773,17.43808,13.51132,18.39156,0.3134,An toan,An toan,"Nhi?t ?? 29.6?C, ?? ?m 75.1%, Kh? CO th?p (13.5 ppm), M?c ch?y: An to?n","Kh? CH4 (24.4 ppm), LPG (17.4 ppm), CO (13.5 ppm), M?c kh? gas: An to?n",Auto,OFF,OFF,OFF,OFF,
9/11/2025,21:46:57,29.533,77.379,14.32376,25.13836,18.13343,14.3578,14.74449,0.61569,An toan,An toan,"Nhi?t ?? 29.5?C, ?? ?m 77.4%, Kh? CO th?p (14.4 ppm), M?c ch?y: An to?n","Kh? CH4 (25.1 ppm), LPG (18.1 ppm), CO (14.4 ppm), M?c kh? gas: An to?n",Auto,OFF,OFF,OFF,OFF,
9/11/2025,21:48:55,30.827,73.959,15.10035,26.16876,17.26024,13.04879,24.37476,0.36126,An toan,An toan,"Nhi?t ?? 30.8?C, ?? ?m 74.0%, Kh? CO th?p (13.0 ppm), M?c ch?y: An to?n","Kh? CH4 (26.2 ppm), LPG (17.3 ppm), CO (13.0 ppm), M?c kh? gas: An to?n",Auto,OFF,OFF,OFF,OFF,
9/11/2025,21:52:01,30.128,79.191,15.08757,25.91134,19.39811,13.46265,29.48812,0.84091,An toan,An toan,"Nhi?t ?? 30.1?C, ?? ?m 79.2%, Kh? CO th?p (13.5 ppm), M?c ch?y: An to?n","Kh? CH4 (25.9 ppm), LPG (19.4 ppm), CO (13.5 ppm), M?c kh? gas: An to?n",Auto,OFF,OFF,OFF,OFF,
9/11/2025,22:03:55,29.358,71.758,14.04936,26.84935,17.2791,13.16166,16.42556,0.71837,An toan,An toan,"Nhi?t ?? 29.4?C, ?? ?m 71.8%, Kh? CO th?p (13.2 ppm), M?c ch?y: An to?n","Kh? CH4 (26.8 ppm), LPG (17.3 ppm), CO (13.2 ppm), M?c kh? gas: An to?n",Auto,OFF,OFF,OFF,OFF,
9/11/2025,22:05:02,29.254,72.902,14.29821,25.05542,17.52194,13.34705,22.09323,0.53697,An toan,An toan,"Nhi?t ?? 29.3?C, ?? ?m 72.9%, Kh? CO th?p (13.3 ppm), M?c ch?y: An to?n","Kh? CH4 (25.1 ppm), LPG (17.5 ppm), CO (13.3 ppm), M?c kh? gas: An to?n",Auto,OFF,OFF,OFF,OFF,
9/11/2025,22:08:50,30.033,76.816,15.00572,24.64627,19.97325,14.15298,25.43053,0.97612,An toan,An toan,"Nhi?t ?? 30.0?C, ?? ?m 76.8%, Kh? CO th?p (14.2 ppm), M?c ch?y: An to?n","Kh? CH4 (24.6 ppm), LPG (20.0 ppm), CO (14.2 ppm), M?c kh? gas: An to?n",Auto,OFF,OFF,OFF,OFF,
9/11/2025,22:17:44,29.321,69.772,14.54599,26.09239,19.10882,13.08313,20.18783,0.24639,An toan,An toan,"Nhi?t ?? 29.3?C, ?? ?m 69.8%, Kh? CO th?p (13.1 ppm), M?c ch?y: An to?n","Kh? CH4 (26.1 ppm), LPG (19.1 ppm), CO (13.1 ppm), M?c kh? gas: An to?n",Auto,OFF,OFF,OFF,OFF,
9/11/2025,22:19:11,29.391,73.056,14.97726,25.183,17.36323,13.51624,29.82282,0.85581,An toan,An toan,"Nhi?t ?? 29.4?C, ?? ?m 73.1%, Kh? CO th?p (13.5 ppm), M?c ch?y: An to?n","Kh? CH4 (25.2 ppm), LPG (17.4 ppm), CO (13.5 ppm), M?c kh? gas: An to?n",Auto,OFF,OFF,OFF,OFF,
9/11/2025,22:19:30,29.848,73.24,14.52454,24.10904,17.83585,14.40575,29.66408,0.84569,An toan,An toan,"Nhi?t ?? 29.8?C, ?? ?m 73.2%, Kh? CO th?p (14.4 ppm), M?c ch?y: An to?n","Kh? CH4 (24.1 ppm), LPG (17.8 ppm), CO (14.4 ppm), M?c kh? gas: An to?n",Auto,OFF,OFF,OFF,OFF,
9/11/2025,22:25:49,29.636,71.035,14.29845,24.59448,18.55728,14.09658,18.63695,0.90336,An toan,An toan,"Nhi?t ?? 29.6?C, ?? ?m 71.0%, Kh? CO th?p (14.1 ppm), M?c ch?y: An to?n","Kh? CH4 (24.6 ppm), LPG (18.6 ppm), CO (14.1 ppm), M?c kh? gas: An to?n",Auto,OFF,OFF,OFF,OFF,
9/11/2025,22:27:59,29.675,71.631,15.20523,25.08007,17.46123,13.85881,11.13078,0.66265,An toan,An toan,"Nhi?t ?? 29.7?C, ?? ?m 71.6%, Kh? CO th?p (13.9 ppm), M?c ch?y: An to?n","Kh? CH4 (25.1 ppm), LPG (17.5 ppm), CO (13.9 ppm), M?c kh? gas: An to?n",Auto,OFF,OFF,OFF,OFF,
9/11/2025,22:29:01,30.642,70.589,14.53926,24.55673,19.9462,13.45006,18.27896,0.22246,An toan,An toan,"Nhi?t ?? 30.6?C, ?? ?m 70.6%, Kh? CO th?p (13.5 ppm), M?c ch?y: An to?n","Kh? CH4 (24.6 ppm), LPG (19.9 ppm), CO (13.5 ppm), M?c kh? gas: An to?n",Auto,OFF,OFF,OFF,OFF,
9/11/2025,22:31:10,29.489,77.641,14.281,24.48482,19.08906,13.82139,17.1947,0.76123,An toan,An toan,"Nhi?t ?? 29.5?C, ?? ?m 77.6%, Kh? CO th?p (13.8 ppm), M?c ch?y: An to?n","Kh? CH4 (24.5 ppm), LPG (19.1 ppm), CO (13.8 ppm), M?c kh? gas: An to?n",Auto,OFF,OFF,OFF,OFF,
9/11/2025,22:34:54,30.813,79.694,15.68233,25.08974,17.14255,14.13505,11.43873,0.404,An toan,An toan,"Nhi?t ?? 30.8?C, ?? ?m 79.7%, Kh? CO th?p (14.1 ppm), M?c ch?y: An to?n","Kh? CH4 (25.1 ppm), LPG (17.1 ppm), CO (14.1 ppm), M?c kh? gas: An to?n",Auto,OFF,OFF,OFF,OFF,
9/11/2025,22:34:57,29.619,73.192,15.18248,25.48336,17.01385,13.14184,25.82815,0.11013,An toan,An toan,"Nhi?t ?? 29.6?C, ?? ?m 73.2%, Kh? CO th?p (13.1 ppm), M?c ch?y: An to?n","Kh? CH4 (25.5 ppm), LPG (17.0 ppm), CO (13.1 ppm), M?c kh? gas: An to?n",Auto,OFF,OFF,OFF,OFF,
9/11/2025,22:36:42,29.564,77.634,15.75728,24.28268,17.44637,13.41492,21.04413,0.74647,An toan,An toan,"Nhi?t ?? 29.6?C, ?? ?m 77.6%, Kh? CO th?p (13.4 ppm), M?c ch?y: An to?n","Kh? CH4 (24.3 ppm), LPG (17.4 ppm), CO (13.4 ppm), M?c kh? gas: An to?n",Auto,OFF,OFF,OFF,OFF,
9/11/2025,22:37:19,30.646,71.486,14.31131,26.98269,18.22256,13.73114,27.2456,0.25443,An toan,An toan,"Nhi?t ?? 30.6?C, ?? ?m 71.5%, Kh? CO th?p (13.7 ppm), M?c ch?y: An to?n","Kh? CH4 (27.0 ppm), LPG (18.2 ppm), CO (13.7 ppm), M?c kh? gas: An to?n",Auto,OFF,OFF,OFF,OFF,
9/11/2025,22:38:20,30.011,70.816,15.40777,26.51325,17.07219,13.46913,26.16299,0.67901,An toan,An toan,"Nhi?t ?? 30.0?C, ?? ?m 70.8%, Kh? CO th?p (13.5 ppm), M?c ch?y: An to?n","Kh? CH4 (26.5 ppm), LPG (17.1 ppm), CO (13.5 ppm), M?c kh? gas: An to?n",Auto,OFF,OFF,OFF,OFF,
9/11/2025,22:38:48,29.221,75.994,14.28644,25.89656,17.30222,14.71843,21.30421,0.42531,An toan,An toan,"Nhi?t ?? 29.2?C, ?? ?m 76.0%, Kh? CO th?p (14.7 ppm), M?c ch?y: An to?n","Kh? CH4 (25.9 ppm), LPG (17.3 ppm), CO (14.7 ppm), M?c kh? gas: An to?n",Auto,OFF,OFF,OFF,OFF,
9/11/2025,22:43:04,30.626,71.695,14.61988,24.67437,18.37202,13.13721,10.43399,0.79853,An toan,An toan,"Nhi?t ?? 30.6?C, ?? ?m 71.7%, Kh? CO th?p (13.1 ppm), M?c ch?y: An to?n","Kh? CH4 (24.7 ppm), LPG (18.4 ppm), CO (13.1 ppm), M?c kh? gas: An to?n",Auto,OFF,OFF,OFF,OFF,
9/11/2025,22:48:40,30.384,74.907,15.10876,25.64633,19.15466,14.99031,13.19811,0.83259,An toan,An toan,"Nhi?t ?? 30.4?C, ?? ?m 74.9%, Kh? CO th?p (15.0 ppm), M?c ch?y: An to?n","Kh? CH4 (25.6 ppm), LPG (19.2 ppm), CO (15.0 ppm), M?c kh? gas: An to?n",Auto,OFF,OFF,OFF,OFF,
9/11/2025,22:51:07,29.824,74.06,14.27941,24.62515,17.17164,14.34197,24.57077,0.14267,An toan,An toan,"Nhi?t ?? 29.8?C, ?? ?m 74.1%, Kh? CO th?p (14.3 ppm), M?c ch?y: An to?n","Kh? CH4 (24.6 ppm), LPG (17.2 ppm), CO (14.3 ppm), M?c kh? gas: An to?n",Auto,OFF,OFF,OFF,OFF,
9/11/2025,22:55:40,30.057,72.033,14.02291,25.38392,18.38249,14.61913,25.01634,0.14773,An toan,An toan,"Nhi?t ?? 30.1?C, ?? ?m 72.0%, Kh? CO th?p (14.6 ppm), M?c ch?y: An to?n","Kh? CH4 (25.4 ppm), LPG (18.4 ppm), CO (14.6 ppm), M?c kh? gas: An to?n",Auto,OFF,OFF,OFF,OFF,
9/11/2025,23:01:26,29.906,71.009,14.47868,24.79042,19.51307,14.35024,27.46778,0.8813,An toan,An toan,"Nhi?t ?? 29.9?C, ?? ?m 71.0%, Kh? CO th?p (14.4 ppm), M?c ch?y: An to?n","Kh? CH4 (24.8 ppm), LPG (19.5 ppm), CO (14.4 ppm), M?c kh? gas: An to?n",Auto,OFF,OFF,OFF,OFF,
9/11/2025,23:02:47,29.366,77.069,15.85055,25.19466,17.45154,13.15622,22.24663,0.36953,An toan,An toan,"Nhi?t ?? 29.4?C, ?? ?m 77.1%, Kh? CO th?p (13.2 ppm), M?c ch?y: An to?n","Kh? CH4 (25.2 ppm), LPG (17.5 ppm), CO (13.2 ppm), M?c kh? gas: An to?n",Auto,OFF,OFF,OFF,OFF,
9/11/2025,23:03:28,30.672,70.33,14.62222,25.68814,18.95206,13.32946,14.82894,0.16138,An toan,An toan,"Nhi?t ?? 30.7?C, ?? ?m 70.3%, Kh? CO th?p (13.3 ppm), M?c ch?y: An to?n","Kh? CH4 (25.7 ppm), LPG (19.0 ppm), CO (13.3 ppm), M?c kh? gas: An to?n",Auto,OFF,OFF,OFF,OFF,
9/11/2025,23:06:08,29.991,69.288,15.82731,25.77921,17.51196,13.37791,18.78807,0.38345,An toan,An toan,"Nhi?t ?? 30.0?C, ?? ?m 69.3%, Kh? CO th?p (13.4 ppm), M?c ch?y: An to?n","Kh? CH4 (25.8 ppm), LPG (17.5 ppm), CO (13.4 ppm), M?c kh? gas: An to?n",Auto,OFF,OFF,OFF,OFF,
9/11/2025,23:13:21,30.61,76.566,15.17847,24.48669,18.53556,14.15489,20.70614,0.34738,An toan,An toan,"Nhi?t ?? 30.6?C, ?? ?m 76.6%, Kh? CO th?p (14.2 ppm), M?c ch?y: An to?n","Kh? CH4 (24.5 ppm), LPG (18.5 ppm), CO (14.2 ppm), M?c kh? gas: An to?n",Auto,OFF,OFF,OFF,OFF,
9/11/2025,23:15:41,30.973,72.073,15.70424,24.80914,19.83437,14.67648,23.31797,0.47671,An toan,An toan,"Nhi?t ?? 31.0?C, ?? ?m 72.1%, Kh? CO th?p (14.7 ppm), M?c ch?y: An to?n","Kh? CH4 (24.8 ppm), LPG (19.8 ppm), CO (14.7 ppm), M?c kh? gas: An to?n",Auto,OFF,OFF,OFF,OFF,
9/11/2025,23:16:55,30.159,69.772,15.19574,24.76216,18.03713,13.11053,22.11113,0.64966,An toan,An toan,"Nhi?t ?? 30.2?C, ?? ?m 69.8%, Kh? CO th?p (13.1 ppm), M?c ch?y: An to?n","Kh? CH4 (24.8 ppm), LPG (18.0 ppm), CO (13.1 ppm), M?c kh? gas: An to?n",Auto,OFF,OFF,OFF,OFF,
9/11/2025,23:18:35,29.788,76.916,14.9054,24.28305,17.60444,13.059,16.12223,0.25864,An toan,An toan,"Nhi?t ?? 29.8?C, ?? ?m 76.9%, Kh? CO th?p (13.1 ppm), M?c ch?y: An to?n","Kh? CH4 (24.3 ppm), LPG (17.6 ppm), CO (13.1 ppm), M?c kh? gas: An to?n",Auto,OFF,OFF,OFF,OFF,
9/11/2025,23:19:28,30.021,76.464,15.2095,26.44503,18.17174,13.59945,16.12725,0.87275,An toan,An toan,"Nhi?t ?? 30.0?C, ?? ?m 76.5%, Kh? CO th?p (13.6 ppm), M?c ch?y: An to?n","Kh? CH4 (26.4 ppm), LPG (18.2 ppm), CO (13.6 ppm), M?c kh? gas: An to?n",Auto,OFF,OFF,OFF,OFF,
9/11/2025,23:24:45,30.226,75.79,15.48338,24.81144,19.661,13.94096,24.32982,0.6957,An toan,An toan,"Nhi?t ?? 30.2?C, ?? ?m 75.8%, Kh? CO th?p (13.9 ppm), M?c ch?y: An to?n","Kh? CH4 (24.8 ppm), LPG (19.7 ppm), CO (13.9 ppm), M?c kh? gas: An to?n",Auto,OFF,OFF,OFF,OFF,
9/11/2025,23:26:46,30.86,75.484,14.72786,25.53665,17.33527,13.38804,25.08529,0.77503,An toan,An toan,"Nhi?t ?? 30.9?C, ?? ?m 75.5%, Kh? CO th?p (13.4 ppm), M?c ch?y: An to?n","Kh? CH4 (25.5 ppm), LPG (17.3 ppm), CO (13.4 ppm), M?c kh? gas: An to?n",Auto,OFF,OFF,OFF,OFF,
9/11/2025,23:26:59,29.057,73.371,14.54891,24.07652,19.18872,14.2612,13.81369,0.62614,An toan,An toan,"Nhi?t ?? 29.1?C, ?? ?m 73.4%, Kh? CO th?p (14.3 ppm), M?c ch?y: An to?n","Kh? CH4 (24.1 ppm), LPG (19.2 ppm), CO (14.3 ppm), M?c kh? gas: An to?n",Auto,OFF,OFF,OFF,OFF,
9/11/2025,23:28:02,29.086,71.607,14.35804,26.96383,18.42716,14.73532,29.62888,0.36828,An toan,An toan,"Nhi?t ?? 29.1?C, ?? ?m 71.6%, Kh? CO th?p (14.7 ppm), M?c ch?y: An to?n","Kh? CH4 (27.0 ppm), LPG (18.4 ppm), CO (14.7 ppm), M?c kh? gas: An to?n",Auto,OFF,OFF,OFF,OFF,
9/11/2025,23:28:40,30.393,75.635,14.43036,24.55897,18.93899,14.95274,25.78658,0.71099,An toan,An toan,"Nhi?t ?? 30.4?C, ?? ?m 75.6%, Kh? CO th?p (15.0 ppm), M?c ch?y: An to?n","Kh? CH4 (24.6 ppm), LPG (18.9 ppm), CO (15.0 ppm), M?c kh? gas: An to?n",Auto,OFF,OFF,OFF,OFF,
9/11/2025,23:30:07,29.093,78.447,14.05013,26.27059,17.72751,13.68691,28.24604,0.50343,An toan,An toan,"Nhi?t ?? 29.1?C, ?? ?m 78.4%, Kh? CO th?p (13.7 ppm), M?c ch?y: An to?n","Kh? CH4 (26.3 ppm), LPG (17.7 ppm), CO (13.7 ppm), M?c kh? gas: An to?n",Auto,OFF,OFF,OFF,OFF,
9/11/2025,23:41:11,30.982,79.551,14.70229,25.4427,18.65647,13.96243,13.45629,0.93505,An toan,An toan,"Nhi?t ?? 31.0?C, ?? ?m 79.6%, Kh? CO th?p (14.0 ppm), M?c ch?y: An to?n","Kh? CH4 (25.4 ppm), LPG (18.7 ppm), CO (14.0 ppm), M?c kh? gas: An to?n",Auto,OFF,OFF,OFF,OFF,
9/11/2025,23:47:43,29.136,74.265,15.18469,26.33731,18.00123,14.52125,23.56775,0.86619,An toan,An toan,"Nhi?t ?? 29.1?C, ?? ?m 74.3%, Kh? CO th?p (14.5 ppm), M?c ch?y: An to?n","Kh? CH4 (26.3 ppm), LPG (18.0 ppm), CO (14.5 ppm), M?c kh? gas: An to?n",Auto,OFF,OFF,OFF,OFF,
9/11/2025,23:50:35,29.597,72.13,15.45177,25.7329,19.34966,14.71923,10.76274,0.75221,An toan,An toan,"Nhi?t ?? 29.6?C, ?? ?m 72.1%, Kh? CO th?p (14.7 ppm), M?c ch?y: An to?n","Kh? CH4 (25.7 ppm), LPG (19.3 ppm), CO (14.7 ppm), M?c kh? gas: An to?n",Auto,OFF,OFF,OFF,OFF,
9/11/2025,23:53:09,29.87,79.358,15.57347,24.40845,18.91313,14.89637,10.59615,0.4044,An toan,An toan,"Nhi?t ?? 29.9?C, ?? ?m 79.4%, Kh? CO th?p (14.9 ppm), M?c ch?y: An to?n","Kh? CH4 (24.4 ppm), LPG (18.9 ppm), CO (14.9 ppm), M?c kh? gas: An to?n",Auto,OFF,OFF,OFF,OFF,
9/11/2025,23:54:04,29.737,78.223,14.33188,24.9303,19.97057,14.08642,28.11604,0.50547,An toan,An toan,"Nhi?t ?? 29.7?C, ?? ?m 78.2%, Kh? CO th?p (14.1 ppm), M?c ch?y: An to?n","Kh? CH4 (24.9 ppm), LPG (20.0 ppm), CO (14.1 ppm), M?c kh? gas: An to?n",Auto,OFF,OFF,OFF,OFF,
